,UNRATE,PAYEMS,CIVPART,CPIAUCSL,CPILFESL,PCEPI,PCEPILFE
2021-09-24 00:00:00,,,,,,,
2021-09-24 04:00:00,,,,,,,
2021-09-25 00:00:00,,,,,,,
2021-09-26 00:00:00,,,,,,,
2021-09-27 00:00:00,,,,,,,
2021-09-27 04:00:00,,,,,,,
2021-09-28 00:00:00,,,,,,,
2021-09-28 04:00:00,,,,,,,
2021-09-29 00:00:00,,,,,,,
2021-09-29 04:00:00,,,,,,,
2021-09-30 00:00:00,,,,,,,
2021-09-30 04:00:00,,,,,,,
2021-10-01 00:00:00,4.5,148569.0,61.8,276.528,281.649,110.741,110.184
2021-10-01 04:00:00,,,,,,,
2021-10-02 00:00:00,,,,,,,
2021-10-03 00:00:00,,,,,,,
2021-10-04 00:00:00,,,,,,,
2021-10-04 04:00:00,,,,,,,
2021-10-05 00:00:00,,,,,,,
2021-10-05 04:00:00,,,,,,,
2021-10-06 00:00:00,,,,,,,
2021-10-06 04:00:00,,,,,,,
2021-10-07 00:00:00,,,,,,,
2021-10-07 04:00:00,,,,,,,
2021-10-08 00:00:00,,,,,,,
2021-10-08 04:00:00,,,,,,,
2021-10-09 00:00:00,,,,,,,
2021-10-10 00:00:00,,,,,,,
2021-10-11 00:00:00,,,,,,,
2021-10-11 04:00:00,,,,,,,
2021-10-12 00:00:00,,,,,,,
2021-10-12 04:00:00,,,,,,,
2021-10-13 00:00:00,,,,,,,
2021-10-13 04:00:00,,,,,,,
2021-10-14 00:00:00,,,,,,,
2021-10-14 04:00:00,,,,,,,
2021-10-15 00:00:00,,,,,,,
2021-10-15 04:00:00,,,,,,,
2021-10-16 00:00:00,,,,,,,
2021-10-17 00:00:00,,,,,,,
2021-10-18 00:00:00,,,,,,,
2021-10-18 04:00:00,,,,,,,
2021-10-19 00:00:00,,,,,,,
2021-10-19 04:00:00,,,,,,,
2021-10-20 00:00:00,,,,,,,
2021-10-20 04:00:00,,,,,,,
2021-10-21 00:00:00,,,,,,,
2021-10-21 04:00:00,,,,,,,
2021-10-22 00:00:00,,,,,,,
2021-10-22 04:00:00,,,,,,,
2021-10-23 00:00:00,,,,,,,
2021-10-24 00:00:00,,,,,,,
2021-10-25 00:00:00,,,,,,,
2021-10-25 04:00:00,,,,,,,
2021-10-26 00:00:00,,,,,,,
2021-10-26 04:00:00,,,,,,,
2021-10-27 00:00:00,,,,,,,
2021-10-27 04:00:00,,,,,,,
2021-10-28 00:00:00,,,,,,,
2021-10-28 04:00:00,,,,,,,
2021-10-29 00:00:00,,,,,,,
2021-10-29 04:00:00,,,,,,,
2021-10-30 00:00:00,,,,,,,
2021-10-31 00:00:00,,,,,,,
2021-11-01 00:00:00,4.2,149206.0,61.9,278.824,283.411,111.51,110.792
2021-11-01 04:00:00,,,,,,,
2021-11-02 00:00:00,,,,,,,
2021-11-02 04:00:00,,,,,,,
2021-11-03 00:00:00,,,,,,,
2021-11-03 04:00:00,,,,,,,
2021-11-04 00:00:00,,,,,,,
2021-11-04 04:00:00,,,,,,,
2021-11-05 00:00:00,,,,,,,
2021-11-05 04:00:00,,,,,,,
2021-11-06 00:00:00,,,,,,,
2021-11-07 00:00:00,,,,,,,
2021-11-08 00:00:00,,,,,,,
2021-11-08 05:00:00,,,,,,,
2021-11-09 00:00:00,,,,,,,
2021-11-09 05:00:00,,,,,,,
2021-11-10 00:00:00,,,,,,,
2021-11-10 05:00:00,,,,,,,
2021-11-11 00:00:00,,,,,,,
2021-11-11 05:00:00,,,,,,,
2021-11-12 00:00:00,,,,,,,
2021-11-12 05:00:00,,,,,,,
2021-11-13 00:00:00,,,,,,,
2021-11-14 00:00:00,,,,,,,
2021-11-15 00:00:00,,,,,,,
2021-11-15 05:00:00,,,,,,,
2021-11-16 00:00:00,,,,,,,
2021-11-16 05:00:00,,,,,,,
2021-11-17 00:00:00,,,,,,,
2021-11-17 05:00:00,,,,,,,
2021-11-18 00:00:00,,,,,,,
2021-11-18 05:00:00,,,,,,,
2021-11-19 00:00:00,,,,,,,
2021-11-19 05:00:00,,,,,,,
2021-11-20 00:00:00,,,,,,,
2021-11-21 00:00:00,,,,,,,
2021-11-22 00:00:00,,,,,,,
2021-11-22 05:00:00,,,,,,,
2021-11-23 00:00:00,,,,,,,
2021-11-23 05:00:00,,,,,,,
2021-11-24 00:00:00,,,,,,,
2021-11-24 05:00:00,,,,,,,
2021-11-25 00:00:00,,,,,,,
2021-11-26 00:00:00,,,,,,,
2021-11-26 05:00:00,,,,,,,
2021-11-27 00:00:00,,,,,,,
2021-11-28 00:00:00,,,,,,,
2021-11-29 00:00:00,,,,,,,
2021-11-29 05:00:00,,,,,,,
2021-11-30 00:00:00,,,,,,,
2021-11-30 05:00:00,,,,,,,
2021-12-01 00:00:00,3.9,149781.0,62.0,280.806,285.221,112.221,111.458
2021-12-01 05:00:00,,,,,,,
2021-12-02 00:00:00,,,,,,,
2021-12-02 05:00:00,,,,,,,
2021-12-03 00:00:00,,,,,,,
2021-12-03 05:00:00,,,,,,,
2021-12-04 00:00:00,,,,,,,
2021-12-05 00:00:00,,,,,,,
2021-12-06 00:00:00,,,,,,,
2021-12-06 05:00:00,,,,,,,
2021-12-07 00:00:00,,,,,,,
2021-12-07 05:00:00,,,,,,,
2021-12-08 00:00:00,,,,,,,
2021-12-08 05:00:00,,,,,,,
2021-12-09 00:00:00,,,,,,,
2021-12-09 05:00:00,,,,,,,
2021-12-10 00:00:00,,,,,,,
2021-12-10 05:00:00,,,,,,,
2021-12-11 00:00:00,,,,,,,
2021-12-12 00:00:00,,,,,,,
2021-12-13 00:00:00,,,,,,,
2021-12-13 05:00:00,,,,,,,
2021-12-14 00:00:00,,,,,,,
2021-12-14 05:00:00,,,,,,,
2021-12-15 00:00:00,,,,,,,
2021-12-15 05:00:00,,,,,,,
2021-12-16 00:00:00,,,,,,,
2021-12-16 05:00:00,,,,,,,
2021-12-17 00:00:00,,,,,,,
2021-12-17 05:00:00,,,,,,,
2021-12-18 00:00:00,,,,,,,
2021-12-19 00:00:00,,,,,,,
2021-12-20 00:00:00,,,,,,,
2021-12-20 05:00:00,,,,,,,
2021-12-21 00:00:00,,,,,,,
2021-12-21 05:00:00,,,,,,,
2021-12-22 00:00:00,,,,,,,
2021-12-22 05:00:00,,,,,,,
2021-12-23 00:00:00,,,,,,,
2021-12-23 05:00:00,,,,,,,
2021-12-24 00:00:00,,,,,,,
2021-12-25 00:00:00,,,,,,,
2021-12-26 00:00:00,,,,,,,
2021-12-27 00:00:00,,,,,,,
2021-12-27 05:00:00,,,,,,,
2021-12-28 00:00:00,,,,,,,
2021-12-28 05:00:00,,,,,,,
2021-12-29 00:00:00,,,,,,,
2021-12-29 05:00:00,,,,,,,
2021-12-30 00:00:00,,,,,,,
2021-12-30 05:00:00,,,,,,,
2021-12-31 00:00:00,,,,,,,
2021-12-31 05:00:00,,,,,,,
2022-01-01 00:00:00,4.0,150006.0,62.2,282.542,286.799,112.776,111.988
2022-01-02 00:00:00,,,,,,,
2022-01-03 00:00:00,,,,,,,
2022-01-03 05:00:00,,,,,,,
2022-01-04 00:00:00,,,,,,,
2022-01-04 05:00:00,,,,,,,
2022-01-05 00:00:00,,,,,,,
2022-01-05 05:00:00,,,,,,,
2022-01-06 00:00:00,,,,,,,
2022-01-06 05:00:00,,,,,,,
2022-01-07 00:00:00,,,,,,,
2022-01-07 05:00:00,,,,,,,
2022-01-08 00:00:00,,,,,,,
2022-01-09 00:00:00,,,,,,,
2022-01-10 00:00:00,,,,,,,
2022-01-10 05:00:00,,,,,,,
2022-01-11 00:00:00,,,,,,,
2022-01-11 05:00:00,,,,,,,
2022-01-12 00:00:00,,,,,,,
2022-01-12 05:00:00,,,,,,,
2022-01-13 00:00:00,,,,,,,
2022-01-13 05:00:00,,,,,,,
2022-01-14 00:00:00,,,,,,,
2022-01-14 05:00:00,,,,,,,
2022-01-15 00:00:00,,,,,,,
2022-01-16 00:00:00,,,,,,,
2022-01-17 00:00:00,,,,,,,
2022-01-18 00:00:00,,,,,,,
2022-01-18 05:00:00,,,,,,,
2022-01-19 00:00:00,,,,,,,
2022-01-19 05:00:00,,,,,,,
2022-01-20 00:00:00,,,,,,,
2022-01-20 05:00:00,,,,,,,
2022-01-21 00:00:00,,,,,,,
2022-01-21 05:00:00,,,,,,,
2022-01-22 00:00:00,,,,,,,
2022-01-23 00:00:00,,,,,,,
2022-01-24 00:00:00,,,,,,,
2022-01-24 05:00:00,,,,,,,
2022-01-25 00:00:00,,,,,,,
2022-01-25 05:00:00,,,,,,,
2022-01-26 00:00:00,,,,,,,
2022-01-26 05:00:00,,,,,,,
2022-01-27 00:00:00,,,,,,,
2022-01-27 05:00:00,,,,,,,
2022-01-28 00:00:00,,,,,,,
2022-01-28 05:00:00,,,,,,,
2022-01-29 00:00:00,,,,,,,
2022-01-30 00:00:00,,,,,,,
2022-01-31 00:00:00,,,,,,,
2022-01-31 05:00:00,,,,,,,
2022-02-01 00:00:00,3.8,150875.0,62.2,284.525,288.256,113.489,112.492
2022-02-01 05:00:00,,,,,,,
2022-02-02 00:00:00,,,,,,,
2022-02-02 05:00:00,,,,,,,
2022-02-03 00:00:00,,,,,,,
2022-02-03 05:00:00,,,,,,,
2022-02-04 00:00:00,,,,,,,
2022-02-04 05:00:00,,,,,,,
2022-02-05 00:00:00,,,,,,,
2022-02-06 00:00:00,,,,,,,
2022-02-07 00:00:00,,,,,,,
2022-02-07 05:00:00,,,,,,,
2022-02-08 00:00:00,,,,,,,
2022-02-08 05:00:00,,,,,,,
2022-02-09 00:00:00,,,,,,,
2022-02-09 05:00:00,,,,,,,
2022-02-10 00:00:00,,,,,,,
2022-02-10 05:00:00,,,,,,,
2022-02-11 00:00:00,,,,,,,
2022-02-11 05:00:00,,,,,,,
2022-02-12 00:00:00,,,,,,,
2022-02-13 00:00:00,,,,,,,
2022-02-14 00:00:00,,,,,,,
2022-02-14 05:00:00,,,,,,,
2022-02-15 00:00:00,,,,,,,
2022-02-15 05:00:00,,,,,,,
2022-02-16 00:00:00,,,,,,,
2022-02-16 05:00:00,,,,,,,
2022-02-17 00:00:00,,,,,,,
2022-02-17 05:00:00,,,,,,,
2022-02-18 00:00:00,,,,,,,
2022-02-18 05:00:00,,,,,,,
2022-02-19 00:00:00,,,,,,,
2022-02-20 00:00:00,,,,,,,
2022-02-21 00:00:00,,,,,,,
2022-02-22 00:00:00,,,,,,,
2022-02-22 05:00:00,,,,,,,
2022-02-23 00:00:00,,,,,,,
2022-02-23 05:00:00,,,,,,,
2022-02-24 00:00:00,,,,,,,
2022-02-24 05:00:00,,,,,,,
2022-02-25 00:00:00,,,,,,,
2022-02-25 05:00:00,,,,,,,
2022-02-26 00:00:00,,,,,,,
2022-02-27 00:00:00,,,,,,,
2022-02-28 00:00:00,,,,,,,
2022-02-28 05:00:00,,,,,,,
2022-03-01 00:00:00,3.7,151346.0,62.3,287.467,289.044,114.489,112.916
2022-03-01 05:00:00,,,,,,,
2022-03-02 00:00:00,,,,,,,
2022-03-02 05:00:00,,,,,,,
2022-03-03 00:00:00,,,,,,,
2022-03-03 05:00:00,,,,,,,
2022-03-04 00:00:00,,,,,,,
2022-03-04 05:00:00,,,,,,,
2022-03-05 00:00:00,,,,,,,
2022-03-06 00:00:00,,,,,,,
2022-03-07 00:00:00,,,,,,,
2022-03-07 05:00:00,,,,,,,
2022-03-08 00:00:00,,,,,,,
2022-03-08 05:00:00,,,,,,,
2022-03-09 00:00:00,,,,,,,
2022-03-09 05:00:00,,,,,,,
2022-03-10 00:00:00,,,,,,,
2022-03-10 05:00:00,,,,,,,
2022-03-11 00:00:00,,,,,,,
2022-03-11 05:00:00,,,,,,,
2022-03-12 00:00:00,,,,,,,
2022-03-13 00:00:00,,,,,,,
2022-03-14 00:00:00,,,,,,,
2022-03-14 04:00:00,,,,,,,
2022-03-15 00:00:00,,,,,,,
2022-03-15 04:00:00,,,,,,,
2022-03-16 00:00:00,,,,,,,
2022-03-16 04:00:00,,,,,,,
2022-03-17 00:00:00,,,,,,,
2022-03-17 04:00:00,,,,,,,
2022-03-18 00:00:00,,,,,,,
2022-03-18 04:00:00,,,,,,,
2022-03-19 00:00:00,,,,,,,
2022-03-20 00:00:00,,,,,,,
2022-03-21 00:00:00,,,,,,,
2022-03-21 04:00:00,,,,,,,
2022-03-22 00:00:00,,,,,,,
2022-03-22 04:00:00,,,,,,,
2022-03-23 00:00:00,,,,,,,
2022-03-23 04:00:00,,,,,,,
2022-03-24 00:00:00,,,,,,,
2022-03-24 04:00:00,,,,,,,
2022-03-25 00:00:00,,,,,,,
2022-03-25 04:00:00,,,,,,,
2022-03-26 00:00:00,,,,,,,
2022-03-27 00:00:00,,,,,,,
2022-03-28 00:00:00,,,,,,,
2022-03-28 04:00:00,,,,,,,
2022-03-29 00:00:00,,,,,,,
2022-03-29 04:00:00,,,,,,,
2022-03-30 00:00:00,,,,,,,
2022-03-30 04:00:00,,,,,,,
2022-03-31 00:00:00,,,,,,,
2022-03-31 04:00:00,,,,,,,
2022-04-01 00:00:00,3.7,151651.0,62.2,288.582,290.474,114.845,113.301
2022-04-01 04:00:00,,,,,,,
2022-04-02 00:00:00,,,,,,,
2022-04-03 00:00:00,,,,,,,
2022-04-04 00:00:00,,,,,,,
2022-04-04 04:00:00,,,,,,,
2022-04-05 00:00:00,,,,,,,
2022-04-05 04:00:00,,,,,,,
2022-04-06 00:00:00,,,,,,,
2022-04-06 04:00:00,,,,,,,
2022-04-07 00:00:00,,,,,,,
2022-04-07 04:00:00,,,,,,,
2022-04-08 00:00:00,,,,,,,
2022-04-08 04:00:00,,,,,,,
2022-04-09 00:00:00,,,,,,,
2022-04-10 00:00:00,,,,,,,
2022-04-11 00:00:00,,,,,,,
2022-04-11 04:00:00,,,,,,,
2022-04-12 00:00:00,,,,,,,
2022-04-12 04:00:00,,,,,,,
2022-04-13 00:00:00,,,,,,,
2022-04-13 04:00:00,,,,,,,
2022-04-14 00:00:00,,,,,,,
2022-04-14 04:00:00,,,,,,,
2022-04-15 00:00:00,,,,,,,
2022-04-16 00:00:00,,,,,,,
2022-04-17 00:00:00,,,,,,,
2022-04-18 00:00:00,,,,,,,
2022-04-18 04:00:00,,,,,,,
2022-04-19 00:00:00,,,,,,,
2022-04-19 04:00:00,,,,,,,
2022-04-20 00:00:00,,,,,,,
2022-04-20 04:00:00,,,,,,,
2022-04-21 00:00:00,,,,,,,
2022-04-21 04:00:00,,,,,,,
2022-04-22 00:00:00,,,,,,,
2022-04-22 04:00:00,,,,,,,
2022-04-23 00:00:00,,,,,,,
2022-04-24 00:00:00,,,,,,,
2022-04-25 00:00:00,,,,,,,
2022-04-25 04:00:00,,,,,,,
2022-04-26 00:00:00,,,,,,,
2022-04-26 04:00:00,,,,,,,
2022-04-27 00:00:00,,,,,,,
2022-04-27 04:00:00,,,,,,,
2022-04-28 00:00:00,,,,,,,
2022-04-28 04:00:00,,,,,,,
2022-04-29 00:00:00,,,,,,,
2022-04-29 04:00:00,,,,,,,
2022-04-30 00:00:00,,,,,,,
2022-05-01 00:00:00,3.6,151892.0,62.3,291.299,292.039,115.542,113.709
2022-05-02 00:00:00,,,,,,,
2022-05-02 04:00:00,,,,,,,
2022-05-03 00:00:00,,,,,,,
2022-05-03 04:00:00,,,,,,,
2022-05-04 00:00:00,,,,,,,
2022-05-04 04:00:00,,,,,,,
2022-05-05 00:00:00,,,,,,,
2022-05-05 04:00:00,,,,,,,
2022-05-06 00:00:00,,,,,,,
2022-05-06 04:00:00,,,,,,,
2022-05-07 00:00:00,,,,,,,
2022-05-08 00:00:00,,,,,,,
2022-05-09 00:00:00,,,,,,,
2022-05-09 04:00:00,,,,,,,
2022-05-10 00:00:00,,,,,,,
2022-05-10 04:00:00,,,,,,,
2022-05-11 00:00:00,,,,,,,
2022-05-11 04:00:00,,,,,,,
2022-05-12 00:00:00,,,,,,,
2022-05-12 04:00:00,,,,,,,
2022-05-13 00:00:00,,,,,,,
2022-05-13 04:00:00,,,,,,,
2022-05-14 00:00:00,,,,,,,
2022-05-15 00:00:00,,,,,,,
2022-05-16 00:00:00,,,,,,,
2022-05-16 04:00:00,,,,,,,
2022-05-17 00:00:00,,,,,,,
2022-05-17 04:00:00,,,,,,,
2022-05-18 00:00:00,,,,,,,
2022-05-18 04:00:00,,,,,,,
2022-05-19 00:00:00,,,,,,,
2022-05-19 04:00:00,,,,,,,
2022-05-20 00:00:00,,,,,,,
2022-05-20 04:00:00,,,,,,,
2022-05-21 00:00:00,,,,,,,
2022-05-22 00:00:00,,,,,,,
2022-05-23 00:00:00,,,,,,,
2022-05-23 04:00:00,,,,,,,
2022-05-24 00:00:00,,,,,,,
2022-05-24 04:00:00,,,,,,,
2022-05-25 00:00:00,,,,,,,
2022-05-25 04:00:00,,,,,,,
2022-05-26 00:00:00,,,,,,,
2022-05-26 04:00:00,,,,,,,
2022-05-27 00:00:00,,,,,,,
2022-05-27 04:00:00,,,,,,,
2022-05-28 00:00:00,,,,,,,
2022-05-29 00:00:00,,,,,,,
2022-05-30 00:00:00,,,,,,,
2022-05-31 00:00:00,,,,,,,
2022-05-31 04:00:00,,,,,,,
2022-06-01 00:00:00,3.6,152353.0,62.2,295.072,294.009,116.631,114.376
2022-06-01 04:00:00,,,,,,,
2022-06-02 00:00:00,,,,,,,
2022-06-02 04:00:00,,,,,,,
2022-06-03 00:00:00,,,,,,,
2022-06-03 04:00:00,,,,,,,
2022-06-04 00:00:00,,,,,,,
2022-06-05 00:00:00,,,,,,,
2022-06-06 00:00:00,,,,,,,
2022-06-06 04:00:00,,,,,,,
2022-06-07 00:00:00,,,,,,,
2022-06-07 04:00:00,,,,,,,
2022-06-08 00:00:00,,,,,,,
2022-06-08 04:00:00,,,,,,,
2022-06-09 00:00:00,,,,,,,
2022-06-09 04:00:00,,,,,,,
2022-06-10 00:00:00,,,,,,,
2022-06-10 04:00:00,,,,,,,
2022-06-11 00:00:00,,,,,,,
2022-06-12 00:00:00,,,,,,,
2022-06-13 00:00:00,,,,,,,
2022-06-13 04:00:00,,,,,,,
2022-06-14 00:00:00,,,,,,,
2022-06-14 04:00:00,,,,,,,
2022-06-15 00:00:00,,,,,,,
2022-06-15 04:00:00,,,,,,,
2022-06-16 00:00:00,,,,,,,
2022-06-16 04:00:00,,,,,,,
2022-06-17 00:00:00,,,,,,,
2022-06-17 04:00:00,,,,,,,
2022-06-18 00:00:00,,,,,,,
2022-06-19 00:00:00,,,,,,,
2022-06-20 00:00:00,,,,,,,
2022-06-21 00:00:00,,,,,,,
2022-06-21 04:00:00,,,,,,,
2022-06-22 00:00:00,,,,,,,
2022-06-22 04:00:00,,,,,,,
2022-06-23 00:00:00,,,,,,,
2022-06-23 04:00:00,,,,,,,
2022-06-24 00:00:00,,,,,,,
2022-06-24 04:00:00,,,,,,,
2022-06-25 00:00:00,,,,,,,
2022-06-26 00:00:00,,,,,,,
2022-06-27 00:00:00,,,,,,,
2022-06-27 04:00:00,,,,,,,
2022-06-28 00:00:00,,,,,,,
2022-06-28 04:00:00,,,,,,,
2022-06-29 00:00:00,,,,,,,
2022-06-29 04:00:00,,,,,,,
2022-06-30 00:00:00,,,,,,,
2022-06-30 04:00:00,,,,,,,
2022-07-01 00:00:00,3.5,153049.0,62.1,294.94,295.08,116.662,114.638
2022-07-01 04:00:00,,,,,,,
2022-07-02 00:00:00,,,,,,,
2022-07-03 00:00:00,,,,,,,
2022-07-04 00:00:00,,,,,,,
2022-07-05 00:00:00,,,,,,,
2022-07-05 04:00:00,,,,,,,
2022-07-06 00:00:00,,,,,,,
2022-07-06 04:00:00,,,,,,,
2022-07-07 00:00:00,,,,,,,
2022-07-07 04:00:00,,,,,,,
2022-07-08 00:00:00,,,,,,,
2022-07-08 04:00:00,,,,,,,
2022-07-09 00:00:00,,,,,,,
2022-07-10 00:00:00,,,,,,,
2022-07-11 00:00:00,,,,,,,
2022-07-11 04:00:00,,,,,,,
2022-07-12 00:00:00,,,,,,,
2022-07-12 04:00:00,,,,,,,
2022-07-13 00:00:00,,,,,,,
2022-07-13 04:00:00,,,,,,,
2022-07-14 00:00:00,,,,,,,
2022-07-14 04:00:00,,,,,,,
2022-07-15 00:00:00,,,,,,,
2022-07-15 04:00:00,,,,,,,
2022-07-16 00:00:00,,,,,,,
2022-07-17 00:00:00,,,,,,,
2022-07-18 00:00:00,,,,,,,
2022-07-18 04:00:00,,,,,,,
2022-07-19 00:00:00,,,,,,,
2022-07-19 04:00:00,,,,,,,
2022-07-20 00:00:00,,,,,,,
2022-07-20 04:00:00,,,,,,,
2022-07-21 00:00:00,,,,,,,
2022-07-21 04:00:00,,,,,,,
2022-07-22 00:00:00,,,,,,,
2022-07-22 04:00:00,,,,,,,
2022-07-23 00:00:00,,,,,,,
2022-07-24 00:00:00,,,,,,,
2022-07-25 00:00:00,,,,,,,
2022-07-25 04:00:00,,,,,,,
2022-07-26 00:00:00,,,,,,,
2022-07-26 04:00:00,,,,,,,
2022-07-27 00:00:00,,,,,,,
2022-07-27 04:00:00,,,,,,,
2022-07-28 00:00:00,,,,,,,
2022-07-28 04:00:00,,,,,,,
2022-07-29 00:00:00,,,,,,,
2022-07-29 04:00:00,,,,,,,
2022-07-30 00:00:00,,,,,,,
2022-07-31 00:00:00,,,,,,,
2022-08-01 00:00:00,3.6,153286.0,62.3,295.162,296.582,117.002,115.298
2022-08-01 04:00:00,,,,,,,
2022-08-02 00:00:00,,,,,,,
2022-08-02 04:00:00,,,,,,,
2022-08-03 00:00:00,,,,,,,
2022-08-03 04:00:00,,,,,,,
2022-08-04 00:00:00,,,,,,,
2022-08-04 04:00:00,,,,,,,
2022-08-05 00:00:00,,,,,,,
2022-08-05 04:00:00,,,,,,,
2022-08-06 00:00:00,,,,,,,
2022-08-07 00:00:00,,,,,,,
2022-08-08 00:00:00,,,,,,,
2022-08-08 04:00:00,,,,,,,
2022-08-09 00:00:00,,,,,,,
2022-08-09 04:00:00,,,,,,,
2022-08-10 00:00:00,,,,,,,
2022-08-10 04:00:00,,,,,,,
2022-08-11 00:00:00,,,,,,,
2022-08-11 04:00:00,,,,,,,
2022-08-12 00:00:00,,,,,,,
2022-08-12 04:00:00,,,,,,,
2022-08-13 00:00:00,,,,,,,
2022-08-14 00:00:00,,,,,,,
2022-08-15 00:00:00,,,,,,,
2022-08-15 04:00:00,,,,,,,
2022-08-16 00:00:00,,,,,,,
2022-08-16 04:00:00,,,,,,,
2022-08-17 00:00:00,,,,,,,
2022-08-17 04:00:00,,,,,,,
2022-08-18 00:00:00,,,,,,,
2022-08-18 04:00:00,,,,,,,
2022-08-19 00:00:00,,,,,,,
2022-08-19 04:00:00,,,,,,,
2022-08-20 00:00:00,,,,,,,
2022-08-21 00:00:00,,,,,,,
2022-08-22 00:00:00,,,,,,,
2022-08-22 04:00:00,,,,,,,
2022-08-23 00:00:00,,,,,,,
2022-08-23 04:00:00,,,,,,,
2022-08-24 00:00:00,,,,,,,
2022-08-24 04:00:00,,,,,,,
2022-08-25 00:00:00,,,,,,,
2022-08-25 04:00:00,,,,,,,
2022-08-26 00:00:00,,,,,,,
2022-08-26 04:00:00,,,,,,,
2022-08-27 00:00:00,,,,,,,
2022-08-28 00:00:00,,,,,,,
2022-08-29 00:00:00,,,,,,,
2022-08-29 04:00:00,,,,,,,
2022-08-30 00:00:00,,,,,,,
2022-08-30 04:00:00,,,,,,,
2022-08-31 00:00:00,,,,,,,
2022-08-31 04:00:00,,,,,,,
2022-09-01 00:00:00,3.5,153513.0,62.3,296.421,298.281,117.377,115.805
2022-09-01 04:00:00,,,,,,,
2022-09-02 00:00:00,,,,,,,
2022-09-02 04:00:00,,,,,,,
2022-09-03 00:00:00,,,,,,,
2022-09-04 00:00:00,,,,,,,
2022-09-05 00:00:00,,,,,,,
2022-09-06 00:00:00,,,,,,,
2022-09-06 04:00:00,,,,,,,
2022-09-07 00:00:00,,,,,,,
2022-09-07 04:00:00,,,,,,,
2022-09-08 00:00:00,,,,,,,
2022-09-08 04:00:00,,,,,,,
2022-09-09 00:00:00,,,,,,,
2022-09-09 04:00:00,,,,,,,
2022-09-10 00:00:00,,,,,,,
2022-09-11 00:00:00,,,,,,,
2022-09-12 00:00:00,,,,,,,
2022-09-12 04:00:00,,,,,,,
2022-09-13 00:00:00,,,,,,,
2022-09-13 04:00:00,,,,,,,
2022-09-14 00:00:00,,,,,,,
2022-09-14 04:00:00,,,,,,,
2022-09-15 00:00:00,,,,,,,
2022-09-15 04:00:00,,,,,,,
2022-09-16 00:00:00,,,,,,,
2022-09-16 04:00:00,,,,,,,
2022-09-17 00:00:00,,,,,,,
2022-09-18 00:00:00,,,,,,,
2022-09-19 00:00:00,,,,,,,
2022-09-19 04:00:00,,,,,,,
2022-09-20 00:00:00,,,,,,,
2022-09-20 04:00:00,,,,,,,
2022-09-21 00:00:00,,,,,,,
2022-09-21 04:00:00,,,,,,,
2022-09-22 00:00:00,,,,,,,
2022-09-22 04:00:00,,,,,,,
2022-09-23 00:00:00,,,,,,,
2022-09-23 04:00:00,,,,,,,
2022-09-24 00:00:00,,,,,,,
2022-09-25 00:00:00,,,,,,,
2022-09-26 00:00:00,,,,,,,
2022-09-26 04:00:00,,,,,,,
2022-09-27 00:00:00,,,,,,,
2022-09-27 04:00:00,,,,,,,
2022-09-28 00:00:00,,,,,,,
2022-09-28 04:00:00,,,,,,,
2022-09-29 00:00:00,,,,,,,
2022-09-29 04:00:00,,,,,,,
2022-09-30 00:00:00,,,,,,,
2022-09-30 04:00:00,,,,,,,
2022-10-01 00:00:00,3.6,153913.0,62.2,297.979,299.381,117.891,116.2
2022-10-02 00:00:00,,,,,,,
2022-10-03 00:00:00,,,,,,,
2022-10-03 04:00:00,,,,,,,
2022-10-04 00:00:00,,,,,,,
2022-10-04 04:00:00,,,,,,,
2022-10-05 00:00:00,,,,,,,
2022-10-05 04:00:00,,,,,,,
2022-10-06 00:00:00,,,,,,,
2022-10-06 04:00:00,,,,,,,
2022-10-07 00:00:00,,,,,,,
2022-10-07 04:00:00,,,,,,,
2022-10-08 00:00:00,,,,,,,
2022-10-09 00:00:00,,,,,,,
2022-10-10 00:00:00,,,,,,,
2022-10-10 04:00:00,,,,,,,
2022-10-11 00:00:00,,,,,,,
2022-10-11 04:00:00,,,,,,,
2022-10-12 00:00:00,,,,,,,
2022-10-12 04:00:00,,,,,,,
2022-10-13 00:00:00,,,,,,,
2022-10-13 04:00:00,,,,,,,
2022-10-14 00:00:00,,,,,,,
2022-10-14 04:00:00,,,,,,,
2022-10-15 00:00:00,,,,,,,
2022-10-16 00:00:00,,,,,,,
2022-10-17 00:00:00,,,,,,,
2022-10-17 04:00:00,,,,,,,
2022-10-18 00:00:00,,,,,,,
2022-10-18 04:00:00,,,,,,,
2022-10-19 00:00:00,,,,,,,
2022-10-19 04:00:00,,,,,,,
2022-10-20 00:00:00,,,,,,,
2022-10-20 04:00:00,,,,,,,
2022-10-21 00:00:00,,,,,,,
2022-10-21 04:00:00,,,,,,,
2022-10-22 00:00:00,,,,,,,
2022-10-23 00:00:00,,,,,,,
2022-10-24 00:00:00,,,,,,,
2022-10-24 04:00:00,,,,,,,
2022-10-25 00:00:00,,,,,,,
2022-10-25 04:00:00,,,,,,,
2022-10-26 00:00:00,,,,,,,
2022-10-26 04:00:00,,,,,,,
2022-10-27 00:00:00,,,,,,,
2022-10-27 04:00:00,,,,,,,
2022-10-28 00:00:00,,,,,,,
2022-10-28 04:00:00,,,,,,,
2022-10-29 00:00:00,,,,,,,
2022-10-30 00:00:00,,,,,,,
2022-10-31 00:00:00,,,,,,,
2022-10-31 04:00:00,,,,,,,
2022-11-01 00:00:00,3.6,154210.0,62.1,298.708,300.316,118.221,116.554
2022-11-01 04:00:00,,,,,,,
2022-11-02 00:00:00,,,,,,,
2022-11-02 04:00:00,,,,,,,
2022-11-03 00:00:00,,,,,,,
2022-11-03 04:00:00,,,,,,,
2022-11-04 00:00:00,,,,,,,
2022-11-04 04:00:00,,,,,,,
2022-11-05 00:00:00,,,,,,,
2022-11-06 00:00:00,,,,,,,
2022-11-07 00:00:00,,,,,,,
2022-11-07 05:00:00,,,,,,,
2022-11-08 00:00:00,,,,,,,
2022-11-08 05:00:00,,,,,,,
2022-11-09 00:00:00,,,,,,,
2022-11-09 05:00:00,,,,,,,
2022-11-10 00:00:00,,,,,,,
2022-11-10 05:00:00,,,,,,,
2022-11-11 00:00:00,,,,,,,
2022-11-11 05:00:00,,,,,,,
2022-11-12 00:00:00,,,,,,,
2022-11-13 00:00:00,,,,,,,
2022-11-14 00:00:00,,,,,,,
2022-11-14 05:00:00,,,,,,,
2022-11-15 00:00:00,,,,,,,
2022-11-15 05:00:00,,,,,,,
2022-11-16 00:00:00,,,,,,,
2022-11-16 05:00:00,,,,,,,
2022-11-17 00:00:00,,,,,,,
2022-11-17 05:00:00,,,,,,,
2022-11-18 00:00:00,,,,,,,
2022-11-18 05:00:00,,,,,,,
2022-11-19 00:00:00,,,,,,,
2022-11-20 00:00:00,,,,,,,
2022-11-21 00:00:00,,,,,,,
2022-11-21 05:00:00,,,,,,,
2022-11-22 00:00:00,,,,,,,
2022-11-22 05:00:00,,,,,,,
2022-11-23 00:00:00,,,,,,,
2022-11-23 05:00:00,,,,,,,
2022-11-24 00:00:00,,,,,,,
2022-11-25 00:00:00,,,,,,,
2022-11-25 05:00:00,,,,,,,
2022-11-26 00:00:00,,,,,,,
2022-11-27 00:00:00,,,,,,,
2022-11-28 00:00:00,,,,,,,
2022-11-28 05:00:00,,,,,,,
2022-11-29 00:00:00,,,,,,,
2022-11-29 05:00:00,,,,,,,
2022-11-30 00:00:00,,,,,,,
2022-11-30 05:00:00,,,,,,,
2022-12-01 00:00:00,3.5,154336.0,62.3,298.808,301.433,118.403,116.977
2022-12-01 05:00:00,,,,,,,
2022-12-02 00:00:00,,,,,,,
2022-12-02 05:00:00,,,,,,,
2022-12-03 00:00:00,,,,,,,
2022-12-04 00:00:00,,,,,,,
2022-12-05 00:00:00,,,,,,,
2022-12-05 05:00:00,,,,,,,
2022-12-06 00:00:00,,,,,,,
2022-12-06 05:00:00,,,,,,,
2022-12-07 00:00:00,,,,,,,
2022-12-07 05:00:00,,,,,,,
2022-12-08 00:00:00,,,,,,,
2022-12-08 05:00:00,,,,,,,
2022-12-09 00:00:00,,,,,,,
2022-12-09 05:00:00,,,,,,,
2022-12-10 00:00:00,,,,,,,
2022-12-11 00:00:00,,,,,,,
2022-12-12 00:00:00,,,,,,,
2022-12-12 05:00:00,,,,,,,
2022-12-13 00:00:00,,,,,,,
2022-12-13 05:00:00,,,,,,,
2022-12-14 00:00:00,,,,,,,
2022-12-14 05:00:00,,,,,,,
2022-12-15 00:00:00,,,,,,,
2022-12-15 05:00:00,,,,,,,
2022-12-16 00:00:00,,,,,,,
2022-12-16 05:00:00,,,,,,,
2022-12-17 00:00:00,,,,,,,
2022-12-18 00:00:00,,,,,,,
2022-12-19 00:00:00,,,,,,,
2022-12-19 05:00:00,,,,,,,
2022-12-20 00:00:00,,,,,,,
2022-12-20 05:00:00,,,,,,,
2022-12-21 00:00:00,,,,,,,
2022-12-21 05:00:00,,,,,,,
2022-12-22 00:00:00,,,,,,,
2022-12-22 05:00:00,,,,,,,
2022-12-23 00:00:00,,,,,,,
2022-12-23 05:00:00,,,,,,,
2022-12-24 00:00:00,,,,,,,
2022-12-25 00:00:00,,,,,,,
2022-12-26 00:00:00,,,,,,,
2022-12-27 00:00:00,,,,,,,
2022-12-27 05:00:00,,,,,,,
2022-12-28 00:00:00,,,,,,,
2022-12-28 05:00:00,,,,,,,
2022-12-29 00:00:00,,,,,,,
2022-12-29 05:00:00,,,,,,,
2022-12-30 00:00:00,,,,,,,
2022-12-30 05:00:00,,,,,,,
2022-12-31 00:00:00,,,,,,,
2023-01-01 00:00:00,3.5,154780.0,62.4,300.456,302.685,119.007,117.526
2023-01-02 00:00:00,,,,,,,
2023-01-03 00:00:00,,,,,,,
2023-01-03 05:00:00,,,,,,,
2023-01-04 00:00:00,,,,,,,
2023-01-04 05:00:00,,,,,,,
2023-01-05 00:00:00,,,,,,,
2023-01-05 05:00:00,,,,,,,
2023-01-06 00:00:00,,,,,,,
2023-01-06 05:00:00,,,,,,,
2023-01-07 00:00:00,,,,,,,
2023-01-08 00:00:00,,,,,,,
2023-01-09 00:00:00,,,,,,,
2023-01-09 05:00:00,,,,,,,
2023-01-10 00:00:00,,,,,,,
2023-01-10 05:00:00,,,,,,,
2023-01-11 00:00:00,,,,,,,
2023-01-11 05:00:00,,,,,,,
2023-01-12 00:00:00,,,,,,,
2023-01-12 05:00:00,,,,,,,
2023-01-13 00:00:00,,,,,,,
2023-01-13 05:00:00,,,,,,,
2023-01-14 00:00:00,,,,,,,
2023-01-15 00:00:00,,,,,,,
2023-01-16 00:00:00,,,,,,,
2023-01-17 00:00:00,,,,,,,
2023-01-17 05:00:00,,,,,,,
2023-01-18 00:00:00,,,,,,,
2023-01-18 05:00:00,,,,,,,
2023-01-19 00:00:00,,,,,,,
2023-01-19 05:00:00,,,,,,,
2023-01-20 00:00:00,,,,,,,
2023-01-20 05:00:00,,,,,,,
2023-01-21 00:00:00,,,,,,,
2023-01-22 00:00:00,,,,,,,
2023-01-23 00:00:00,,,,,,,
2023-01-23 05:00:00,,,,,,,
2023-01-24 00:00:00,,,,,,,
2023-01-24 05:00:00,,,,,,,
2023-01-25 00:00:00,,,,,,,
2023-01-25 05:00:00,,,,,,,
2023-01-26 00:00:00,,,,,,,
2023-01-26 05:00:00,,,,,,,
2023-01-27 00:00:00,,,,,,,
2023-01-27 05:00:00,,,,,,,
2023-01-28 00:00:00,,,,,,,
2023-01-29 00:00:00,,,,,,,
2023-01-30 00:00:00,,,,,,,
2023-01-30 05:00:00,,,,,,,
2023-01-31 00:00:00,,,,,,,
2023-01-31 05:00:00,,,,,,,
2023-02-01 00:00:00,3.6,155086.0,62.5,301.476,304.097,119.401,117.963
2023-02-01 05:00:00,,,,,,,
2023-02-02 00:00:00,,,,,,,
2023-02-02 05:00:00,,,,,,,
2023-02-03 00:00:00,,,,,,,
2023-02-03 05:00:00,,,,,,,
2023-02-04 00:00:00,,,,,,,
2023-02-05 00:00:00,,,,,,,
2023-02-06 00:00:00,,,,,,,
2023-02-06 05:00:00,,,,,,,
2023-02-07 00:00:00,,,,,,,
2023-02-07 05:00:00,,,,,,,
2023-02-08 00:00:00,,,,,,,
2023-02-08 05:00:00,,,,,,,
2023-02-09 00:00:00,,,,,,,
2023-02-09 05:00:00,,,,,,,
2023-02-10 00:00:00,,,,,,,
2023-02-10 05:00:00,,,,,,,
2023-02-11 00:00:00,,,,,,,
2023-02-12 00:00:00,,,,,,,
2023-02-13 00:00:00,,,,,,,
2023-02-13 05:00:00,,,,,,,
2023-02-14 00:00:00,,,,,,,
2023-02-14 05:00:00,,,,,,,
2023-02-15 00:00:00,,,,,,,
2023-02-15 05:00:00,,,,,,,
2023-02-16 00:00:00,,,,,,,
2023-02-16 05:00:00,,,,,,,
2023-02-17 00:00:00,,,,,,,
2023-02-17 05:00:00,,,,,,,
2023-02-18 00:00:00,,,,,,,
2023-02-19 00:00:00,,,,,,,
2023-02-20 00:00:00,,,,,,,
2023-02-21 00:00:00,,,,,,,
2023-02-21 05:00:00,,,,,,,
2023-02-22 00:00:00,,,,,,,
2023-02-22 05:00:00,,,,,,,
2023-02-23 00:00:00,,,,,,,
2023-02-23 05:00:00,,,,,,,
2023-02-24 00:00:00,,,,,,,
2023-02-24 05:00:00,,,,,,,
2023-02-25 00:00:00,,,,,,,
2023-02-26 00:00:00,,,,,,,
2023-02-27 00:00:00,,,,,,,
2023-02-27 05:00:00,,,,,,,
2023-02-28 00:00:00,,,,,,,
2023-02-28 05:00:00,,,,,,,
2023-03-01 00:00:00,3.5,155171.0,62.6,301.643,305.123,119.553,118.304
2023-03-01 05:00:00,,,,,,,
2023-03-02 00:00:00,,,,,,,
2023-03-02 05:00:00,,,,,,,
2023-03-03 00:00:00,,,,,,,
2023-03-03 05:00:00,,,,,,,
2023-03-04 00:00:00,,,,,,,
2023-03-05 00:00:00,,,,,,,
2023-03-06 00:00:00,,,,,,,
2023-03-06 05:00:00,,,,,,,
2023-03-07 00:00:00,,,,,,,
2023-03-07 05:00:00,,,,,,,
2023-03-08 00:00:00,,,,,,,
2023-03-08 05:00:00,,,,,,,
2023-03-09 00:00:00,,,,,,,
2023-03-09 05:00:00,,,,,,,
2023-03-10 00:00:00,,,,,,,
2023-03-10 05:00:00,,,,,,,
2023-03-11 00:00:00,,,,,,,
2023-03-12 00:00:00,,,,,,,
2023-03-13 00:00:00,,,,,,,
2023-03-13 04:00:00,,,,,,,
2023-03-14 00:00:00,,,,,,,
2023-03-14 04:00:00,,,,,,,
2023-03-15 00:00:00,,,,,,,
2023-03-15 04:00:00,,,,,,,
2023-03-16 00:00:00,,,,,,,
2023-03-16 04:00:00,,,,,,,
2023-03-17 00:00:00,,,,,,,
2023-03-17 04:00:00,,,,,,,
2023-03-18 00:00:00,,,,,,,
2023-03-19 00:00:00,,,,,,,
2023-03-20 00:00:00,,,,,,,
2023-03-20 04:00:00,,,,,,,
2023-03-21 00:00:00,,,,,,,
2023-03-21 04:00:00,,,,,,,
2023-03-22 00:00:00,,,,,,,
2023-03-22 04:00:00,,,,,,,
2023-03-23 00:00:00,,,,,,,
2023-03-23 04:00:00,,,,,,,
2023-03-24 00:00:00,,,,,,,
2023-03-24 04:00:00,,,,,,,
2023-03-25 00:00:00,,,,,,,
2023-03-26 00:00:00,,,,,,,
2023-03-27 00:00:00,,,,,,,
2023-03-27 04:00:00,,,,,,,
2023-03-28 00:00:00,,,,,,,
2023-03-28 04:00:00,,,,,,,
2023-03-29 00:00:00,,,,,,,
2023-03-29 04:00:00,,,,,,,
2023-03-30 00:00:00,,,,,,,
2023-03-30 04:00:00,,,,,,,
2023-03-31 00:00:00,,,,,,,
2023-03-31 04:00:00,,,,,,,
2023-04-01 00:00:00,3.4,155387.0,62.6,302.858,306.49,119.97,118.715
2023-04-02 00:00:00,,,,,,,
2023-04-03 00:00:00,,,,,,,
2023-04-03 04:00:00,,,,,,,
2023-04-04 00:00:00,,,,,,,
2023-04-04 04:00:00,,,,,,,
2023-04-05 00:00:00,,,,,,,
2023-04-05 04:00:00,,,,,,,
2023-04-06 00:00:00,,,,,,,
2023-04-06 04:00:00,,,,,,,
2023-04-07 00:00:00,,,,,,,
2023-04-08 00:00:00,,,,,,,
2023-04-09 00:00:00,,,,,,,
2023-04-10 00:00:00,,,,,,,
2023-04-10 04:00:00,,,,,,,
2023-04-11 00:00:00,,,,,,,
2023-04-11 04:00:00,,,,,,,
2023-04-12 00:00:00,,,,,,,
2023-04-12 04:00:00,,,,,,,
2023-04-13 00:00:00,,,,,,,
2023-04-13 04:00:00,,,,,,,
2023-04-14 00:00:00,,,,,,,
2023-04-14 04:00:00,,,,,,,
2023-04-15 00:00:00,,,,,,,
2023-04-16 00:00:00,,,,,,,
2023-04-17 00:00:00,,,,,,,
2023-04-17 04:00:00,,,,,,,
2023-04-18 00:00:00,,,,,,,
2023-04-18 04:00:00,,,,,,,
2023-04-19 00:00:00,,,,,,,
2023-04-19 04:00:00,,,,,,,
2023-04-20 00:00:00,,,,,,,
2023-04-20 04:00:00,,,,,,,
2023-04-21 00:00:00,,,,,,,
2023-04-21 04:00:00,,,,,,,
2023-04-22 00:00:00,,,,,,,
2023-04-23 00:00:00,,,,,,,
2023-04-24 00:00:00,,,,,,,
2023-04-24 04:00:00,,,,,,,
2023-04-25 00:00:00,,,,,,,
2023-04-25 04:00:00,,,,,,,
2023-04-26 00:00:00,,,,,,,
2023-04-26 04:00:00,,,,,,,
2023-04-27 00:00:00,,,,,,,
2023-04-27 04:00:00,,,,,,,
2023-04-28 00:00:00,,,,,,,
2023-04-28 04:00:00,,,,,,,
2023-04-29 00:00:00,,,,,,,
2023-04-30 00:00:00,,,,,,,
2023-05-01 00:00:00,3.6,155614.0,62.6,303.316,307.623,120.14,119.063
2023-05-01 04:00:00,,,,,,,
2023-05-02 00:00:00,,,,,,,
2023-05-02 04:00:00,,,,,,,
2023-05-03 00:00:00,,,,,,,
2023-05-03 04:00:00,,,,,,,
2023-05-04 00:00:00,,,,,,,
2023-05-04 04:00:00,,,,,,,
2023-05-05 00:00:00,,,,,,,
2023-05-05 04:00:00,,,,,,,
2023-05-06 00:00:00,,,,,,,
2023-05-07 00:00:00,,,,,,,
2023-05-08 00:00:00,,,,,,,
2023-05-08 04:00:00,,,,,,,
2023-05-09 00:00:00,,,,,,,
2023-05-09 04:00:00,,,,,,,
2023-05-10 00:00:00,,,,,,,
2023-05-10 04:00:00,,,,,,,
2023-05-11 00:00:00,,,,,,,
2023-05-11 04:00:00,,,,,,,
2023-05-12 00:00:00,,,,,,,
2023-05-12 04:00:00,,,,,,,
2023-05-13 00:00:00,,,,,,,
2023-05-14 00:00:00,,,,,,,
2023-05-15 00:00:00,,,,,,,
2023-05-15 04:00:00,,,,,,,
2023-05-16 00:00:00,,,,,,,
2023-05-16 04:00:00,,,,,,,
2023-05-17 00:00:00,,,,,,,
2023-05-17 04:00:00,,,,,,,
2023-05-18 00:00:00,,,,,,,
2023-05-18 04:00:00,,,,,,,
2023-05-19 00:00:00,,,,,,,
2023-05-19 04:00:00,,,,,,,
2023-05-20 00:00:00,,,,,,,
2023-05-21 00:00:00,,,,,,,
2023-05-22 00:00:00,,,,,,,
2023-05-22 04:00:00,,,,,,,
2023-05-23 00:00:00,,,,,,,
2023-05-23 04:00:00,,,,,,,
2023-05-24 00:00:00,,,,,,,
2023-05-24 04:00:00,,,,,,,
2023-05-25 00:00:00,,,,,,,
2023-05-25 04:00:00,,,,,,,
2023-05-26 00:00:00,,,,,,,
2023-05-26 04:00:00,,,,,,,
2023-05-27 00:00:00,,,,,,,
2023-05-28 00:00:00,,,,,,,
2023-05-29 00:00:00,,,,,,,
2023-05-30 00:00:00,,,,,,,
2023-05-30 04:00:00,,,,,,,
2023-05-31 00:00:00,,,,,,,
2023-05-31 04:00:00,,,,,,,
2023-06-01 00:00:00,3.6,155871.0,62.6,304.099,308.291,120.435,119.37
2023-06-01 04:00:00,,,,,,,
2023-06-02 00:00:00,,,,,,,
2023-06-02 04:00:00,,,,,,,
2023-06-03 00:00:00,,,,,,,
2023-06-04 00:00:00,,,,,,,
2023-06-05 00:00:00,,,,,,,
2023-06-05 04:00:00,,,,,,,
2023-06-06 00:00:00,,,,,,,
2023-06-06 04:00:00,,,,,,,
2023-06-07 00:00:00,,,,,,,
2023-06-07 04:00:00,,,,,,,
2023-06-08 00:00:00,,,,,,,
2023-06-08 04:00:00,,,,,,,
2023-06-09 00:00:00,,,,,,,
2023-06-09 04:00:00,,,,,,,
2023-06-10 00:00:00,,,,,,,
2023-06-11 00:00:00,,,,,,,
2023-06-12 00:00:00,,,,,,,
2023-06-12 04:00:00,,,,,,,
2023-06-13 00:00:00,,,,,,,
2023-06-13 04:00:00,,,,,,,
2023-06-14 00:00:00,,,,,,,
2023-06-14 04:00:00,,,,,,,
2023-06-15 00:00:00,,,,,,,
2023-06-15 04:00:00,,,,,,,
2023-06-16 00:00:00,,,,,,,
2023-06-16 04:00:00,,,,,,,
2023-06-17 00:00:00,,,,,,,
2023-06-18 00:00:00,,,,,,,
2023-06-19 00:00:00,,,,,,,
2023-06-20 00:00:00,,,,,,,
2023-06-20 04:00:00,,,,,,,
2023-06-21 00:00:00,,,,,,,
2023-06-21 04:00:00,,,,,,,
2023-06-22 00:00:00,,,,,,,
2023-06-22 04:00:00,,,,,,,
2023-06-23 00:00:00,,,,,,,
2023-06-23 04:00:00,,,,,,,
2023-06-24 00:00:00,,,,,,,
2023-06-25 00:00:00,,,,,,,
2023-06-26 00:00:00,,,,,,,
2023-06-26 04:00:00,,,,,,,
2023-06-27 00:00:00,,,,,,,
2023-06-27 04:00:00,,,,,,,
2023-06-28 00:00:00,,,,,,,
2023-06-28 04:00:00,,,,,,,
2023-06-29 00:00:00,,,,,,,
2023-06-29 04:00:00,,,,,,,
2023-06-30 00:00:00,,,,,,,
2023-06-30 04:00:00,,,,,,,
2023-07-01 00:00:00,3.5,156019.0,62.6,304.615,308.959,120.598,119.536
2023-07-02 00:00:00,,,,,,,
2023-07-03 00:00:00,,,,,,,
2023-07-03 04:00:00,,,,,,,
2023-07-04 00:00:00,,,,,,,
2023-07-05 00:00:00,,,,,,,
2023-07-05 04:00:00,,,,,,,
2023-07-06 00:00:00,,,,,,,
2023-07-06 04:00:00,,,,,,,
2023-07-07 00:00:00,,,,,,,
2023-07-07 04:00:00,,,,,,,
2023-07-08 00:00:00,,,,,,,
2023-07-09 00:00:00,,,,,,,
2023-07-10 00:00:00,,,,,,,
2023-07-10 04:00:00,,,,,,,
2023-07-11 00:00:00,,,,,,,
2023-07-11 04:00:00,,,,,,,
2023-07-12 00:00:00,,,,,,,
2023-07-12 04:00:00,,,,,,,
2023-07-13 00:00:00,,,,,,,
2023-07-13 04:00:00,,,,,,,
2023-07-14 00:00:00,,,,,,,
2023-07-14 04:00:00,,,,,,,
2023-07-15 00:00:00,,,,,,,
2023-07-16 00:00:00,,,,,,,
2023-07-17 00:00:00,,,,,,,
2023-07-17 04:00:00,,,,,,,
2023-07-18 00:00:00,,,,,,,
2023-07-18 04:00:00,,,,,,,
2023-07-19 00:00:00,,,,,,,
2023-07-19 04:00:00,,,,,,,
2023-07-20 00:00:00,,,,,,,
2023-07-20 04:00:00,,,,,,,
2023-07-21 00:00:00,,,,,,,
2023-07-21 04:00:00,,,,,,,
2023-07-22 00:00:00,,,,,,,
2023-07-23 00:00:00,,,,,,,
2023-07-24 00:00:00,,,,,,,
2023-07-24 04:00:00,,,,,,,
2023-07-25 00:00:00,,,,,,,
2023-07-25 04:00:00,,,,,,,
2023-07-26 00:00:00,,,,,,,
2023-07-26 04:00:00,,,,,,,
2023-07-27 00:00:00,,,,,,,
2023-07-27 04:00:00,,,,,,,
2023-07-28 00:00:00,,,,,,,
2023-07-28 04:00:00,,,,,,,
2023-07-29 00:00:00,,,,,,,
2023-07-30 00:00:00,,,,,,,
2023-07-31 00:00:00,,,,,,,
2023-07-31 04:00:00,,,,,,,
2023-08-01 00:00:00,3.7,156176.0,62.8,306.138,309.646,120.965,119.658
2023-08-01 04:00:00,,,,,,,
2023-08-02 00:00:00,,,,,,,
2023-08-02 04:00:00,,,,,,,
2023-08-03 00:00:00,,,,,,,
2023-08-03 04:00:00,,,,,,,
2023-08-04 00:00:00,,,,,,,
2023-08-04 04:00:00,,,,,,,
2023-08-05 00:00:00,,,,,,,
2023-08-06 00:00:00,,,,,,,
2023-08-07 00:00:00,,,,,,,
2023-08-07 04:00:00,,,,,,,
2023-08-08 00:00:00,,,,,,,
2023-08-08 04:00:00,,,,,,,
2023-08-09 00:00:00,,,,,,,
2023-08-09 04:00:00,,,,,,,
2023-08-10 00:00:00,,,,,,,
2023-08-10 04:00:00,,,,,,,
2023-08-11 00:00:00,,,,,,,
2023-08-11 04:00:00,,,,,,,
2023-08-12 00:00:00,,,,,,,
2023-08-13 00:00:00,,,,,,,
2023-08-14 00:00:00,,,,,,,
2023-08-14 04:00:00,,,,,,,
2023-08-15 00:00:00,,,,,,,
2023-08-15 04:00:00,,,,,,,
2023-08-16 00:00:00,,,,,,,
2023-08-16 04:00:00,,,,,,,
2023-08-17 00:00:00,,,,,,,
2023-08-17 04:00:00,,,,,,,
2023-08-18 00:00:00,,,,,,,
2023-08-18 04:00:00,,,,,,,
2023-08-19 00:00:00,,,,,,,
2023-08-20 00:00:00,,,,,,,
2023-08-21 00:00:00,,,,,,,
2023-08-21 04:00:00,,,,,,,
2023-08-22 00:00:00,,,,,,,
2023-08-22 04:00:00,,,,,,,
2023-08-23 00:00:00,,,,,,,
2023-08-23 04:00:00,,,,,,,
2023-08-24 00:00:00,,,,,,,
2023-08-24 04:00:00,,,,,,,
2023-08-25 00:00:00,,,,,,,
2023-08-25 04:00:00,,,,,,,
2023-08-26 00:00:00,,,,,,,
2023-08-27 00:00:00,,,,,,,
2023-08-28 00:00:00,,,,,,,
2023-08-28 04:00:00,,,,,,,
2023-08-29 00:00:00,,,,,,,
2023-08-29 04:00:00,,,,,,,
2023-08-30 00:00:00,,,,,,,
2023-08-30 04:00:00,,,,,,,
2023-08-31 00:00:00,,,,,,,
2023-08-31 04:00:00,,,,,,,
2023-09-01 00:00:00,3.8,156334.0,62.7,307.374,310.616,121.387,120.04
2023-09-01 04:00:00,,,,,,,
2023-09-02 00:00:00,,,,,,,
2023-09-03 00:00:00,,,,,,,
2023-09-04 00:00:00,,,,,,,
2023-09-05 00:00:00,,,,,,,
2023-09-05 04:00:00,,,,,,,
2023-09-06 00:00:00,,,,,,,
2023-09-06 04:00:00,,,,,,,
2023-09-07 00:00:00,,,,,,,
2023-09-07 04:00:00,,,,,,,
2023-09-08 00:00:00,,,,,,,
2023-09-08 04:00:00,,,,,,,
2023-09-09 00:00:00,,,,,,,
2023-09-10 00:00:00,,,,,,,
2023-09-11 00:00:00,,,,,,,
2023-09-11 04:00:00,,,,,,,
2023-09-12 00:00:00,,,,,,,
2023-09-12 04:00:00,,,,,,,
2023-09-13 00:00:00,,,,,,,
2023-09-13 04:00:00,,,,,,,
2023-09-14 00:00:00,,,,,,,
2023-09-14 04:00:00,,,,,,,
2023-09-15 00:00:00,,,,,,,
2023-09-15 04:00:00,,,,,,,
2023-09-16 00:00:00,,,,,,,
2023-09-17 00:00:00,,,,,,,
2023-09-18 00:00:00,,,,,,,
2023-09-18 04:00:00,,,,,,,
2023-09-19 00:00:00,,,,,,,
2023-09-19 04:00:00,,,,,,,
2023-09-20 00:00:00,,,,,,,
2023-09-20 04:00:00,,,,,,,
2023-09-21 00:00:00,,,,,,,
2023-09-21 04:00:00,,,,,,,
2023-09-22 00:00:00,,,,,,,
2023-09-22 04:00:00,,,,,,,
2023-09-23 00:00:00,,,,,,,
2023-09-24 00:00:00,,,,,,,
2023-09-25 00:00:00,,,,,,,
2023-09-25 04:00:00,,,,,,,
2023-09-26 00:00:00,,,,,,,
2023-09-26 04:00:00,,,,,,,
2023-09-27 00:00:00,,,,,,,
2023-09-27 04:00:00,,,,,,,
2023-09-28 00:00:00,,,,,,,
2023-09-28 04:00:00,,,,,,,
2023-09-29 00:00:00,,,,,,,
2023-09-29 04:00:00,,,,,,,
2023-09-30 00:00:00,,,,,,,
2023-10-01 00:00:00,3.9,156520.0,62.7,307.653,311.433,121.421,120.2
2023-10-02 00:00:00,,,,,,,
2023-10-02 04:00:00,,,,,,,
2023-10-03 00:00:00,,,,,,,
2023-10-03 04:00:00,,,,,,,
2023-10-04 00:00:00,,,,,,,
2023-10-04 04:00:00,,,,,,,
2023-10-05 00:00:00,,,,,,,
2023-10-05 04:00:00,,,,,,,
2023-10-06 00:00:00,,,,,,,
2023-10-06 04:00:00,,,,,,,
2023-10-07 00:00:00,,,,,,,
2023-10-08 00:00:00,,,,,,,
2023-10-09 00:00:00,,,,,,,
2023-10-09 04:00:00,,,,,,,
2023-10-10 00:00:00,,,,,,,
2023-10-10 04:00:00,,,,,,,
2023-10-11 00:00:00,,,,,,,
2023-10-11 04:00:00,,,,,,,
2023-10-12 00:00:00,,,,,,,
2023-10-12 04:00:00,,,,,,,
2023-10-13 00:00:00,,,,,,,
2023-10-13 04:00:00,,,,,,,
2023-10-14 00:00:00,,,,,,,
2023-10-15 00:00:00,,,,,,,
2023-10-16 00:00:00,,,,,,,
2023-10-16 04:00:00,,,,,,,
2023-10-17 00:00:00,,,,,,,
2023-10-17 04:00:00,,,,,,,
2023-10-18 00:00:00,,,,,,,
2023-10-18 04:00:00,,,,,,,
2023-10-19 00:00:00,,,,,,,
2023-10-19 04:00:00,,,,,,,
2023-10-20 00:00:00,,,,,,,
2023-10-20 04:00:00,,,,,,,
2023-10-21 00:00:00,,,,,,,
2023-10-22 00:00:00,,,,,,,
2023-10-23 00:00:00,,,,,,,
2023-10-23 04:00:00,,,,,,,
2023-10-24 00:00:00,,,,,,,
2023-10-24 04:00:00,,,,,,,
2023-10-25 00:00:00,,,,,,,
2023-10-25 04:00:00,,,,,,,
2023-10-26 00:00:00,,,,,,,
2023-10-26 04:00:00,,,,,,,
2023-10-27 00:00:00,,,,,,,
2023-10-27 04:00:00,,,,,,,
2023-10-28 00:00:00,,,,,,,
2023-10-29 00:00:00,,,,,,,
2023-10-30 00:00:00,,,,,,,
2023-10-30 04:00:00,,,,,,,
2023-10-31 00:00:00,,,,,,,
2023-10-31 04:00:00,,,,,,,
2023-11-01 00:00:00,3.7,156661.0,62.8,308.087,312.373,121.415,120.309
2023-11-01 04:00:00,,,,,,,
2023-11-02 00:00:00,,,,,,,
2023-11-02 04:00:00,,,,,,,
2023-11-03 00:00:00,,,,,,,
2023-11-03 04:00:00,,,,,,,
2023-11-04 00:00:00,,,,,,,
2023-11-05 00:00:00,,,,,,,
2023-11-06 00:00:00,,,,,,,
2023-11-06 05:00:00,,,,,,,
2023-11-07 00:00:00,,,,,,,
2023-11-07 05:00:00,,,,,,,
2023-11-08 00:00:00,,,,,,,
2023-11-08 05:00:00,,,,,,,
2023-11-09 00:00:00,,,,,,,
2023-11-09 05:00:00,,,,,,,
2023-11-10 00:00:00,,,,,,,
2023-11-10 05:00:00,,,,,,,
2023-11-11 00:00:00,,,,,,,
2023-11-12 00:00:00,,,,,,,
2023-11-13 00:00:00,,,,,,,
2023-11-13 05:00:00,,,,,,,
2023-11-14 00:00:00,,,,,,,
2023-11-14 05:00:00,,,,,,,
2023-11-15 00:00:00,,,,,,,
2023-11-15 05:00:00,,,,,,,
2023-11-16 00:00:00,,,,,,,
2023-11-16 05:00:00,,,,,,,
2023-11-17 00:00:00,,,,,,,
2023-11-17 05:00:00,,,,,,,
2023-11-18 00:00:00,,,,,,,
2023-11-19 00:00:00,,,,,,,
2023-11-20 00:00:00,,,,,,,
2023-11-20 05:00:00,,,,,,,
2023-11-21 00:00:00,,,,,,,
2023-11-21 05:00:00,,,,,,,
2023-11-22 00:00:00,,,,,,,
2023-11-22 05:00:00,,,,,,,
2023-11-23 00:00:00,,,,,,,
2023-11-24 00:00:00,,,,,,,
2023-11-24 05:00:00,,,,,,,
2023-11-25 00:00:00,,,,,,,
2023-11-26 00:00:00,,,,,,,
2023-11-27 00:00:00,,,,,,,
2023-11-27 05:00:00,,,,,,,
2023-11-28 00:00:00,,,,,,,
2023-11-28 05:00:00,,,,,,,
2023-11-29 00:00:00,,,,,,,
2023-11-29 05:00:00,,,,,,,
2023-11-30 00:00:00,,,,,,,
2023-11-30 05:00:00,,,,,,,
2023-12-01 00:00:00,3.8,156930.0,62.5,308.735,313.23,121.602,120.528
2023-12-01 05:00:00,,,,,,,
2023-12-02 00:00:00,,,,,,,
2023-12-03 00:00:00,,,,,,,
2023-12-04 00:00:00,,,,,,,
2023-12-04 05:00:00,,,,,,,
2023-12-05 00:00:00,,,,,,,
2023-12-05 05:00:00,,,,,,,
2023-12-06 00:00:00,,,,,,,
2023-12-06 05:00:00,,,,,,,
2023-12-07 00:00:00,,,,,,,
2023-12-07 05:00:00,,,,,,,
2023-12-08 00:00:00,,,,,,,
2023-12-08 05:00:00,,,,,,,
2023-12-09 00:00:00,,,,,,,
2023-12-10 00:00:00,,,,,,,
2023-12-11 00:00:00,,,,,,,
2023-12-11 05:00:00,,,,,,,
2023-12-12 00:00:00,,,,,,,
2023-12-12 05:00:00,,,,,,,
2023-12-13 00:00:00,,,,,,,
2023-12-13 05:00:00,,,,,,,
2023-12-14 00:00:00,,,,,,,
2023-12-14 05:00:00,,,,,,,
2023-12-15 00:00:00,,,,,,,
2023-12-15 05:00:00,,,,,,,
2023-12-16 00:00:00,,,,,,,
2023-12-17 00:00:00,,,,,,,
2023-12-18 00:00:00,,,,,,,
2023-12-18 05:00:00,,,,,,,
2023-12-19 00:00:00,,,,,,,
2023-12-19 05:00:00,,,,,,,
2023-12-20 00:00:00,,,,,,,
2023-12-20 05:00:00,,,,,,,
2023-12-21 00:00:00,,,,,,,
2023-12-21 05:00:00,,,,,,,
2023-12-22 00:00:00,,,,,,,
2023-12-22 05:00:00,,,,,,,
2023-12-23 00:00:00,,,,,,,
2023-12-24 00:00:00,,,,,,,
2023-12-25 00:00:00,,,,,,,
2023-12-26 00:00:00,,,,,,,
2023-12-26 05:00:00,,,,,,,
2023-12-27 00:00:00,,,,,,,
2023-12-27 05:00:00,,,,,,,
2023-12-28 00:00:00,,,,,,,
2023-12-28 05:00:00,,,,,,,
2023-12-29 00:00:00,,,,,,,
2023-12-29 05:00:00,,,,,,,
2023-12-30 00:00:00,,,,,,,
2023-12-31 00:00:00,,,,,,,
2024-01-01 00:00:00,3.7,157049.0,62.5,309.794,314.389,122.115,121.128
2024-01-02 00:00:00,,,,,,,
2024-01-02 05:00:00,,,,,,,
2024-01-03 00:00:00,,,,,,,
2024-01-03 05:00:00,,,,,,,
2024-01-04 00:00:00,,,,,,,
2024-01-04 05:00:00,,,,,,,
2024-01-05 00:00:00,,,,,,,
2024-01-05 05:00:00,,,,,,,
2024-01-06 00:00:00,,,,,,,
2024-01-07 00:00:00,,,,,,,
2024-01-08 00:00:00,,,,,,,
2024-01-08 05:00:00,,,,,,,
2024-01-09 00:00:00,,,,,,,
2024-01-09 05:00:00,,,,,,,
2024-01-10 00:00:00,,,,,,,
2024-01-10 05:00:00,,,,,,,
2024-01-11 00:00:00,,,,,,,
2024-01-11 05:00:00,,,,,,,
2024-01-12 00:00:00,,,,,,,
2024-01-12 05:00:00,,,,,,,
2024-01-13 00:00:00,,,,,,,
2024-01-14 00:00:00,,,,,,,
2024-01-15 00:00:00,,,,,,,
2024-01-16 00:00:00,,,,,,,
2024-01-16 05:00:00,,,,,,,
2024-01-17 00:00:00,,,,,,,
2024-01-17 05:00:00,,,,,,,
2024-01-18 00:00:00,,,,,,,
2024-01-18 05:00:00,,,,,,,
2024-01-19 00:00:00,,,,,,,
2024-01-19 05:00:00,,,,,,,
2024-01-20 00:00:00,,,,,,,
2024-01-21 00:00:00,,,,,,,
2024-01-22 00:00:00,,,,,,,
2024-01-22 05:00:00,,,,,,,
2024-01-23 00:00:00,,,,,,,
2024-01-23 05:00:00,,,,,,,
2024-01-24 00:00:00,,,,,,,
2024-01-24 05:00:00,,,,,,,
2024-01-25 00:00:00,,,,,,,
2024-01-25 05:00:00,,,,,,,
2024-01-26 00:00:00,,,,,,,
2024-01-26 05:00:00,,,,,,,
2024-01-27 00:00:00,,,,,,,
2024-01-28 00:00:00,,,,,,,
2024-01-29 00:00:00,,,,,,,
2024-01-29 05:00:00,,,,,,,
2024-01-30 00:00:00,,,,,,,
2024-01-30 05:00:00,,,,,,,
2024-01-31 00:00:00,,,,,,,
2024-01-31 05:00:00,,,,,,,
2024-02-01 00:00:00,3.9,157271.0,62.6,311.022,315.555,122.494,121.418
2024-02-01 05:00:00,,,,,,,
2024-02-02 00:00:00,,,,,,,
2024-02-02 05:00:00,,,,,,,
2024-02-03 00:00:00,,,,,,,
2024-02-04 00:00:00,,,,,,,
2024-02-05 00:00:00,,,,,,,
2024-02-05 05:00:00,,,,,,,
2024-02-06 00:00:00,,,,,,,
2024-02-06 05:00:00,,,,,,,
2024-02-07 00:00:00,,,,,,,
2024-02-07 05:00:00,,,,,,,
2024-02-08 00:00:00,,,,,,,
2024-02-08 05:00:00,,,,,,,
2024-02-09 00:00:00,,,,,,,
2024-02-09 05:00:00,,,,,,,
2024-02-10 00:00:00,,,,,,,
2024-02-11 00:00:00,,,,,,,
2024-02-12 00:00:00,,,,,,,
2024-02-12 05:00:00,,,,,,,
2024-02-13 00:00:00,,,,,,,
2024-02-13 05:00:00,,,,,,,
2024-02-14 00:00:00,,,,,,,
2024-02-14 05:00:00,,,,,,,
2024-02-15 00:00:00,,,,,,,
2024-02-15 05:00:00,,,,,,,
2024-02-16 00:00:00,,,,,,,
2024-02-16 05:00:00,,,,,,,
2024-02-17 00:00:00,,,,,,,
2024-02-18 00:00:00,,,,,,,
2024-02-19 00:00:00,,,,,,,
2024-02-20 00:00:00,,,,,,,
2024-02-20 05:00:00,,,,,,,
2024-02-21 00:00:00,,,,,,,
2024-02-21 05:00:00,,,,,,,
2024-02-22 00:00:00,,,,,,,
2024-02-22 05:00:00,,,,,,,
2024-02-23 00:00:00,,,,,,,
2024-02-23 05:00:00,,,,,,,
2024-02-24 00:00:00,,,,,,,
2024-02-25 00:00:00,,,,,,,
2024-02-26 00:00:00,,,,,,,
2024-02-26 05:00:00,,,,,,,
2024-02-27 00:00:00,,,,,,,
2024-02-27 05:00:00,,,,,,,
2024-02-28 00:00:00,,,,,,,
2024-02-28 05:00:00,,,,,,,
2024-02-29 00:00:00,,,,,,,
2024-02-29 05:00:00,,,,,,,
2024-03-01 00:00:00,3.9,157517.0,62.7,312.107,316.762,122.912,121.829
2024-03-01 05:00:00,,,,,,,
2024-03-02 00:00:00,,,,,,,
2024-03-03 00:00:00,,,,,,,
2024-03-04 00:00:00,,,,,,,
2024-03-04 05:00:00,,,,,,,
2024-03-05 00:00:00,,,,,,,
2024-03-05 05:00:00,,,,,,,
2024-03-06 00:00:00,,,,,,,
2024-03-06 05:00:00,,,,,,,
2024-03-07 00:00:00,,,,,,,
2024-03-07 05:00:00,,,,,,,
2024-03-08 00:00:00,,,,,,,
2024-03-08 05:00:00,,,,,,,
2024-03-09 00:00:00,,,,,,,
2024-03-10 00:00:00,,,,,,,
2024-03-11 00:00:00,,,,,,,
2024-03-11 04:00:00,,,,,,,
2024-03-12 00:00:00,,,,,,,
2024-03-12 04:00:00,,,,,,,
2024-03-13 00:00:00,,,,,,,
2024-03-13 04:00:00,,,,,,,
2024-03-14 00:00:00,,,,,,,
2024-03-14 04:00:00,,,,,,,
2024-03-15 00:00:00,,,,,,,
2024-03-15 04:00:00,,,,,,,
2024-03-16 00:00:00,,,,,,,
2024-03-17 00:00:00,,,,,,,
2024-03-18 00:00:00,,,,,,,
2024-03-18 04:00:00,,,,,,,
2024-03-19 00:00:00,,,,,,,
2024-03-19 04:00:00,,,,,,,
2024-03-20 00:00:00,,,,,,,
2024-03-20 04:00:00,,,,,,,
2024-03-21 00:00:00,,,,,,,
2024-03-21 04:00:00,,,,,,,
2024-03-22 00:00:00,,,,,,,
2024-03-22 04:00:00,,,,,,,
2024-03-23 00:00:00,,,,,,,
2024-03-24 00:00:00,,,,,,,
2024-03-25 00:00:00,,,,,,,
2024-03-25 04:00:00,,,,,,,
2024-03-26 00:00:00,,,,,,,
2024-03-26 04:00:00,,,,,,,
2024-03-27 00:00:00,,,,,,,
2024-03-27 04:00:00,,,,,,,
2024-03-28 00:00:00,,,,,,,
2024-03-28 04:00:00,,,,,,,
2024-03-29 00:00:00,,,,,,,
2024-03-30 00:00:00,,,,,,,
2024-03-31 00:00:00,,,,,,,
2024-04-01 00:00:00,3.9,157635.0,62.7,313.016,317.596,123.234,122.14
2024-04-01 04:00:00,,,,,,,
2024-04-02 00:00:00,,,,,,,
2024-04-02 04:00:00,,,,,,,
2024-04-03 00:00:00,,,,,,,
2024-04-03 04:00:00,,,,,,,
2024-04-04 00:00:00,,,,,,,
2024-04-04 04:00:00,,,,,,,
2024-04-05 00:00:00,,,,,,,
2024-04-05 04:00:00,,,,,,,
2024-04-06 00:00:00,,,,,,,
2024-04-07 00:00:00,,,,,,,
2024-04-08 00:00:00,,,,,,,
2024-04-08 04:00:00,,,,,,,
2024-04-09 00:00:00,,,,,,,
2024-04-09 04:00:00,,,,,,,
2024-04-10 00:00:00,,,,,,,
2024-04-10 04:00:00,,,,,,,
2024-04-11 00:00:00,,,,,,,
2024-04-11 04:00:00,,,,,,,
2024-04-12 00:00:00,,,,,,,
2024-04-12 04:00:00,,,,,,,
2024-04-13 00:00:00,,,,,,,
2024-04-14 00:00:00,,,,,,,
2024-04-15 00:00:00,,,,,,,
2024-04-15 04:00:00,,,,,,,
2024-04-16 00:00:00,,,,,,,
2024-04-16 04:00:00,,,,,,,
2024-04-17 00:00:00,,,,,,,
2024-04-17 04:00:00,,,,,,,
2024-04-18 00:00:00,,,,,,,
2024-04-18 04:00:00,,,,,,,
2024-04-19 00:00:00,,,,,,,
2024-04-19 04:00:00,,,,,,,
2024-04-20 00:00:00,,,,,,,
2024-04-21 00:00:00,,,,,,,
2024-04-22 00:00:00,,,,,,,
2024-04-22 04:00:00,,,,,,,
2024-04-23 00:00:00,,,,,,,
2024-04-23 04:00:00,,,,,,,
2024-04-24 00:00:00,,,,,,,
2024-04-24 04:00:00,,,,,,,
2024-04-25 00:00:00,,,,,,,
2024-04-25 04:00:00,,,,,,,
2024-04-26 00:00:00,,,,,,,
2024-04-26 04:00:00,,,,,,,
2024-04-27 00:00:00,,,,,,,
2024-04-28 00:00:00,,,,,,,
2024-04-29 00:00:00,,,,,,,
2024-04-29 04:00:00,,,,,,,
2024-04-30 00:00:00,,,,,,,
2024-04-30 04:00:00,,,,,,,
2024-05-01 00:00:00,4.0,157828.0,62.6,313.14,318.053,123.224,122.239
2024-05-01 04:00:00,,,,,,,
2024-05-02 00:00:00,,,,,,,
2024-05-02 04:00:00,,,,,,,
2024-05-03 00:00:00,,,,,,,
2024-05-03 04:00:00,,,,,,,
2024-05-04 00:00:00,,,,,,,
2024-05-05 00:00:00,,,,,,,
2024-05-06 00:00:00,,,,,,,
2024-05-06 04:00:00,,,,,,,
2024-05-07 00:00:00,,,,,,,
2024-05-07 04:00:00,,,,,,,
2024-05-08 00:00:00,,,,,,,
2024-05-08 04:00:00,,,,,,,
2024-05-09 00:00:00,,,,,,,
2024-05-09 04:00:00,,,,,,,
2024-05-10 00:00:00,,,,,,,
2024-05-10 04:00:00,,,,,,,
2024-05-11 00:00:00,,,,,,,
2024-05-12 00:00:00,,,,,,,
2024-05-13 00:00:00,,,,,,,
2024-05-13 04:00:00,,,,,,,
2024-05-14 00:00:00,,,,,,,
2024-05-14 04:00:00,,,,,,,
2024-05-15 00:00:00,,,,,,,
2024-05-15 04:00:00,,,,,,,
2024-05-16 00:00:00,,,,,,,
2024-05-16 04:00:00,,,,,,,
2024-05-17 00:00:00,,,,,,,
2024-05-17 04:00:00,,,,,,,
2024-05-18 00:00:00,,,,,,,
2024-05-19 00:00:00,,,,,,,
2024-05-20 00:00:00,,,,,,,
2024-05-20 04:00:00,,,,,,,
2024-05-21 00:00:00,,,,,,,
2024-05-21 04:00:00,,,,,,,
2024-05-22 00:00:00,,,,,,,
2024-05-22 04:00:00,,,,,,,
2024-05-23 00:00:00,,,,,,,
2024-05-23 04:00:00,,,,,,,
2024-05-24 00:00:00,,,,,,,
2024-05-24 04:00:00,,,,,,,
2024-05-25 00:00:00,,,,,,,
2024-05-26 00:00:00,,,,,,,
2024-05-27 00:00:00,,,,,,,
2024-05-28 00:00:00,,,,,,,
2024-05-28 04:00:00,,,,,,,
2024-05-29 00:00:00,,,,,,,
2024-05-29 04:00:00,,,,,,,
2024-05-30 00:00:00,,,,,,,
2024-05-30 04:00:00,,,,,,,
2024-05-31 00:00:00,,,,,,,
2024-05-31 04:00:00,,,,,,,
2024-06-01 00:00:00,4.1,157915.0,62.6,313.131,318.343,123.369,122.51
2024-06-02 00:00:00,,,,,,,
2024-06-03 00:00:00,,,,,,,
2024-06-03 04:00:00,,,,,,,
2024-06-04 00:00:00,,,,,,,
2024-06-04 04:00:00,,,,,,,
2024-06-05 00:00:00,,,,,,,
2024-06-05 04:00:00,,,,,,,
2024-06-06 00:00:00,,,,,,,
2024-06-06 04:00:00,,,,,,,
2024-06-07 00:00:00,,,,,,,
2024-06-07 04:00:00,,,,,,,
2024-06-08 00:00:00,,,,,,,
2024-06-09 00:00:00,,,,,,,
2024-06-10 00:00:00,,,,,,,
2024-06-10 04:00:00,,,,,,,
2024-06-11 00:00:00,,,,,,,
2024-06-11 04:00:00,,,,,,,
2024-06-12 00:00:00,,,,,,,
2024-06-12 04:00:00,,,,,,,
2024-06-13 00:00:00,,,,,,,
2024-06-13 04:00:00,,,,,,,
2024-06-14 00:00:00,,,,,,,
2024-06-14 04:00:00,,,,,,,
2024-06-15 00:00:00,,,,,,,
2024-06-16 00:00:00,,,,,,,
2024-06-17 00:00:00,,,,,,,
2024-06-17 04:00:00,,,,,,,
2024-06-18 00:00:00,,,,,,,
2024-06-18 04:00:00,,,,,,,
2024-06-19 00:00:00,,,,,,,
2024-06-20 00:00:00,,,,,,,
2024-06-20 04:00:00,,,,,,,
2024-06-21 00:00:00,,,,,,,
2024-06-21 04:00:00,,,,,,,
2024-06-22 00:00:00,,,,,,,
2024-06-23 00:00:00,,,,,,,
2024-06-24 00:00:00,,,,,,,
2024-06-24 04:00:00,,,,,,,
2024-06-25 00:00:00,,,,,,,
2024-06-25 04:00:00,,,,,,,
2024-06-26 00:00:00,,,,,,,
2024-06-26 04:00:00,,,,,,,
2024-06-27 00:00:00,,,,,,,
2024-06-27 04:00:00,,,,,,,
2024-06-28 00:00:00,,,,,,,
2024-06-28 04:00:00,,,,,,,
2024-06-29 00:00:00,,,,,,,
2024-06-30 00:00:00,,,,,,,
2024-07-01 00:00:00,4.2,158003.0,62.7,313.566,318.933,123.575,122.722
2024-07-01 04:00:00,,,,,,,
2024-07-02 00:00:00,,,,,,,
2024-07-02 04:00:00,,,,,,,
2024-07-03 00:00:00,,,,,,,
2024-07-03 04:00:00,,,,,,,
2024-07-04 00:00:00,,,,,,,
2024-07-05 00:00:00,,,,,,,
2024-07-05 04:00:00,,,,,,,
2024-07-06 00:00:00,,,,,,,
2024-07-07 00:00:00,,,,,,,
2024-07-08 00:00:00,,,,,,,
2024-07-08 04:00:00,,,,,,,
2024-07-09 00:00:00,,,,,,,
2024-07-09 04:00:00,,,,,,,
2024-07-10 00:00:00,,,,,,,
2024-07-10 04:00:00,,,,,,,
2024-07-11 00:00:00,,,,,,,
2024-07-11 04:00:00,,,,,,,
2024-07-12 00:00:00,,,,,,,
2024-07-12 04:00:00,,,,,,,
2024-07-13 00:00:00,,,,,,,
2024-07-14 00:00:00,,,,,,,
2024-07-15 00:00:00,,,,,,,
2024-07-15 04:00:00,,,,,,,
2024-07-16 00:00:00,,,,,,,
2024-07-16 04:00:00,,,,,,,
2024-07-17 00:00:00,,,,,,,
2024-07-17 04:00:00,,,,,,,
2024-07-18 00:00:00,,,,,,,
2024-07-18 04:00:00,,,,,,,
2024-07-19 00:00:00,,,,,,,
2024-07-19 04:00:00,,,,,,,
2024-07-20 00:00:00,,,,,,,
2024-07-21 00:00:00,,,,,,,
2024-07-22 00:00:00,,,,,,,
2024-07-22 04:00:00,,,,,,,
2024-07-23 00:00:00,,,,,,,
2024-07-23 04:00:00,,,,,,,
2024-07-24 00:00:00,,,,,,,
2024-07-24 04:00:00,,,,,,,
2024-07-25 00:00:00,,,,,,,
2024-07-25 04:00:00,,,,,,,
2024-07-26 00:00:00,,,,,,,
2024-07-26 04:00:00,,,,,,,
2024-07-27 00:00:00,,,,,,,
2024-07-28 00:00:00,,,,,,,
2024-07-29 00:00:00,,,,,,,
2024-07-29 04:00:00,,,,,,,
2024-07-30 00:00:00,,,,,,,
2024-07-30 04:00:00,,,,,,,
2024-07-31 00:00:00,,,,,,,
2024-07-31 04:00:00,,,,,,,
2024-08-01 00:00:00,4.2,158074.0,62.7,314.131,319.839,123.727,122.926
2024-08-01 04:00:00,,,,,,,
2024-08-02 00:00:00,,,,,,,
2024-08-02 04:00:00,,,,,,,
2024-08-03 00:00:00,,,,,,,
2024-08-04 00:00:00,,,,,,,
2024-08-05 00:00:00,,,,,,,
2024-08-05 04:00:00,,,,,,,
2024-08-06 00:00:00,,,,,,,
2024-08-06 04:00:00,,,,,,,
2024-08-07 00:00:00,,,,,,,
2024-08-07 04:00:00,,,,,,,
2024-08-08 00:00:00,,,,,,,
2024-08-08 04:00:00,,,,,,,
2024-08-09 00:00:00,,,,,,,
2024-08-09 04:00:00,,,,,,,
2024-08-10 00:00:00,,,,,,,
2024-08-11 00:00:00,,,,,,,
2024-08-12 00:00:00,,,,,,,
2024-08-12 04:00:00,,,,,,,
2024-08-13 00:00:00,,,,,,,
2024-08-13 04:00:00,,,,,,,
2024-08-14 00:00:00,,,,,,,
2024-08-14 04:00:00,,,,,,,
2024-08-15 00:00:00,,,,,,,
2024-08-15 04:00:00,,,,,,,
2024-08-16 00:00:00,,,,,,,
2024-08-16 04:00:00,,,,,,,
2024-08-17 00:00:00,,,,,,,
2024-08-18 00:00:00,,,,,,,
2024-08-19 00:00:00,,,,,,,
2024-08-19 04:00:00,,,,,,,
2024-08-20 00:00:00,,,,,,,
2024-08-20 04:00:00,,,,,,,
2024-08-21 00:00:00,,,,,,,
2024-08-21 04:00:00,,,,,,,
2024-08-22 00:00:00,,,,,,,
2024-08-22 04:00:00,,,,,,,
2024-08-23 00:00:00,,,,,,,
2024-08-23 04:00:00,,,,,,,
2024-08-24 00:00:00,,,,,,,
2024-08-25 00:00:00,,,,,,,
2024-08-26 00:00:00,,,,,,,
2024-08-26 04:00:00,,,,,,,
2024-08-27 00:00:00,,,,,,,
2024-08-27 04:00:00,,,,,,,
2024-08-28 00:00:00,,,,,,,
2024-08-28 04:00:00,,,,,,,
2024-08-29 00:00:00,,,,,,,
2024-08-29 04:00:00,,,,,,,
2024-08-30 00:00:00,,,,,,,
2024-08-30 04:00:00,,,,,,,
2024-08-31 00:00:00,,,,,,,
2024-09-01 00:00:00,4.1,158314.0,62.7,314.851,320.835,123.939,123.234
2024-09-02 00:00:00,,,,,,,
2024-09-03 00:00:00,,,,,,,
2024-09-03 04:00:00,,,,,,,
2024-09-04 00:00:00,,,,,,,
2024-09-04 04:00:00,,,,,,,
2024-09-05 00:00:00,,,,,,,
2024-09-05 04:00:00,,,,,,,
2024-09-06 00:00:00,,,,,,,
2024-09-06 04:00:00,,,,,,,
2024-09-07 00:00:00,,,,,,,
2024-09-08 00:00:00,,,,,,,
2024-09-09 00:00:00,,,,,,,
2024-09-09 04:00:00,,,,,,,
2024-09-10 00:00:00,,,,,,,
2024-09-10 04:00:00,,,,,,,
2024-09-11 00:00:00,,,,,,,
2024-09-11 04:00:00,,,,,,,
2024-09-12 00:00:00,,,,,,,
2024-09-12 04:00:00,,,,,,,
2024-09-13 00:00:00,,,,,,,
2024-09-13 04:00:00,,,,,,,
2024-09-14 00:00:00,,,,,,,
2024-09-15 00:00:00,,,,,,,
2024-09-16 00:00:00,,,,,,,
2024-09-16 04:00:00,,,,,,,
2024-09-17 00:00:00,,,,,,,
2024-09-17 04:00:00,,,,,,,
2024-09-18 00:00:00,,,,,,,
2024-09-18 04:00:00,,,,,,,
2024-09-19 00:00:00,,,,,,,
2024-09-19 04:00:00,,,,,,,
2024-09-20 00:00:00,,,,,,,
2024-09-20 04:00:00,,,,,,,
2024-09-21 00:00:00,,,,,,,
2024-09-22 00:00:00,,,,,,,
2024-09-23 00:00:00,,,,,,,
2024-09-23 04:00:00,,,,,,,
2024-09-24 00:00:00,,,,,,,
2024-09-24 04:00:00,,,,,,,
2024-09-25 00:00:00,,,,,,,
2024-09-25 04:00:00,,,,,,,
2024-09-26 00:00:00,,,,,,,
2024-09-26 04:00:00,,,,,,,
2024-09-27 00:00:00,,,,,,,
2024-09-27 04:00:00,,,,,,,
2024-09-28 00:00:00,,,,,,,
2024-09-29 00:00:00,,,,,,,
2024-09-30 00:00:00,,,,,,,
2024-09-30 04:00:00,,,,,,,
2024-10-01 00:00:00,4.1,158358.0,62.5,315.564,321.688,124.265,123.595
2024-10-01 04:00:00,,,,,,,
2024-10-02 00:00:00,,,,,,,
2024-10-02 04:00:00,,,,,,,
2024-10-03 00:00:00,,,,,,,
2024-10-03 04:00:00,,,,,,,
2024-10-04 00:00:00,,,,,,,
2024-10-04 04:00:00,,,,,,,
2024-10-05 00:00:00,,,,,,,
2024-10-06 00:00:00,,,,,,,
2024-10-07 00:00:00,,,,,,,
2024-10-07 04:00:00,,,,,,,
2024-10-08 00:00:00,,,,,,,
2024-10-08 04:00:00,,,,,,,
2024-10-09 00:00:00,,,,,,,
2024-10-09 04:00:00,,,,,,,
2024-10-10 00:00:00,,,,,,,
2024-10-10 04:00:00,,,,,,,
2024-10-11 00:00:00,,,,,,,
2024-10-11 04:00:00,,,,,,,
2024-10-12 00:00:00,,,,,,,
2024-10-13 00:00:00,,,,,,,
2024-10-14 00:00:00,,,,,,,
2024-10-14 04:00:00,,,,,,,
2024-10-15 00:00:00,,,,,,,
2024-10-15 04:00:00,,,,,,,
2024-10-16 00:00:00,,,,,,,
2024-10-16 04:00:00,,,,,,,
2024-10-17 00:00:00,,,,,,,
2024-10-17 04:00:00,,,,,,,
2024-10-18 00:00:00,,,,,,,
2024-10-18 04:00:00,,,,,,,
2024-10-19 00:00:00,,,,,,,
2024-10-20 00:00:00,,,,,,,
2024-10-21 00:00:00,,,,,,,
2024-10-21 04:00:00,,,,,,,
2024-10-22 00:00:00,,,,,,,
2024-10-22 04:00:00,,,,,,,
2024-10-23 00:00:00,,,,,,,
2024-10-23 04:00:00,,,,,,,
2024-10-24 00:00:00,,,,,,,
2024-10-24 04:00:00,,,,,,,
2024-10-25 00:00:00,,,,,,,
2024-10-25 04:00:00,,,,,,,
2024-10-26 00:00:00,,,,,,,
2024-10-27 00:00:00,,,,,,,
2024-10-28 00:00:00,,,,,,,
2024-10-28 04:00:00,,,,,,,
2024-10-29 00:00:00,,,,,,,
2024-10-29 04:00:00,,,,,,,
2024-10-30 00:00:00,,,,,,,
2024-10-30 04:00:00,,,,,,,
2024-10-31 00:00:00,,,,,,,
2024-10-31 04:00:00,,,,,,,
2024-11-01 00:00:00,4.2,158619.0,62.5,316.449,322.619,124.399,123.716
2024-11-01 04:00:00,,,,,,,
2024-11-02 00:00:00,,,,,,,
2024-11-03 00:00:00,,,,,,,
2024-11-04 00:00:00,,,,,,,
2024-11-04 05:00:00,,,,,,,
2024-11-05 00:00:00,,,,,,,
2024-11-05 05:00:00,,,,,,,
2024-11-06 00:00:00,,,,,,,
2024-11-06 05:00:00,,,,,,,
2024-11-07 00:00:00,,,,,,,
2024-11-07 05:00:00,,,,,,,
2024-11-08 00:00:00,,,,,,,
2024-11-08 05:00:00,,,,,,,
2024-11-09 00:00:00,,,,,,,
2024-11-10 00:00:00,,,,,,,
2024-11-11 00:00:00,,,,,,,
2024-11-11 05:00:00,,,,,,,
2024-11-12 00:00:00,,,,,,,
2024-11-12 05:00:00,,,,,,,
2024-11-13 00:00:00,,,,,,,
2024-11-13 05:00:00,,,,,,,
2024-11-14 00:00:00,,,,,,,
2024-11-14 05:00:00,,,,,,,
2024-11-15 00:00:00,,,,,,,
2024-11-15 05:00:00,,,,,,,
2024-11-16 00:00:00,,,,,,,
2024-11-17 00:00:00,,,,,,,
2024-11-18 00:00:00,,,,,,,
2024-11-18 05:00:00,,,,,,,
2024-11-19 00:00:00,,,,,,,
2024-11-19 05:00:00,,,,,,,
2024-11-20 00:00:00,,,,,,,
2024-11-20 05:00:00,,,,,,,
2024-11-21 00:00:00,,,,,,,
2024-11-21 05:00:00,,,,,,,
2024-11-22 00:00:00,,,,,,,
2024-11-22 05:00:00,,,,,,,
2024-11-23 00:00:00,,,,,,,
2024-11-24 00:00:00,,,,,,,
2024-11-25 00:00:00,,,,,,,
2024-11-25 05:00:00,,,,,,,
2024-11-26 00:00:00,,,,,,,
2024-11-26 05:00:00,,,,,,,
2024-11-27 00:00:00,,,,,,,
2024-11-27 05:00:00,,,,,,,
2024-11-28 00:00:00,,,,,,,
2024-11-29 00:00:00,,,,,,,
2024-11-29 05:00:00,,,,,,,
2024-11-30 00:00:00,,,,,,,
2024-12-01 00:00:00,4.1,158942.0,62.5,317.603,323.296,124.769,123.98
2024-12-02 00:00:00,,,,,,,
2024-12-02 05:00:00,,,,,,,
2024-12-03 00:00:00,,,,,,,
2024-12-03 05:00:00,,,,,,,
2024-12-04 00:00:00,,,,,,,
2024-12-04 05:00:00,,,,,,,
2024-12-05 00:00:00,,,,,,,
2024-12-05 05:00:00,,,,,,,
2024-12-06 00:00:00,,,,,,,
2024-12-06 05:00:00,,,,,,,
2024-12-07 00:00:00,,,,,,,
2024-12-08 00:00:00,,,,,,,
2024-12-09 00:00:00,,,,,,,
2024-12-09 05:00:00,,,,,,,
2024-12-10 00:00:00,,,,,,,
2024-12-10 05:00:00,,,,,,,
2024-12-11 00:00:00,,,,,,,
2024-12-11 05:00:00,,,,,,,
2024-12-12 00:00:00,,,,,,,
2024-12-12 05:00:00,,,,,,,
2024-12-13 00:00:00,,,,,,,
2024-12-13 05:00:00,,,,,,,
2024-12-14 00:00:00,,,,,,,
2024-12-15 00:00:00,,,,,,,
2024-12-16 00:00:00,,,,,,,
2024-12-16 05:00:00,,,,,,,
2024-12-17 00:00:00,,,,,,,
2024-12-17 05:00:00,,,,,,,
2024-12-18 00:00:00,,,,,,,
2024-12-18 05:00:00,,,,,,,
2024-12-19 00:00:00,,,,,,,
2024-12-19 05:00:00,,,,,,,
2024-12-20 00:00:00,,,,,,,
2024-12-20 05:00:00,,,,,,,
2024-12-21 00:00:00,,,,,,,
2024-12-22 00:00:00,,,,,,,
2024-12-23 00:00:00,,,,,,,
2024-12-23 05:00:00,,,,,,,
2024-12-24 00:00:00,,,,,,,
2024-12-24 05:00:00,,,,,,,
2024-12-25 00:00:00,,,,,,,
2024-12-26 00:00:00,,,,,,,
2024-12-26 05:00:00,,,,,,,
2024-12-27 00:00:00,,,,,,,
2024-12-27 05:00:00,,,,,,,
2024-12-28 00:00:00,,,,,,,
2024-12-29 00:00:00,,,,,,,
2024-12-30 00:00:00,,,,,,,
2024-12-30 05:00:00,,,,,,,
2024-12-31 00:00:00,,,,,,,
2024-12-31 05:00:00,,,,,,,
2025-01-01 00:00:00,4.0,159053.0,62.6,319.086,324.739,125.239,124.407
2025-01-02 00:00:00,,,,,,,
2025-01-02 05:00:00,,,,,,,
2025-01-03 00:00:00,,,,,,,
2025-01-03 05:00:00,,,,,,,
2025-01-04 00:00:00,,,,,,,
2025-01-05 00:00:00,,,,,,,
2025-01-06 00:00:00,,,,,,,
2025-01-06 05:00:00,,,,,,,
2025-01-07 00:00:00,,,,,,,
2025-01-07 05:00:00,,,,,,,
2025-01-08 00:00:00,,,,,,,
2025-01-08 05:00:00,,,,,,,
2025-01-09 00:00:00,,,,,,,
2025-01-10 00:00:00,,,,,,,
2025-01-10 05:00:00,,,,,,,
2025-01-11 00:00:00,,,,,,,
2025-01-12 00:00:00,,,,,,,
2025-01-13 00:00:00,,,,,,,
2025-01-13 05:00:00,,,,,,,
2025-01-14 00:00:00,,,,,,,
2025-01-14 05:00:00,,,,,,,
2025-01-15 00:00:00,,,,,,,
2025-01-15 05:00:00,,,,,,,
2025-01-16 00:00:00,,,,,,,
2025-01-16 05:00:00,,,,,,,
2025-01-17 00:00:00,,,,,,,
2025-01-17 05:00:00,,,,,,,
2025-01-18 00:00:00,,,,,,,
2025-01-19 00:00:00,,,,,,,
2025-01-20 00:00:00,,,,,,,
2025-01-21 00:00:00,,,,,,,
2025-01-21 05:00:00,,,,,,,
2025-01-22 00:00:00,,,,,,,
2025-01-22 05:00:00,,,,,,,
2025-01-23 00:00:00,,,,,,,
2025-01-23 05:00:00,,,,,,,
2025-01-24 00:00:00,,,,,,,
2025-01-24 05:00:00,,,,,,,
2025-01-25 00:00:00,,,,,,,
2025-01-26 00:00:00,,,,,,,
2025-01-27 00:00:00,,,,,,,
2025-01-27 05:00:00,,,,,,,
2025-01-28 00:00:00,,,,,,,
2025-01-28 05:00:00,,,,,,,
2025-01-29 00:00:00,,,,,,,
2025-01-29 05:00:00,,,,,,,
2025-01-30 00:00:00,,,,,,,
2025-01-30 05:00:00,,,,,,,
2025-01-31 00:00:00,,,,,,,
2025-01-31 05:00:00,,,,,,,
2025-02-01 00:00:00,4.1,159155.0,62.4,319.775,325.475,125.772,124.999
2025-02-02 00:00:00,,,,,,,
2025-02-03 00:00:00,,,,,,,
2025-02-03 05:00:00,,,,,,,
2025-02-04 00:00:00,,,,,,,
2025-02-04 05:00:00,,,,,,,
2025-02-05 00:00:00,,,,,,,
2025-02-05 05:00:00,,,,,,,
2025-02-06 00:00:00,,,,,,,
2025-02-06 05:00:00,,,,,,,
2025-02-07 00:00:00,,,,,,,
2025-02-07 05:00:00,,,,,,,
2025-02-08 00:00:00,,,,,,,
2025-02-09 00:00:00,,,,,,,
2025-02-10 00:00:00,,,,,,,
2025-02-10 05:00:00,,,,,,,
2025-02-11 00:00:00,,,,,,,
2025-02-11 05:00:00,,,,,,,
2025-02-12 00:00:00,,,,,,,
2025-02-12 05:00:00,,,,,,,
2025-02-13 00:00:00,,,,,,,
2025-02-13 05:00:00,,,,,,,
2025-02-14 00:00:00,,,,,,,
2025-02-14 05:00:00,,,,,,,
2025-02-15 00:00:00,,,,,,,
2025-02-16 00:00:00,,,,,,,
2025-02-17 00:00:00,,,,,,,
2025-02-18 00:00:00,,,,,,,
2025-02-18 05:00:00,,,,,,,
2025-02-19 00:00:00,,,,,,,
2025-02-19 05:00:00,,,,,,,
2025-02-20 00:00:00,,,,,,,
2025-02-20 05:00:00,,,,,,,
2025-02-21 00:00:00,,,,,,,
2025-02-21 05:00:00,,,,,,,
2025-02-22 00:00:00,,,,,,,
2025-02-23 00:00:00,,,,,,,
2025-02-24 00:00:00,,,,,,,
2025-02-24 05:00:00,,,,,,,
2025-02-25 00:00:00,,,,,,,
2025-02-25 05:00:00,,,,,,,
2025-02-26 00:00:00,,,,,,,
2025-02-26 05:00:00,,,,,,,
2025-02-27 00:00:00,,,,,,,
2025-02-27 05:00:00,,,,,,,
2025-02-28 00:00:00,,,,,,,
2025-02-28 05:00:00,,,,,,,
2025-03-01 00:00:00,4.2,159275.0,62.5,319.615,325.659,125.791,125.118
2025-03-02 00:00:00,,,,,,,
2025-03-03 00:00:00,,,,,,,
2025-03-03 05:00:00,,,,,,,
2025-03-04 00:00:00,,,,,,,
2025-03-04 05:00:00,,,,,,,
2025-03-05 00:00:00,,,,,,,
2025-03-05 05:00:00,,,,,,,
2025-03-06 00:00:00,,,,,,,
2025-03-06 05:00:00,,,,,,,
2025-03-07 00:00:00,,,,,,,
2025-03-07 05:00:00,,,,,,,
2025-03-08 00:00:00,,,,,,,
2025-03-09 00:00:00,,,,,,,
2025-03-10 00:00:00,,,,,,,
2025-03-10 04:00:00,,,,,,,
2025-03-11 00:00:00,,,,,,,
2025-03-11 04:00:00,,,,,,,
2025-03-12 00:00:00,,,,,,,
2025-03-12 04:00:00,,,,,,,
2025-03-13 00:00:00,,,,,,,
2025-03-13 04:00:00,,,,,,,
2025-03-14 00:00:00,,,,,,,
2025-03-14 04:00:00,,,,,,,
2025-03-15 00:00:00,,,,,,,
2025-03-16 00:00:00,,,,,,,
2025-03-17 00:00:00,,,,,,,
2025-03-17 04:00:00,,,,,,,
2025-03-18 00:00:00,,,,,,,
2025-03-18 04:00:00,,,,,,,
2025-03-19 00:00:00,,,,,,,
2025-03-19 04:00:00,,,,,,,
2025-03-20 00:00:00,,,,,,,
2025-03-20 04:00:00,,,,,,,
2025-03-21 00:00:00,,,,,,,
2025-03-21 04:00:00,,,,,,,
2025-03-22 00:00:00,,,,,,,
2025-03-23 00:00:00,,,,,,,
2025-03-24 00:00:00,,,,,,,
2025-03-24 04:00:00,,,,,,,
2025-03-25 00:00:00,,,,,,,
2025-03-25 04:00:00,,,,,,,
2025-03-26 00:00:00,,,,,,,
2025-03-26 04:00:00,,,,,,,
2025-03-27 00:00:00,,,,,,,
2025-03-27 04:00:00,,,,,,,
2025-03-28 00:00:00,,,,,,,
2025-03-28 04:00:00,,,,,,,
2025-03-29 00:00:00,,,,,,,
2025-03-30 00:00:00,,,,,,,
2025-03-31 00:00:00,,,,,,,
2025-03-31 04:00:00,,,,,,,
2025-04-01 00:00:00,4.2,159433.0,62.6,320.321,326.43,125.977,125.329
2025-04-01 04:00:00,,,,,,,
2025-04-02 00:00:00,,,,,,,
2025-04-02 04:00:00,,,,,,,
2025-04-03 00:00:00,,,,,,,
2025-04-03 04:00:00,,,,,,,
2025-04-04 00:00:00,,,,,,,
2025-04-04 04:00:00,,,,,,,
2025-04-05 00:00:00,,,,,,,
2025-04-06 00:00:00,,,,,,,
2025-04-07 00:00:00,,,,,,,
2025-04-07 04:00:00,,,,,,,
2025-04-08 00:00:00,,,,,,,
2025-04-08 04:00:00,,,,,,,
2025-04-09 00:00:00,,,,,,,
2025-04-09 04:00:00,,,,,,,
2025-04-10 00:00:00,,,,,,,
2025-04-10 04:00:00,,,,,,,
2025-04-11 00:00:00,,,,,,,
2025-04-11 04:00:00,,,,,,,
2025-04-12 00:00:00,,,,,,,
2025-04-13 00:00:00,,,,,,,
2025-04-14 00:00:00,,,,,,,
2025-04-14 04:00:00,,,,,,,
2025-04-15 00:00:00,,,,,,,
2025-04-15 04:00:00,,,,,,,
2025-04-16 00:00:00,,,,,,,
2025-04-16 04:00:00,,,,,,,
2025-04-17 00:00:00,,,,,,,
2025-04-17 04:00:00,,,,,,,
2025-04-18 00:00:00,,,,,,,
2025-04-19 00:00:00,,,,,,,
2025-04-20 00:00:00,,,,,,,
2025-04-21 00:00:00,,,,,,,
2025-04-21 04:00:00,,,,,,,
2025-04-22 00:00:00,,,,,,,
2025-04-22 04:00:00,,,,,,,
2025-04-23 00:00:00,,,,,,,
2025-04-23 04:00:00,,,,,,,
2025-04-24 00:00:00,,,,,,,
2025-04-24 04:00:00,,,,,,,
2025-04-25 00:00:00,,,,,,,
2025-04-25 04:00:00,,,,,,,
2025-04-26 00:00:00,,,,,,,
2025-04-27 00:00:00,,,,,,,
2025-04-28 00:00:00,,,,,,,
2025-04-28 04:00:00,,,,,,,
2025-04-29 00:00:00,,,,,,,
2025-04-29 04:00:00,,,,,,,
2025-04-30 00:00:00,,,,,,,
2025-04-30 04:00:00,,,,,,,
2025-05-01 00:00:00,4.2,159452.0,62.4,320.58,326.854,126.172,125.579
2025-05-01 04:00:00,,,,,,,
2025-05-02 00:00:00,,,,,,,
2025-05-02 04:00:00,,,,,,,
2025-05-03 00:00:00,,,,,,,
2025-05-04 00:00:00,,,,,,,
2025-05-05 00:00:00,,,,,,,
2025-05-05 04:00:00,,,,,,,
2025-05-06 00:00:00,,,,,,,
2025-05-06 04:00:00,,,,,,,
2025-05-07 00:00:00,,,,,,,
2025-05-07 04:00:00,,,,,,,
2025-05-08 00:00:00,,,,,,,
2025-05-08 04:00:00,,,,,,,
2025-05-09 00:00:00,,,,,,,
2025-05-09 04:00:00,,,,,,,
2025-05-10 00:00:00,,,,,,,
2025-05-11 00:00:00,,,,,,,
2025-05-12 00:00:00,,,,,,,
2025-05-12 04:00:00,,,,,,,
2025-05-13 00:00:00,,,,,,,
2025-05-13 04:00:00,,,,,,,
2025-05-14 00:00:00,,,,,,,
2025-05-14 04:00:00,,,,,,,
2025-05-15 00:00:00,,,,,,,
2025-05-15 04:00:00,,,,,,,
2025-05-16 00:00:00,,,,,,,
2025-05-16 04:00:00,,,,,,,
2025-05-17 00:00:00,,,,,,,
2025-05-18 00:00:00,,,,,,,
2025-05-19 00:00:00,,,,,,,
2025-05-19 04:00:00,,,,,,,
2025-05-20 00:00:00,,,,,,,
2025-05-20 04:00:00,,,,,,,
2025-05-21 00:00:00,,,,,,,
2025-05-21 04:00:00,,,,,,,
2025-05-22 00:00:00,,,,,,,
2025-05-22 04:00:00,,,,,,,
2025-05-23 00:00:00,,,,,,,
2025-05-23 04:00:00,,,,,,,
2025-05-24 00:00:00,,,,,,,
2025-05-25 00:00:00,,,,,,,
2025-05-26 00:00:00,,,,,,,
2025-05-27 00:00:00,,,,,,,
2025-05-27 04:00:00,,,,,,,
2025-05-28 00:00:00,,,,,,,
2025-05-28 04:00:00,,,,,,,
2025-05-29 00:00:00,,,,,,,
2025-05-29 04:00:00,,,,,,,
2025-05-30 00:00:00,,,,,,,
2025-05-30 04:00:00,,,,,,,
2025-05-31 00:00:00,,,,,,,
2025-06-01 00:00:00,4.1,159439.0,62.3,321.5,327.6,126.533,125.909
2025-06-02 00:00:00,,,,,,,
2025-06-02 04:00:00,,,,,,,
2025-06-03 00:00:00,,,,,,,
2025-06-03 04:00:00,,,,,,,
2025-06-04 00:00:00,,,,,,,
2025-06-04 04:00:00,,,,,,,
2025-06-05 00:00:00,,,,,,,
2025-06-05 04:00:00,,,,,,,
2025-06-06 00:00:00,,,,,,,
2025-06-06 04:00:00,,,,,,,
2025-06-07 00:00:00,,,,,,,
2025-06-08 00:00:00,,,,,,,
2025-06-09 00:00:00,,,,,,,
2025-06-09 04:00:00,,,,,,,
2025-06-10 00:00:00,,,,,,,
2025-06-10 04:00:00,,,,,,,
2025-06-11 00:00:00,,,,,,,
2025-06-11 04:00:00,,,,,,,
2025-06-12 00:00:00,,,,,,,
2025-06-12 04:00:00,,,,,,,
2025-06-13 00:00:00,,,,,,,
2025-06-13 04:00:00,,,,,,,
2025-06-14 00:00:00,,,,,,,
2025-06-15 00:00:00,,,,,,,
2025-06-16 00:00:00,,,,,,,
2025-06-16 04:00:00,,,,,,,
2025-06-17 00:00:00,,,,,,,
2025-06-17 04:00:00,,,,,,,
2025-06-18 00:00:00,,,,,,,
2025-06-18 04:00:00,,,,,,,
2025-06-19 00:00:00,,,,,,,
2025-06-20 00:00:00,,,,,,,
2025-06-20 04:00:00,,,,,,,
2025-06-21 00:00:00,,,,,,,
2025-06-22 00:00:00,,,,,,,
2025-06-23 00:00:00,,,,,,,
2025-06-23 04:00:00,,,,,,,
2025-06-24 00:00:00,,,,,,,
2025-06-24 04:00:00,,,,,,,
2025-06-25 00:00:00,,,,,,,
2025-06-25 04:00:00,,,,,,,
2025-06-26 00:00:00,,,,,,,
2025-06-26 04:00:00,,,,,,,
2025-06-27 00:00:00,,,,,,,
2025-06-27 04:00:00,,,,,,,
2025-06-28 00:00:00,,,,,,,
2025-06-29 00:00:00,,,,,,,
2025-06-30 00:00:00,,,,,,,
2025-06-30 04:00:00,,,,,,,
2025-07-01 00:00:00,4.2,159518.0,62.2,322.132,328.656,126.783,126.253
2025-07-01 04:00:00,,,,,,,
2025-07-02 00:00:00,,,,,,,
2025-07-02 04:00:00,,,,,,,
2025-07-03 00:00:00,,,,,,,
2025-07-03 04:00:00,,,,,,,
2025-07-04 00:00:00,,,,,,,
2025-07-05 00:00:00,,,,,,,
2025-07-06 00:00:00,,,,,,,
2025-07-07 00:00:00,,,,,,,
2025-07-07 04:00:00,,,,,,,
2025-07-08 00:00:00,,,,,,,
2025-07-08 04:00:00,,,,,,,
2025-07-09 00:00:00,,,,,,,
2025-07-09 04:00:00,,,,,,,
2025-07-10 00:00:00,,,,,,,
2025-07-10 04:00:00,,,,,,,
2025-07-11 00:00:00,,,,,,,
2025-07-11 04:00:00,,,,,,,
2025-07-12 00:00:00,,,,,,,
2025-07-13 00:00:00,,,,,,,
2025-07-14 00:00:00,,,,,,,
2025-07-14 04:00:00,,,,,,,
2025-07-15 00:00:00,,,,,,,
2025-07-15 04:00:00,,,,,,,
2025-07-16 00:00:00,,,,,,,
2025-07-16 04:00:00,,,,,,,
2025-07-17 00:00:00,,,,,,,
2025-07-17 04:00:00,,,,,,,
2025-07-18 00:00:00,,,,,,,
2025-07-18 04:00:00,,,,,,,
2025-07-19 00:00:00,,,,,,,
2025-07-20 00:00:00,,,,,,,
2025-07-21 00:00:00,,,,,,,
2025-07-21 04:00:00,,,,,,,
2025-07-22 00:00:00,,,,,,,
2025-07-22 04:00:00,,,,,,,
2025-07-23 00:00:00,,,,,,,
2025-07-23 04:00:00,,,,,,,
2025-07-24 00:00:00,,,,,,,
2025-07-24 04:00:00,,,,,,,
2025-07-25 00:00:00,,,,,,,
2025-07-25 04:00:00,,,,,,,
2025-07-26 00:00:00,,,,,,,
2025-07-27 00:00:00,,,,,,,
2025-07-28 00:00:00,,,,,,,
2025-07-28 04:00:00,,,,,,,
2025-07-29 00:00:00,,,,,,,
2025-07-29 04:00:00,,,,,,,
2025-07-30 00:00:00,,,,,,,
2025-07-30 04:00:00,,,,,,,
2025-07-31 00:00:00,,,,,,,
2025-07-31 04:00:00,,,,,,,
2025-08-01 00:00:00,4.3,159540.0,62.3,323.364,329.793,126.783,126.253
2025-08-01 04:00:00,,,,,,,
2025-08-02 00:00:00,,,,,,,
2025-08-03 00:00:00,,,,,,,
2025-08-04 00:00:00,,,,,,,
2025-08-04 04:00:00,,,,,,,
2025-08-05 00:00:00,,,,,,,
2025-08-05 04:00:00,,,,,,,
2025-08-06 00:00:00,,,,,,,
2025-08-06 04:00:00,,,,,,,
2025-08-07 00:00:00,,,,,,,
2025-08-07 04:00:00,,,,,,,
2025-08-08 00:00:00,,,,,,,
2025-08-08 04:00:00,,,,,,,
2025-08-09 00:00:00,,,,,,,
2025-08-10 00:00:00,,,,,,,
2025-08-11 00:00:00,,,,,,,
2025-08-11 04:00:00,,,,,,,
2025-08-12 00:00:00,,,,,,,
2025-08-12 04:00:00,,,,,,,
2025-08-13 00:00:00,,,,,,,
2025-08-13 04:00:00,,,,,,,
2025-08-14 00:00:00,,,,,,,
2025-08-14 04:00:00,,,,,,,
2025-08-15 00:00:00,,,,,,,
2025-08-15 04:00:00,,,,,,,
2025-08-16 00:00:00,,,,,,,
2025-08-17 00:00:00,,,,,,,
2025-08-18 00:00:00,,,,,,,
2025-08-18 04:00:00,,,,,,,
2025-08-19 00:00:00,,,,,,,
2025-08-19 04:00:00,,,,,,,
2025-08-20 00:00:00,,,,,,,
2025-08-20 04:00:00,,,,,,,
2025-08-21 00:00:00,,,,,,,
2025-08-21 04:00:00,,,,,,,
2025-08-22 00:00:00,,,,,,,
2025-08-22 04:00:00,,,,,,,
2025-08-23 00:00:00,,,,,,,
2025-08-24 00:00:00,,,,,,,
2025-08-25 00:00:00,,,,,,,
2025-08-25 04:00:00,,,,,,,
2025-08-26 00:00:00,,,,,,,
2025-08-26 04:00:00,,,,,,,
2025-08-27 00:00:00,,,,,,,
2025-08-27 04:00:00,,,,,,,
2025-08-28 00:00:00,,,,,,,
2025-08-28 04:00:00,,,,,,,
2025-08-29 00:00:00,,,,,,,
2025-08-29 04:00:00,,,,,,,
2025-08-30 00:00:00,,,,,,,
2025-08-31 00:00:00,,,,,,,
2025-09-01 00:00:00,,,,,,,
2025-09-02 00:00:00,,,,,,,
2025-09-02 04:00:00,,,,,,,
2025-09-03 00:00:00,,,,,,,
2025-09-03 04:00:00,,,,,,,
2025-09-04 00:00:00,,,,,,,
2025-09-04 04:00:00,,,,,,,
2025-09-05 00:00:00,,,,,,,
2025-09-05 04:00:00,,,,,,,
2025-09-06 00:00:00,,,,,,,
2025-09-07 00:00:00,,,,,,,
2025-09-08 00:00:00,,,,,,,
2025-09-08 04:00:00,,,,,,,
2025-09-09 00:00:00,,,,,,,
2025-09-09 04:00:00,,,,,,,
2025-09-10 00:00:00,,,,,,,
2025-09-10 04:00:00,,,,,,,
2025-09-11 00:00:00,,,,,,,
2025-09-11 04:00:00,,,,,,,
2025-09-12 00:00:00,,,,,,,
2025-09-12 04:00:00,,,,,,,
2025-09-13 00:00:00,,,,,,,
2025-09-14 00:00:00,,,,,,,
2025-09-15 00:00:00,,,,,,,
2025-09-15 04:00:00,,,,,,,
2025-09-16 00:00:00,,,,,,,
2025-09-16 04:00:00,,,,,,,
2025-09-17 00:00:00,,,,,,,
2025-09-17 04:00:00,,,,,,,
2025-09-18 00:00:00,,,,,,,
2025-09-18 04:00:00,,,,,,,
2025-09-19 00:00:00,,,,,,,
2025-09-19 04:00:00,,,,,,,
2025-09-20 00:00:00,,,,,,,
2025-09-21 00:00:00,,,,,,,
2025-09-22 00:00:00,,,,,,,
2025-09-22 04:00:00,,,,,,,
