,^GSPC,DX-Y.NYB
2021-09-24 00:00:00,,
2021-09-24 04:00:00,100.0,100.0
2021-09-25 00:00:00,,
2021-09-26 00:00:00,,
2021-09-27 00:00:00,,
2021-09-27 04:00:00,99.72236173786604,100.05356843606816
2021-09-28 00:00:00,,
2021-09-28 04:00:00,97.69160453852092,100.47143984075795
2021-09-29 00:00:00,,
2021-09-29 04:00:00,97.84490066273067,101.08217559950789
2021-09-30 00:00:00,,
2021-09-30 04:00:00,96.67959586722942,100.98574750979937
2021-10-01 00:00:00,,
2021-10-01 04:00:00,97.79058728043273,100.7607404591697
2021-10-02 00:00:00,,
2021-10-03 00:00:00,,
2021-10-04 00:00:00,,
2021-10-04 04:00:00,96.52068867527622,100.51429949439832
2021-10-05 00:00:00,,
2021-10-05 04:00:00,97.53652207829127,100.6964550660307
2021-10-06 00:00:00,,
2021-10-06 04:00:00,97.93669422409619,101.007173249298
2021-10-07 00:00:00,,
2021-10-07 04:00:00,98.7494003993283,100.95360481322983
2021-10-08 00:00:00,,
2021-10-08 04:00:00,98.56042139118753,100.79288315573922
2021-10-09 00:00:00,,
2021-10-10 00:00:00,,
2021-10-11 00:00:00,,
2021-10-11 04:00:00,97.88372881315067,101.06074986000924
2021-10-12 00:00:00,,
2021-10-12 04:00:00,97.64716532035744,101.27503995356804
2021-10-13 00:00:00,,
2021-10-13 04:00:00,97.94230529183963,100.80360011281006
2021-10-14 00:00:00,,
2021-10-14 04:00:00,99.61350483181975,100.67502115188896
2021-10-15 00:00:00,,
2021-10-15 04:00:00,100.35664253432641,100.65359541239032
2021-10-16 00:00:00,,
2021-10-17 00:00:00,,
2021-10-18 00:00:00,,
2021-10-18 04:00:00,100.69532307640378,100.66430419481809
2021-10-19 00:00:00,,
2021-10-19 04:00:00,101.4397977911462,100.49287375489968
2021-10-20 00:00:00,,
2021-10-20 04:00:00,101.8114762335664,100.24643279012831
2021-10-21 00:00:00,,
2021-10-21 04:00:00,102.11649036918304,100.47143984075795
2021-10-22 00:00:00,,
2021-10-22 04:00:00,102.00696495701888,100.30000940083954
2021-10-23 00:00:00,,
2021-10-24 00:00:00,,
2021-10-25 00:00:00,,
2021-10-25 04:00:00,102.49131407809224,100.51429949439832
2021-10-26 00:00:00,,
2021-10-26 04:00:00,102.67782728497856,100.66430419481809
2021-10-27 00:00:00,,
2021-10-27 04:00:00,102.15914325132663,100.56787610510955
2021-10-28 00:00:00,,
2021-10-28 04:00:00,103.16329423595394,100.02142573949865
2021-10-29 00:00:00,,
2021-10-29 04:00:00,103.3643940271499,100.84645976645047
2021-10-30 00:00:00,,
2021-10-31 00:00:00,,
2021-11-01 00:00:00,,
2021-11-01 04:00:00,103.55045791025206,100.58930184460822
2021-11-02 00:00:00,,
2021-11-02 04:00:00,103.9315611930226,100.81430889523786
2021-11-03 00:00:00,,
2021-11-03 04:00:00,104.60309202710015,100.56787610510955
2021-11-04 00:00:00,,
2021-11-04 04:00:00,105.04053612875559,101.09289255657873
2021-11-05 00:00:00,,
2021-11-05 04:00:00,105.4326314055626,101.06074986000924
2021-11-06 00:00:00,,
2021-11-07 00:00:00,,
2021-11-08 00:00:00,,
2021-11-08 05:00:00,105.52623322118137,100.77145741624057
2021-11-09 00:00:00,,
2021-11-09 05:00:00,105.15702058001564,100.67502115188896
2021-11-10 00:00:00,,
2021-11-10 05:00:00,104.29201749995589,101.62862596511879
2021-11-11 00:00:00,,
2021-11-11 05:00:00,104.34947614874284,101.98221197666956
2021-11-12 00:00:00,,
2021-11-12 05:00:00,105.10315652150184,101.92863536595833
2021-11-13 00:00:00,,
2021-11-14 00:00:00,,
2021-11-15 00:00:00,,
2021-11-15 05:00:00,105.10202773248314,102.22865294144094
2021-11-16 00:00:00,,
2021-11-16 05:00:00,105.50827122893234,102.7750951324088
2021-11-17 00:00:00,,
2021-11-17 05:00:00,105.23377823328737,102.67866704270025
2021-11-18 00:00:00,,
2021-11-18 05:00:00,105.58997144382964,102.36794068478984
2021-11-19 00:00:00,,
2021-11-19 05:00:00,105.44228638736335,102.9358167898994
2021-11-20 00:00:00,,
2021-11-21 00:00:00,,
2021-11-22 00:00:00,,
2021-11-22 05:00:00,105.10517299897215,103.39654784822957
2021-11-23 00:00:00,,
2021-11-23 05:00:00,105.27934624046955,103.38583089115872
2021-11-24 00:00:00,,
2021-11-24 05:00:00,105.52084133577166,103.76084264220813
2021-11-25 00:00:00,,
2021-11-26 00:00:00,,
2021-11-26 05:00:00,103.12289893184779,102.95724252939806
2021-11-27 00:00:00,,
2021-11-28 00:00:00,,
2021-11-29 00:00:00,,
2021-11-29 05:00:00,104.48414177458565,103.22510923366808
2021-11-30 00:00:00,,
2021-11-30 05:00:00,102.5029855373633,102.85009748261866
2021-12-01 00:00:00,,
2021-12-01 05:00:00,101.29189355234615,102.91439105040077
2021-12-02 00:00:00,,
2021-12-02 05:00:00,102.72967486602207,103.00010218303844
2021-12-03 00:00:00,,
2021-12-03 05:00:00,101.86175666092372,102.98939340061064
2021-12-04 00:00:00,,
2021-12-05 00:00:00,,
2021-12-06 00:00:00,,
2021-12-06 05:00:00,103.0566839488284,103.17154079759992
2021-12-07 00:00:00,,
2021-12-07 05:00:00,105.19068698647634,103.25726010488067
2021-12-08 00:00:00,,
2021-12-08 05:00:00,105.5152302680282,102.74295243583926
2021-12-09 00:00:00,,
2021-12-09 05:00:00,104.7575169403286,103.15010688345821
2021-12-10 00:00:00,,
2021-12-10 05:00:00,105.75785415234904,102.91439105040077
2021-12-11 00:00:00,,
2021-12-12 00:00:00,,
2021-12-13 00:00:00,,
2021-12-13 05:00:00,104.79163267057345,103.20368349416944
2021-12-14 00:00:00,,
2021-12-14 05:00:00,104.00876817007847,103.47155019843946
2021-12-15 00:00:00,,
2021-12-15 05:00:00,105.70915183779455,103.40726480530044
2021-12-16 00:00:00,,
2021-12-16 05:00:00,104.7848928138113,102.9036740933299
2021-12-17 00:00:00,,
2021-12-17 05:00:00,103.70689930095082,103.47155019843946
2021-12-18 00:00:00,,
2021-12-19 00:00:00,,
2021-12-20 00:00:00,,
2021-12-20 05:00:00,102.52587913212126,103.45012445894082
2021-12-21 00:00:00,,
2021-12-21 05:00:00,104.34857750117455,103.38583089115872
2021-12-22 00:00:00,,
2021-12-22 05:00:00,105.41086659982338,102.94653374697027
2021-12-23 00:00:00,,
2021-12-23 05:00:00,106.06691220202298,102.88224017918817
2021-12-24 00:00:00,,
2021-12-25 00:00:00,,
2021-12-26 00:00:00,,
2021-12-27 00:00:00,,
2021-12-27 05:00:00,107.53476533188643,102.95724252939806
2021-12-28 00:00:00,,
2021-12-28 05:00:00,107.42613856729058,103.07510453324831
2021-12-29 00:00:00,,
2021-12-29 05:00:00,107.57673874879545,102.78581208947963
2021-12-30 00:00:00,,
2021-12-30 05:00:00,107.25511059228216,102.82867174312003
2021-12-31 00:00:00,,
2021-12-31 05:00:00,106.9734393752076,102.50722842813875
2022-01-01 00:00:00,,
2022-01-02 00:00:00,,
2022-01-03 00:00:00,,
2022-01-03 05:00:00,107.65529369720377,103.1179641868887
2022-01-04 00:00:00,,
2022-01-04 05:00:00,107.58751156049821,103.17154079759992
2022-01-05 00:00:00,,
2022-01-05 05:00:00,105.50109300750272,103.06439575082054
2022-01-06 00:00:00,,
2022-01-06 05:00:00,105.39941432288605,103.12868114395954
2022-01-07 00:00:00,,
2022-01-07 05:00:00,104.97252385059963,102.58223077834865
2022-01-08 00:00:00,,
2022-01-09 00:00:00,,
2022-01-10 00:00:00,,
2022-01-10 05:00:00,104.82125516297687,102.85009748261866
2022-01-11 00:00:00,,
2022-01-11 05:00:00,105.78141625322486,102.45365999207058
2022-01-12 00:00:00,,
2022-01-12 05:00:00,106.07948230886232,101.78934762260943
2022-01-13 00:00:00,,
2022-01-13 05:00:00,104.56852697307116,101.56434057197978
2022-01-14 00:00:00,,
2022-01-14 05:00:00,104.65427110202576,101.9714950195987
2022-01-15 00:00:00,,
2022-01-16 00:00:00,,
2022-01-17 00:00:00,,
2022-01-18 00:00:00,,
2022-01-18 05:00:00,102.7298940483558,102.57152199592086
2022-01-19 00:00:00,,
2022-01-19 05:00:00,101.73448843884422,102.33579798822035
2022-01-20 00:00:00,,
2022-01-20 05:00:00,100.61160638403616,102.58223077834865
2022-01-21 00:00:00,,
2022-01-21 05:00:00,98.70855577143797,102.47508573156925
2022-01-22 00:00:00,,
2022-01-23 00:00:00,,
2022-01-24 00:00:00,,
2022-01-24 05:00:00,98.98215011951464,102.7750951324088
2022-01-25 00:00:00,,
2022-01-25 05:00:00,97.77734866747552,102.80723782897829
2022-01-26 00:00:00,,
2022-01-26 05:00:00,97.63101158236165,103.38583089115872
2022-01-27 00:00:00,,
2022-01-27 05:00:00,97.10535755049715,104.21086491811052
2022-01-28 00:00:00,,
2022-01-28 05:00:00,99.46964450707702,104.2215737005383
2022-01-29 00:00:00,,
2022-01-30 00:00:00,,
2022-01-31 00:00:00,,
2022-01-31 05:00:00,101.34822341211441,103.43940750186995
2022-02-01 00:00:00,,
2022-02-01 05:00:00,102.04377662996859,103.27868584437931
2022-02-02 00:00:00,,
2022-02-02 05:00:00,103.00528569156904,102.7965290465505
2022-02-03 00:00:00,,
2022-02-03 05:00:00,100.49287531385541,102.19650207022836
2022-02-04 00:00:00,,
2022-02-04 05:00:00,101.0111100237232,102.30365529165081
2022-02-05 00:00:00,,
2022-02-06 00:00:00,,
2022-02-07 00:00:00,,
2022-02-07 05:00:00,100.63719592149897,102.21793598437007
2022-02-08 00:00:00,,
2022-02-08 05:00:00,101.48266985562351,102.47508573156925
2022-02-09 00:00:00,,
2022-02-09 05:00:00,102.95591487089668,102.31436407407861
2022-02-10 00:00:00,,
2022-02-10 05:00:00,101.09079376115022,102.37865764186071
2022-02-11 00:00:00,,
2022-02-11 05:00:00,99.17315656424239,102.94653374697027
2022-02-12 00:00:00,,
2022-02-13 00:00:00,,
2022-02-14 00:00:00,,
2022-02-14 05:00:00,98.7922724638056,103.25726010488067
2022-02-15 00:00:00,,
2022-02-15 05:00:00,100.34990267756427,102.85009748261866
2022-02-16 00:00:00,,
2022-02-16 05:00:00,100.43833179010706,102.53937112470828
2022-02-17 00:00:00,,
2022-02-17 05:00:00,98.31173711533911,102.64652434613073
2022-02-18 00:00:00,,
2022-02-18 05:00:00,97.60721934003543,102.9036740933299
2022-02-19 00:00:00,,
2022-02-20 00:00:00,,
2022-02-21 00:00:00,,
2022-02-22 00:00:00,,
2022-02-22 05:00:00,96.6171946568169,102.89295713625903
2022-02-23 00:00:00,,
2022-02-23 05:00:00,94.8382669998092,103.06439575082054
2022-02-24 00:00:00,,
2022-02-24 05:00:00,96.2567493090003,104.0822859571894
2022-02-25 00:00:00,,
2022-02-25 05:00:00,98.41027053346679,103.52512680915069
2022-02-26 00:00:00,,
2022-02-27 00:00:00,,
2022-02-28 00:00:00,,
2022-02-28 05:00:00,98.16989326806667,103.62155489885923
2022-03-01 00:00:00,,
2022-03-01 05:00:00,96.65086106327762,104.37158657560116
2022-03-02 00:00:00,,
2022-03-02 05:00:00,98.45269327415996,104.35015266145942
2022-03-03 00:00:00,,
2022-03-03 05:00:00,97.93535721186043,104.77874102322006
2022-03-04 00:00:00,,
2022-03-04 05:00:00,97.15833392055934,105.7002031398804
2022-03-05 00:00:00,,
2022-03-06 00:00:00,,
2022-03-07 00:00:00,,
2022-03-07 05:00:00,94.29039883842131,106.38594124884023
2022-03-08 00:00:00,,
2022-03-08 05:00:00,93.60832533409142,106.13950028406884
2022-03-09 00:00:00,,
2022-03-09 05:00:00,96.01389528322906,104.97160537728021
2022-03-10 00:00:00,,
2022-03-10 05:00:00,95.60182153670269,105.55019843946063
2022-03-11 00:00:00,,
2022-03-11 05:00:00,94.3626742129683,106.20379385185095
2022-03-12 00:00:00,,
2022-03-13 00:00:00,,
2022-03-14 00:00:00,,
2022-03-14 04:00:00,93.66240857493894,106.13950028406884
2022-03-15 00:00:00,,
2022-03-15 04:00:00,95.66758719593794,106.15021724113971
2022-03-16 00:00:00,,
2022-03-16 04:00:00,97.80898763734925,105.41090252146866
2022-03-17 00:00:00,,
2022-03-17 04:00:00,99.01671517354364,105.01446503092058
2022-03-18 00:00:00,,
2022-03-18 04:00:00,100.17147729879254,105.25018903862112
2022-03-19 00:00:00,,
2022-03-20 00:00:00,,
2022-03-21 00:00:00,,
2022-03-21 04:00:00,100.12793672819735,105.53948148238979
2022-03-22 00:00:00,,
2022-03-22 04:00:00,101.25979429957161,105.52876452531892
2022-03-23 00:00:00,,
2022-03-23 04:00:00,100.01706334468076,105.66806044331089
2022-03-24 00:00:00,,
2022-03-24 04:00:00,101.45169939186766,105.85020784030017
2022-03-25 00:00:00,,
2022-03-25 04:00:00,101.96567100534443,105.87163357979883
2022-03-26 00:00:00,,
2022-03-27 00:00:00,,
2022-03-28 00:00:00,,
2022-03-28 04:00:00,102.69421116442479,106.17164298063835
2022-03-29 00:00:00,,
2022-03-29 04:00:00,103.95288763409438,105.43233643561038
2022-03-30 00:00:00,,
2022-03-30 04:00:00,103.29863932703134,104.77874102322006
2022-03-31 00:00:00,,
2022-03-31 04:00:00,101.68175316934915,105.33590017125877
2022-04-01 00:00:00,,
2022-04-01 04:00:00,102.02851058042441,105.67876922573869
2022-04-02 00:00:00,,
2022-04-03 00:00:00,,
2022-04-04 00:00:00,,
2022-04-04 04:00:00,102.85401700394627,106.06449793385897
2022-04-05 00:00:00,,
2022-04-05 04:00:00,101.56302209916839,106.57880560290036
2022-04-06 00:00:00,,
2022-04-06 04:00:00,100.57614268243888,106.71809334624926
2022-04-07 00:00:00,,
2022-04-07 04:00:00,101.0039318022936,106.8788150037399
2022-04-08 00:00:00,,
2022-04-08 04:00:00,100.7361677042941,106.93239161445113
2022-04-09 00:00:00,,
2022-04-10 00:00:00,,
2022-04-11 00:00:00,,
2022-04-11 04:00:00,99.03601417802844,107.07167935780004
2022-04-12 00:00:00,,
2022-04-12 04:00:00,98.69756377740148,107.45740806592032
2022-04-13 00:00:00,,
2022-04-13 04:00:00,99.80046736249021,107.0181027470888
2022-04-14 00:00:00,,
2022-04-14 04:00:00,98.58847672990478,107.48955076248983
2022-04-15 00:00:00,,
2022-04-16 00:00:00,,
2022-04-17 00:00:00,,
2022-04-18 00:00:00,,
2022-04-18 04:00:00,98.56827907785171,107.9824245173895
2022-04-19 00:00:00,,
2022-04-19 04:00:00,100.15104950528904,108.17528887144965
2022-04-20 00:00:00,,
2022-04-20 04:00:00,100.08910857777735,107.56455311269973
2022-04-21 00:00:00,,
2022-04-21 04:00:00,98.61249911368144,107.76813442383073
2022-04-22 00:00:00,,
2022-04-22 04:00:00,95.87698303846551,108.45387253279053
2022-04-23 00:00:00,,
2022-04-24 00:00:00,,
2022-04-25 00:00:00,,
2022-04-25 04:00:00,96.42328404616725,109.0217486379001
2022-04-26 00:00:00,,
2022-04-26 04:00:00,93.70932455347352,109.61105865715137
2022-04-27 00:00:00,,
2022-04-27 04:00:00,93.90593110682805,110.30750554853898
2022-04-28 00:00:00,,
2022-04-28 04:00:00,96.22981180018506,111.02539452871139
2022-04-29 00:00:00,,
2022-04-29 04:00:00,92.73816051007236,110.31822250560985
2022-04-30 00:00:00,,
2022-05-01 00:00:00,,
2022-05-02 00:00:00,,
2022-05-02 04:00:00,93.26447208893805,111.15396531498945
2022-05-03 00:00:00,,
2022-05-03 04:00:00,93.71560412733486,110.86467287122078
2022-05-04 00:00:00,,
2022-05-04 04:00:00,96.51417895996448,109.9217768404187
2022-05-05 00:00:00,,
2022-05-05 04:00:00,93.07347660332698,111.16468227206029
2022-05-06 00:00:00,,
2022-05-06 04:00:00,92.54535677020803,111.06825418235175
2022-05-07 00:00:00,,
2022-05-08 00:00:00,,
2022-05-09 00:00:00,,
2022-05-09 04:00:00,89.58047186230353,111.05753722528091
2022-05-10 00:00:00,,
2022-05-10 04:00:00,89.80065147565054,111.34682966904958
2022-05-11 00:00:00,,
2022-05-11 04:00:00,88.32224471641807,111.27182731883968
2022-05-12 00:00:00,,
2022-05-12 04:00:00,88.20778222218667,112.34329413591979
2022-05-13 00:00:00,,
2022-05-13 04:00:00,90.31327511777488,112.03256777800938
2022-05-14 00:00:00,,
2022-05-15 00:00:00,,
2022-05-16 00:00:00,,
2022-05-16 04:00:00,89.95686272489888,111.63613028746133
2022-05-17 00:00:00,,
2022-05-17 04:00:00,91.77125956306222,110.7468108673705
2022-05-18 00:00:00,,
2022-05-18 04:00:00,88.06413560021932,111.22896766519932
2022-05-19 00:00:00,,
2022-05-19 04:00:00,87.55038864863461,110.06107275841069
2022-05-20 00:00:00,,
2022-05-20 04:00:00,87.563183417366,110.52180381674086
2022-05-21 00:00:00,,
2022-05-22 00:00:00,,
2022-05-23 00:00:00,,
2022-05-23 04:00:00,89.18792178215402,109.37533464945086
2022-05-24 00:00:00,,
2022-05-24 04:00:00,88.4636447194647,109.13961064175035
2022-05-25 00:00:00,,
2022-05-25 04:00:00,89.2996938132389,109.35390073530915
2022-05-26 00:00:00,,
2022-05-26 04:00:00,91.0752625009822,109.10746794518084
2022-05-27 00:00:00,,
2022-05-27 04:00:00,93.32867059448715,108.93602933061935
2022-05-28 00:00:00,,
2022-05-29 00:00:00,,
2022-05-30 00:00:00,,
2022-05-31 00:00:00,,
2022-05-31 04:00:00,92.74309211258125,109.0217486379001
2022-06-01 00:00:00,,
2022-06-01 04:00:00,92.0491170075299,109.87892536142141
2022-06-02 00:00:00,,
2022-06-02 04:00:00,93.74567594352241,109.04317437739874
2022-06-03 00:00:00,,
2022-06-03 04:00:00,92.21318594344241,109.4396200425899
2022-06-04 00:00:00,,
2022-06-05 00:00:00,,
2022-06-06 00:00:00,,
2022-06-06 04:00:00,92.50249566484742,109.76106335757115
2022-06-07 00:00:00,,
2022-06-07 04:00:00,93.38343330056922,109.63248439665003
2022-06-08 00:00:00,,
2022-06-08 04:00:00,92.37545758421834,109.86820840435054
2022-06-09 00:00:00,,
2022-06-09 04:00:00,90.17704233824591,110.59680616695073
2022-06-10 00:00:00,,
2022-06-10 04:00:00,87.55196128187912,111.59327063382094
2022-06-11 00:00:00,,
2022-06-12 00:00:00,,
2022-06-13 00:00:00,,
2022-06-13 04:00:00,84.15770914131704,112.58973510069117
2022-06-14 00:00:00,,
2022-06-14 04:00:00,83.84012489886106,113.06117494144911
2022-06-15 00:00:00,,
2022-06-15 04:00:00,85.06356232882545,112.67545440797191
2022-06-16 00:00:00,,
2022-06-16 04:00:00,82.29797991698031,111.03610331113917
2022-06-17 00:00:00,,
2022-06-17 04:00:00,82.47910671801523,112.18257247842915
2022-06-18 00:00:00,,
2022-06-19 00:00:00,,
2022-06-20 00:00:00,,
2022-06-21 00:00:00,,
2022-06-21 04:00:00,84.49796779619724,111.90399699173135
2022-06-22 00:00:00,,
2022-06-22 04:00:00,84.3879875806906,111.6468390698891
2022-06-23 00:00:00,,
2022-06-23 04:00:00,85.19239222503275,111.89328003466048
2022-06-24 00:00:00,,
2022-06-24 04:00:00,87.7961523198861,111.63613028746133
2022-06-25 00:00:00,,
2022-06-26 00:00:00,,
2022-06-27 00:00:00,,
2022-06-27 04:00:00,87.53512807864877,111.3682635831913
2022-06-28 00:00:00,,
2022-06-28 04:00:00,85.77190483585271,111.97899934194125
2022-06-29 00:00:00,,
2022-06-29 04:00:00,85.71085707635096,112.62187779726067
2022-06-30 00:00:00,,
2022-06-30 04:00:00,84.96009182863054,112.17186369600138
2022-07-01 00:00:00,,
2022-07-01 04:00:00,85.8567448376807,112.6540204938302
2022-07-02 00:00:00,,
2022-07-03 00:00:00,,
2022-07-04 00:00:00,,
2022-07-05 00:00:00,,
2022-07-05 04:00:00,85.9927529553176,114.11121601903056
2022-07-06 00:00:00,,
2022-07-06 04:00:00,86.30001918941332,114.75409447435001
2022-07-07 00:00:00,,
2022-07-07 04:00:00,87.59146341797535,114.78623717091952
2022-07-08 00:00:00,,
2022-07-08 04:00:00,87.5187387196442,114.65766638464147
2022-07-09 00:00:00,,
2022-07-10 00:00:00,,
2022-07-11 00:00:00,,
2022-07-11 04:00:00,86.50986983528338,115.73984198414936
2022-07-12 00:00:00,,
2022-07-12 04:00:00,85.71018309067475,115.79341859486061
2022-07-13 00:00:00,,
2022-07-13 04:00:00,85.32818116033593,115.67555659101035
2022-07-14 00:00:00,,
2022-07-14 04:00:00,85.07231318349956,116.29700930683113
2022-07-15 00:00:00,,
2022-07-15 04:00:00,86.70580788252002,115.78270163778974
2022-07-16 00:00:00,,
2022-07-17 00:00:00,,
2022-07-18 00:00:00,,
2022-07-18 04:00:00,85.98063765182076,115.04339509276176
2022-07-19 00:00:00,,
2022-07-19 04:00:00,88.35613578477084,114.3040803730907
2022-07-20 00:00:00,,
2022-07-20 04:00:00,88.8770664373435,114.73266873485137
2022-07-21 00:00:00,,
2022-07-21 04:00:00,89.75351631478222,114.55052133786208
2022-07-22 00:00:00,,
2022-07-22 04:00:00,88.91589458776352,114.35765698380193
2022-07-23 00:00:00,,
2022-07-24 00:00:00,,
2022-07-25 00:00:00,,
2022-07-25 04:00:00,89.03283384236605,114.08979027953193
2022-07-26 00:00:00,,
2022-07-26 04:00:00,88.00510979774621,114.85053073870162
2022-07-27 00:00:00,,
2022-07-27 04:00:00,90.30699554391356,114.05763940831935
2022-07-28 00:00:00,,
2022-07-28 04:00:00,91.40272090757267,113.95049436153994
2022-07-29 00:00:00,,
2022-07-29 04:00:00,92.70134883712264,113.46833756371113
2022-07-30 00:00:00,,
2022-07-31 00:00:00,,
2022-08-01 00:00:00,,
2022-08-01 04:00:00,92.43964513065075,112.98617259123924
2022-08-02 00:00:00,,
2022-08-02 04:00:00,91.82377565022357,113.83263235768968
2022-08-03 00:00:00,,
2022-08-03 04:00:00,93.25975966876288,114.12193297610142
2022-08-04 00:00:00,,
2022-08-04 04:00:00,93.18726511188217,113.24333051308146
2022-08-05 00:00:00,,
2022-08-05 04:00:00,93.03576628280899,114.2397949799517
2022-08-06 00:00:00,,
2022-08-07 00:00:00,,
2022-08-08 00:00:00,,
2022-08-08 04:00:00,92.92062980290137,114.04693062589155
2022-08-09 00:00:00,,
2022-08-09 04:00:00,92.52583858338951,113.97192827568165
2022-08-10 00:00:00,,
2022-08-10 04:00:00,94.49577268512496,112.7183058869692
2022-08-11 00:00:00,,
2022-08-11 04:00:00,94.42910837832143,112.60044388311896
2022-08-12 00:00:00,,
2022-08-12 04:00:00,96.06484421670426,113.17903694529939
2022-08-13 00:00:00,,
2022-08-14 00:00:00,,
2022-08-15 00:00:00,,
2022-08-15 04:00:00,96.4461776409252,114.1647926297418
2022-08-16 00:00:00,,
2022-08-16 04:00:00,96.62707978006806,114.11121601903056
2022-08-17 00:00:00,,
2022-08-17 04:00:00,95.92771278960699,114.18621836924045
2022-08-18 00:00:00,,
2022-08-18 04:00:00,96.14542660169955,115.16125709661202
2022-08-19 00:00:00,,
2022-08-19 04:00:00,94.90515048894646,115.90056364163999
2022-08-20 00:00:00,,
2022-08-21 00:00:00,,
2022-08-22 00:00:00,,
2022-08-22 04:00:00,92.87417410726762,116.84345967244205
2022-08-23 00:00:00,,
2022-08-23 04:00:00,92.66633445930951,116.3827286141119
2022-08-24 00:00:00,,
2022-08-24 04:00:00,92.93656435856344,116.4470140072509
2022-08-25 00:00:00,,
2022-08-25 04:00:00,94.24618976170825,116.22200695662126
2022-08-26 00:00:00,,
2022-08-26 04:00:00,91.07121858692491,116.57559296817203
2022-08-27 00:00:00,,
2022-08-28 00:00:00,,
2022-08-29 00:00:00,,
2022-08-29 04:00:00,90.4641054407302,116.61844444716934
2022-08-30 00:00:00,,
2022-08-30 04:00:00,89.46645321229792,116.54344209695944
2022-08-31 00:00:00,,
2022-08-31 04:00:00,88.7670917013952,116.46843974674957
2022-09-01 00:00:00,,
2022-09-01 04:00:00,89.03305850425811,117.52919778140188
2022-09-02 00:00:00,,
2022-09-02 04:00:00,88.07715503084279,117.35775916684037
2022-09-03 00:00:00,,
2022-09-04 00:00:00,,
2022-09-05 00:00:00,,
2022-09-06 00:00:00,,
2022-09-06 04:00:00,87.71647406201743,118.08635692944056
2022-09-07 00:00:00,,
2022-09-07 04:00:00,89.32528335070171,117.68991126424942
2022-09-08 00:00:00,,
2022-09-08 04:00:00,89.91578795555814,117.55062352090052
2022-09-09 00:00:00,,
2022-09-09 04:00:00,91.2889323990175,116.78988306173082
2022-09-10 00:00:00,,
2022-09-11 00:00:00,,
2022-09-12 00:00:00,,
2022-09-12 04:00:00,92.25515936035143,116.07200225620149
2022-09-13 00:00:00,,
2022-09-13 04:00:00,88.26635870087563,117.66848552475078
2022-09-14 00:00:00,,
2022-09-14 04:00:00,88.56531792452303,117.49705508483237
2022-09-15 00:00:00,,
2022-09-15 04:00:00,87.56295875547394,117.58276621747004
2022-09-16 00:00:00,,
2022-09-16 04:00:00,86.93406984442328,117.60420013161175
2022-09-17 00:00:00,,
2022-09-18 00:00:00,,
2022-09-19 00:00:00,,
2022-09-19 04:00:00,87.53018551702318,117.58276621747004
2022-09-20 00:00:00,,
2022-09-20 04:00:00,86.54353624174409,118.09707388651142
2022-09-21 00:00:00,,
2022-09-21 04:00:00,85.06221435747302,118.54708798777074
2022-09-22 00:00:00,,
2022-09-22 04:00:00,84.34534565766371,119.30782844694043
2022-09-23 00:00:00,,
2022-09-23 04:00:00,82.89185445021783,121.27933164118221
2022-09-24 00:00:00,,
2022-09-25 00:00:00,,
2022-09-26 00:00:00,,
2022-09-26 04:00:00,82.03470905682225,122.25436219391071
2022-09-27 00:00:00,,
2022-09-27 04:00:00,81.86076595677527,122.26507915098156
2022-09-28 00:00:00,,
2022-09-28 04:00:00,83.47114239914572,120.64716196829055
2022-09-29 00:00:00,,
2022-09-29 04:00:00,81.7076944944576,120.27215021724113
2022-09-30 00:00:00,,
2022-09-30 04:00:00,80.47662951927944,120.13286247389223
2022-10-01 00:00:00,,
2022-10-02 00:00:00,,
2022-10-03 00:00:00,,
2022-10-03 04:00:00,82.55967814389386,119.73641680870108
2022-10-04 00:00:00,,
2022-10-04 04:00:00,85.08465862844682,117.9363522290208
2022-10-05 00:00:00,,
2022-10-05 04:00:00,84.91296214732056,119.00781904610089
2022-10-06 00:00:00,,
2022-10-06 04:00:00,84.04302198519358,120.282867174312
2022-10-07 00:00:00,,
2022-10-07 04:00:00,81.6895133198748,120.86146023649242
2022-10-08 00:00:00,,
2022-10-09 00:00:00,,
2022-10-10 00:00:00,,
2022-10-10 04:00:00,81.0774576120545,121.22575503047098
2022-10-11 00:00:00,,
2022-10-11 04:00:00,80.54889941426809,121.31147433775173
2022-10-12 00:00:00,,
2022-10-12 04:00:00,80.28383125897346,121.41861938453111
2022-10-13 00:00:00,,
2022-10-13 04:00:00,82.36845251683238,120.3900122210914
2022-10-14 00:00:00,,
2022-10-14 04:00:00,80.41939553238457,121.40790242746027
2022-10-15 00:00:00,,
2022-10-16 00:00:00,,
2022-10-17 00:00:00,,
2022-10-17 04:00:00,82.5489053321911,120.04714316661149
2022-10-18 00:00:00,,
2022-10-18 04:00:00,83.49223869876708,120.14357125632003
2022-10-19 00:00:00,,
2022-10-19 04:00:00,82.93517035892094,121.05432459055257
2022-10-20 00:00:00,,
2022-10-20 04:00:00,82.27576030789857,120.94717136913009
2022-10-21 00:00:00,,
2022-10-21 04:00:00,84.22773789694331,120.01500047004197
2022-10-22 00:00:00,,
2022-10-23 00:00:00,,
2022-10-24 00:00:00,,
2022-10-24 04:00:00,85.22852991230624,119.99356655590026
2022-10-25 00:00:00,,
2022-10-25 04:00:00,86.61491296872279,118.87924008517979
2022-10-26 00:00:00,,
2022-10-26 04:00:00,85.97502658407731,117.53990656382966
2022-10-27 00:00:00,,
2022-10-27 04:00:00,85.452073974476,118.4935113770595
2022-10-28 00:00:00,,
2022-10-28 04:00:00,87.55644904016219,118.57923068434025
2022-10-29 00:00:00,,
2022-10-30 00:00:00,,
2022-10-31 00:00:00,,
2022-10-31 04:00:00,86.90376788678532,119.50069280100057
2022-11-01 00:00:00,,
2022-11-01 04:00:00,86.54735549390931,119.4471243649324
2022-11-02 00:00:00,,
2022-11-02 04:00:00,84.38349982240752,119.30782844694043
2022-11-03 00:00:00,,
2022-11-03 04:00:00,83.49021674173844,121.00074797984132
2022-11-04 00:00:00,,
2022-11-04 04:00:00,84.6272470161887,118.80423773496989
2022-11-05 00:00:00,,
2022-11-06 00:00:00,,
2022-11-07 00:00:00,,
2022-11-07 05:00:00,85.44085183898909,117.98992883973203
2022-11-08 00:00:00,,
2022-11-08 05:00:00,85.91914056853487,117.45419543119198
2022-11-09 00:00:00,,
2022-11-09 05:00:00,84.13392237854916,118.4506598980622
2022-11-10 00:00:00,,
2022-11-10 05:00:00,88.79784298281731,115.94342329528038
2022-11-11 00:00:00,,
2022-11-11 05:00:00,89.61840136515524,113.88620896840092
2022-11-12 00:00:00,,
2022-11-13 00:00:00,,
2022-11-14 00:00:00,,
2022-11-14 05:00:00,88.81759131108625,114.28265463359206
2022-11-15 00:00:00,,
2022-11-15 05:00:00,89.59146933589835,114.00407097225118
2022-11-16 00:00:00,,
2022-11-16 05:00:00,88.85215636511525,113.87549201133005
2022-11-17 00:00:00,,
2022-11-17 05:00:00,88.5776633694703,114.31479733016157
2022-11-18 00:00:00,,
2022-11-18 05:00:00,88.99916743590533,114.57194707736073
2022-11-19 00:00:00,,
2022-11-20 00:00:00,,
2022-11-21 00:00:00,,
2022-11-21 05:00:00,88.65352237517374,115.54697763008923
2022-11-22 00:00:00,,
2022-11-22 05:00:00,89.85743613876127,114.88267343527114
2022-11-23 00:00:00,,
2022-11-23 05:00:00,90.38891494114462,113.66120191777127
2022-11-24 00:00:00,,
2022-11-25 00:00:00,,
2022-11-25 05:00:00,90.36333088324014,113.53262295685013
2022-11-26 00:00:00,,
2022-11-27 00:00:00,,
2022-11-28 00:00:00,,
2022-11-28 05:00:00,88.96774216880699,114.3040803730907
2022-11-29 00:00:00,,
2022-11-29 05:00:00,88.82611750386829,114.45408507351047
2022-11-30 00:00:00,,
2022-11-30 05:00:00,91.57509685393349,113.52190599977929
2022-12-01 00:00:00,,
2022-12-01 05:00:00,91.4956432579569,112.21472334964176
2022-12-02 00:00:00,,
2022-12-02 05:00:00,91.38633702812646,112.02185899558161
2022-12-03 00:00:00,,
2022-12-04 00:00:00,,
2022-12-05 00:00:00,,
2022-12-05 05:00:00,89.75105051352777,112.81474215132081
2022-12-06 00:00:00,,
2022-12-06 05:00:00,88.45870763739747,113.12546850923123
2022-12-07 00:00:00,,
2022-12-07 05:00:00,88.29396471580874,112.61116084018981
2022-12-08 00:00:00,,
2022-12-08 05:00:00,88.9580926665646,112.25757482863905
2022-12-09 00:00:00,,
2022-12-09 05:00:00,88.30428820372734,112.30043448227943
2022-12-10 00:00:00,,
2022-12-11 00:00:00,,
2022-12-12 00:00:00,,
2022-12-12 05:00:00,89.56521129231767,112.64330353675933
2022-12-13 00:00:00,,
2022-12-13 05:00:00,90.2181116280283,111.41112323683167
2022-12-14 00:00:00,,
2022-12-14 05:00:00,89.67204624133531,111.18610801155894
2022-12-15 00:00:00,,
2022-12-15 05:00:00,87.4372686461973,112.03256777800938
2022-12-16 00:00:00,,
2022-12-16 05:00:00,86.46341413964961,112.18257247842915
2022-12-17 00:00:00,,
2022-12-18 00:00:00,,
2022-12-19 00:00:00,,
2022-12-19 05:00:00,85.68459355321194,112.20400639257089
2022-12-20 00:00:00,,
2022-12-20 05:00:00,85.7734774690972,111.4004062797608
2022-12-21 00:00:00,,
2022-12-21 05:00:00,87.04875700054674,111.6039875908918
2022-12-22 00:00:00,,
2022-12-22 05:00:00,85.79075451655336,111.89328003466048
2022-12-23 00:00:00,,
2022-12-23 05:00:00,86.2941834597778,111.76470107373937
2022-12-24 00:00:00,,
2022-12-25 00:00:00,,
2022-12-26 00:00:00,,
2022-12-27 00:00:00,,
2022-12-27 05:00:00,85.94472462643932,111.62541333039047
2022-12-28 00:00:00,,
2022-12-28 05:00:00,84.91161417596813,111.92542273123
2022-12-29 00:00:00,,
2022-12-29 05:00:00,86.39428403159162,111.26111036176883
2022-12-30 00:00:00,,
2022-12-30 05:00:00,86.17477840392083,110.91824130728891
2022-12-31 00:00:00,,
2023-01-01 00:00:00,,
2023-01-02 00:00:00,,
2023-01-03 00:00:00,,
2023-01-03 05:00:00,85.83003199075752,111.98970812436902
2023-01-04 00:00:00,,
2023-01-04 05:00:00,86.47710207639096,111.70041568060034
2023-01-05 00:00:00,,
2023-01-05 05:00:00,85.47003048716671,112.5468754470508
2023-01-06 00:00:00,,
2023-01-06 05:00:00,87.42223273810352,111.30397001540919
2023-01-07 00:00:00,,
2023-01-08 00:00:00,,
2023-01-09 00:00:00,,
2023-01-09 05:00:00,87.35512458707419,110.36108215925023
2023-01-10 00:00:00,,
2023-01-10 05:00:00,87.9647090140817,110.6182319064494
2023-01-11 00:00:00,,
2023-01-11 05:00:00,89.09500491132815,110.56466347038123
2023-01-12 00:00:00,,
2023-01-12 05:00:00,89.39934506126859,109.55748204644016
2023-01-13 00:00:00,,
2023-01-13 05:00:00,89.75666158127123,109.50390543572892
2023-01-14 00:00:00,,
2023-01-15 00:00:00,,
2023-01-16 00:00:00,,
2023-01-17 00:00:00,,
2023-01-17 05:00:00,89.57441147077593,109.7074867468599
2023-01-18 00:00:00,,
2023-01-18 05:00:00,88.18040086914563,109.6753440502904
2023-01-19 00:00:00,,
2023-01-19 05:00:00,87.50684807803944,109.35390073530915
2023-01-20 00:00:00,,
2023-01-20 05:00:00,89.16233772424955,109.30033229924099
2023-01-21 00:00:00,,
2023-01-22 00:00:00,,
2023-01-23 00:00:00,,
2023-01-23 05:00:00,90.22170621830145,109.4396200425899
2023-01-24 00:00:00,,
2023-01-24 05:00:00,90.15751319231069,109.20389603488938
2023-01-25 00:00:00,,
2023-01-25 05:00:00,90.14112931286448,108.90388663404984
2023-01-26 00:00:00,,
2023-01-26 05:00:00,91.13338965588702,109.11817672760864
2023-01-27 00:00:00,,
2023-01-27 05:00:00,91.360752970222,109.21461299196025
2023-01-28 00:00:00,,
2023-01-29 00:00:00,,
2023-01-30 00:00:00,,
2023-01-30 05:00:00,90.17591902878554,109.58962474300967
2023-01-31 00:00:00,,
2023-01-31 05:00:00,91.4963172436331,109.39676038894952
2023-02-01 00:00:00,,
2023-02-01 05:00:00,92.45266456127423,108.45387253279053
2023-02-02 00:00:00,,
2023-02-02 05:00:00,93.81166078509139,109.0217486379001
2023-02-03 00:00:00,,
2023-02-03 05:00:00,92.8402775593565,110.27536285196948
2023-02-04 00:00:00,,
2023-02-05 00:00:00,,
2023-02-06 00:00:00,,
2023-02-06 05:00:00,92.2701952684452,111.02539452871139
2023-02-07 00:00:00,,
2023-02-07 05:00:00,93.45794433492026,110.82181321758038
2023-02-08 00:00:00,,
2023-02-08 05:00:00,92.42236260363626,110.80038747808175
2023-02-09 00:00:00,,
2023-02-09 05:00:00,91.60629197958141,110.59680616695073
2023-02-10 00:00:00,,
2023-02-10 05:00:00,91.80739177077736,111.03610331113917
2023-02-11 00:00:00,,
2023-02-12 00:00:00,,
2023-02-13 00:00:00,,
2023-02-13 05:00:00,92.85845873393927,110.73609391029964
2023-02-14 00:00:00,,
2023-02-14 05:00:00,92.83241987269233,110.6075231240216
2023-02-15 00:00:00,,
2023-02-15 05:00:00,93.0898604827732,111.34682966904958
2023-02-16 00:00:00,,
2023-02-16 05:00:00,91.806268461317,111.28254427591055
2023-02-17 00:00:00,,
2023-02-17 05:00:00,91.55220325917554,111.28254427591055
2023-02-18 00:00:00,,
2023-02-19 00:00:00,,
2023-02-20 00:00:00,,
2023-02-21 00:00:00,,
2023-02-21 05:00:00,89.71738410706706,111.62541333039047
2023-02-22 00:00:00,,
2023-02-22 05:00:00,89.5762087659125,112.06471047457892
2023-02-23 00:00:00,,
2023-02-23 05:00:00,90.05359884788999,112.07542743164976
2023-02-24 00:00:00,,
2023-02-24 05:00:00,89.10465441357054,112.72902284404007
2023-02-25 00:00:00,,
2023-02-26 00:00:00,,
2023-02-27 00:00:00,,
2023-02-27 05:00:00,89.37847342353929,112.15042978185966
2023-02-28 00:00:00,,
2023-02-28 05:00:00,89.10712021482499,112.36472805006153
2023-03-01 00:00:00,,
2023-03-01 05:00:00,88.68606547217409,111.94685664537172
2023-03-02 00:00:00,,
2023-03-02 05:00:00,89.35850043337827,112.53615848997993
2023-03-03 00:00:00,,
2023-03-03 05:00:00,90.80143801145513,111.98970812436902
2023-03-04 00:00:00,,
2023-03-05 00:00:00,,
2023-03-06 00:00:00,,
2023-03-06 05:00:00,90.86383374230931,111.80756072737974
2023-03-07 00:00:00,,
2023-03-07 05:00:00,89.47117111203143,113.16832816287159
2023-03-08 00:00:00,,
2023-03-08 05:00:00,89.59775438931801,113.21118781651197
2023-03-09 00:00:00,,
2023-03-09 05:00:00,87.94383737635239,112.83616789081947
2023-03-10 00:00:00,,
2023-03-10 05:00:00,86.67057432237316,112.05400169215112
2023-03-11 00:00:00,,
2023-03-12 00:00:00,,
2023-03-13 00:00:00,,
2023-03-13 04:00:00,86.53972246913722,111.00396061456968
2023-03-14 00:00:00,,
2023-03-14 04:00:00,87.96560766164998,111.00396061456968
2023-03-15 00:00:00,,
2023-03-15 04:00:00,87.35152999680103,112.12900404236099
2023-03-16 00:00:00,,
2023-03-16 04:00:00,88.88559810968388,111.88256307758961
2023-03-17 00:00:00,,
2023-03-17 04:00:00,87.90612705583439,111.12182261841991
2023-03-18 00:00:00,,
2023-03-19 00:00:00,,
2023-03-20 00:00:00,,
2023-03-20 04:00:00,88.69010938623138,110.66109156008976
2023-03-21 00:00:00,,
2023-03-21 04:00:00,89.8415015830992,110.6396658205911
2023-03-22 00:00:00,,
2023-03-22 04:00:00,88.3624208381905,109.66462709321954
2023-03-23 00:00:00,,
2023-03-23 04:00:00,88.6261410221327,109.85749144727967
2023-03-24 00:00:00,,
2023-03-24 04:00:00,89.12597537508398,110.48966112017133
2023-03-25 00:00:00,,
2023-03-26 00:00:00,,
2023-03-27 00:00:00,,
2023-03-27 04:00:00,89.272761783982,110.21107745883046
2023-03-28 00:00:00,,
2023-03-28 04:00:00,89.13226042850366,109.75034640050029
2023-03-29 00:00:00,,
2023-03-29 04:00:00,90.40126038609188,109.97535345112995
2023-03-30 00:00:00,,
2023-03-30 04:00:00,90.91792794227351,109.4396200425899
2023-03-31 00:00:00,,
2023-03-31 04:00:00,92.23046847045691,109.83606570778105
2023-04-01 00:00:00,,
2023-04-02 00:00:00,,
2023-04-03 00:00:00,,
2023-04-03 04:00:00,92.57161481378871,109.38604343187865
2023-04-04 00:00:00,,
2023-04-04 04:00:00,92.03497974700441,108.85031002333861
2023-04-05 00:00:00,,
2023-04-05 04:00:00,91.80559447564079,109.12889368467948
2023-04-06 00:00:00,,
2023-04-06 04:00:00,92.13418167124995,109.09675098810997
2023-04-07 00:00:00,,
2023-04-08 00:00:00,,
2023-04-09 00:00:00,,
2023-04-10 00:00:00,,
2023-04-10 04:00:00,92.22597523261548,109.91106805799092
2023-04-11 00:00:00,,
2023-04-11 04:00:00,92.22216146000859,109.50390543572892
2023-04-12 00:00:00,,
2023-04-12 04:00:00,91.84083351534599,108.75388193363007
2023-04-13 00:00:00,,
2023-04-13 04:00:00,93.05889001901735,108.22886548216088
2023-04-14 00:00:00,,
2023-04-14 04:00:00,92.86631642060344,108.8074585443413
2023-04-15 00:00:00,,
2023-04-16 00:00:00,,
2023-04-17 00:00:00,,
2023-04-17 04:00:00,93.17334703369042,109.39676038894952
2023-04-18 00:00:00,,
2023-04-18 04:00:00,93.25303077111742,109.0217486379001
2023-04-19 00:00:00,,
2023-04-19 04:00:00,93.24517308445326,109.25747264560061
2023-04-20 00:00:00,,
2023-04-20 04:00:00,92.69012670163575,109.11817672760864
2023-04-21 00:00:00,,
2023-04-21 04:00:00,92.77384339400336,109.09675098810997
2023-04-22 00:00:00,,
2023-04-23 00:00:00,,
2023-04-24 00:00:00,,
2023-04-24 04:00:00,92.85284766619583,108.59316027613943
2023-04-25 00:00:00,,
2023-04-25 04:00:00,91.38476439488196,109.13961064175035
2023-04-26 00:00:00,,
2023-04-26 04:00:00,91.03373840785733,108.72173923706056
2023-04-27 00:00:00,,
2023-04-27 04:00:00,92.81491816334409,108.75388193363007
2023-04-28 00:00:00,,
2023-04-28 04:00:00,93.58093850149203,108.93602933061935
2023-04-29 00:00:00,,
2023-04-30 00:00:00,,
2023-05-01 00:00:00,,
2023-05-01 04:00:00,93.54480629377687,109.45033699966076
2023-05-02 00:00:00,,
2023-05-02 04:00:00,92.46097157172254,109.24675568852975
2023-05-03 00:00:00,,
2023-05-03 04:00:00,91.8139014860891,108.58244331906859
2023-05-04 00:00:00,,
2023-05-04 04:00:00,91.15112150668566,108.64673688685068
2023-05-05 00:00:00,,
2023-05-05 04:00:00,92.83511581539719,108.44315557571969
2023-05-06 00:00:00,,
2023-05-07 00:00:00,,
2023-05-08 00:00:00,,
2023-05-08 04:00:00,92.8770892323062,108.61459419028117
2023-05-09 00:00:00,,
2023-05-09 04:00:00,92.45176591370594,108.90388663404984
2023-05-10 00:00:00,,
2023-05-10 04:00:00,92.86631642060344,108.73245619413143
2023-05-11 00:00:00,,
2023-05-11 04:00:00,92.70875720000268,109.35390073530915
2023-05-12 00:00:00,,
2023-05-12 04:00:00,92.56197079110467,110.01821310477031
2023-05-13 00:00:00,,
2023-05-14 00:00:00,,
2023-05-15 00:00:00,,
2023-05-15 04:00:00,92.83578432151506,109.75034640050029
2023-05-16 00:00:00,,
2023-05-16 04:00:00,92.24370708341411,109.88963414384921
2023-05-17 00:00:00,,
2023-05-17 04:00:00,93.34056123609193,110.23250319832911
2023-05-18 00:00:00,,
2023-05-18 04:00:00,94.22216737793161,110.98253487507101
2023-05-19 00:00:00,,
2023-05-19 04:00:00,94.08593459840262,110.575372252809
2023-05-20 00:00:00,,
2023-05-21 00:00:00,,
2023-05-22 00:00:00,,
2023-05-22 04:00:00,94.10052118271226,110.575372252809
2023-05-23 00:00:00,,
2023-05-23 04:00:00,93.04452261704145,110.88609861071942
2023-05-24 00:00:00,,
2023-05-24 04:00:00,92.36356694261357,111.31468697248006
2023-05-25 00:00:00,,
2023-05-25 04:00:00,93.17244838612211,111.65755602695997
2023-05-26 00:00:00,,
2023-05-26 04:00:00,94.3882637504311,111.65755602695997
2023-05-27 00:00:00,,
2023-05-28 00:00:00,,
2023-05-29 00:00:00,,
2023-05-30 00:00:00,,
2023-05-30 04:00:00,94.38983090411726,111.6146963733196
2023-05-31 00:00:00,,
2023-05-31 04:00:00,93.81323889789424,111.77541803081024
2023-06-01 00:00:00,,
2023-06-01 04:00:00,94.73771710421123,110.9611009609293
2023-06-02 00:00:00,,
2023-06-02 04:00:00,96.11467532027744,111.45397471582896
2023-06-03 00:00:00,,
2023-06-04 00:00:00,,
2023-06-05 00:00:00,,
2023-06-05 04:00:00,95.92210172186354,111.43254897633032
2023-06-06 00:00:00,,
2023-06-06 04:00:00,96.147892402954,111.57183671967923
2023-06-07 00:00:00,,
2023-06-07 04:00:00,95.78137570449312,111.53969402310973
2023-06-08 00:00:00,,
2023-06-08 04:00:00,96.37413240782863,110.72537695322877
2023-06-09 00:00:00,,
2023-06-09 04:00:00,96.4847756498948,110.9611009609293
2023-06-10 00:00:00,,
2023-06-11 00:00:00,,
2023-06-12 00:00:00,,
2023-06-12 04:00:00,97.3841246016498,111.03610331113917
2023-06-13 00:00:00,,
2023-06-13 04:00:00,98.05923906688382,110.72537695322877
2023-06-14 00:00:00,,
2023-06-14 04:00:00,98.13959131042871,110.37179911632109
2023-06-15 00:00:00,,
2023-06-15 04:00:00,99.33474873978378,109.41819430309123
2023-06-16 00:00:00,,
2023-06-16 04:00:00,98.97002933645945,109.61105865715137
2023-06-17 00:00:00,,
2023-06-18 00:00:00,,
2023-06-19 00:00:00,,
2023-06-20 00:00:00,,
2023-06-20 04:00:00,98.50139558871443,109.86820840435054
2023-06-21 00:00:00,,
2023-06-21 04:00:00,97.9847280325328,109.36461769238002
2023-06-22 00:00:00,,
2023-06-22 04:00:00,98.3483296059551,109.7074867468599
2023-06-23 00:00:00,,
2023-06-23 04:00:00,97.59509855698023,110.25393711247082
2023-06-24 00:00:00,,
2023-06-25 00:00:00,,
2023-06-26 00:00:00,,
2023-06-26 04:00:00,97.15720513154064,110.02893006184118
2023-06-27 00:00:00,,
2023-06-27 04:00:00,98.27022398133093,109.81463179363931
2023-06-28 00:00:00,,
2023-06-28 04:00:00,98.23542878585152,110.26465406954169
2023-06-29 00:00:00,,
2023-06-29 04:00:00,98.67488936497728,110.72537695322877
2023-06-30 00:00:00,,
2023-06-30 04:00:00,99.88553202621027,110.26465406954169
2023-07-01 00:00:00,,
2023-07-02 00:00:00,,
2023-07-03 00:00:00,,
2023-07-03 04:00:00,100.00246580125444,110.35036520217936
2023-07-04 00:00:00,,
2023-07-05 00:00:00,,
2023-07-05 04:00:00,99.80562910644952,110.75752782444137
2023-07-06 00:00:00,,
2023-07-06 04:00:00,99.01491787840708,110.5432295562395
2023-07-07 00:00:00,,
2023-07-07 04:00:00,98.7312301838622,109.5789077859388
2023-07-08 00:00:00,,
2023-07-09 00:00:00,,
2023-07-10 00:00:00,,
2023-07-10 04:00:00,98.96868136510703,109.25747264560061
2023-07-11 00:00:00,,
2023-07-11 04:00:00,99.63594910279355,109.00032289840145
2023-07-12 00:00:00,,
2023-07-12 04:00:00,100.37437438512507,107.70384085604863
2023-07-13 00:00:00,,
2023-07-13 04:00:00,101.22456073942476,106.90024074323854
2023-07-14 00:00:00,,
2023-07-14 04:00:00,101.12086557733777,107.05025361830138
2023-07-15 00:00:00,,
2023-07-16 00:00:00,,
2023-07-17 00:00:00,,
2023-07-17 04:00:00,101.51072519434075,106.97524309344844
2023-07-18 00:00:00,,
2023-07-18 04:00:00,102.23320496189349,107.0823963148709
2023-07-19 00:00:00,,
2023-07-19 04:00:00,102.47426169252817,107.44669110884945
2023-07-20 00:00:00,,
2023-07-20 04:00:00,101.78185374116298,108.08956956416891
2023-07-21 00:00:00,,
2023-07-21 04:00:00,101.81484068238913,108.29315087529992
2023-07-22 00:00:00,,
2023-07-23 00:00:00,,
2023-07-24 00:00:00,,
2023-07-24 04:00:00,102.22557741667974,108.59316027613943
2023-07-25 00:00:00,,
2023-07-25 04:00:00,102.51330902528191,108.59316027613943
2023-07-26 00:00:00,,
2023-07-26 04:00:00,102.49737446961984,108.10028652123978
2023-07-27 00:00:00,,
2023-07-27 04:00:00,101.83886306616579,109.04317437739874
2023-07-28 00:00:00,,
2023-07-28 04:00:00,102.84481134592967,108.88246089455119
2023-07-29 00:00:00,,
2023-07-30 00:00:00,,
2023-07-31 00:00:00,,
2023-07-31 04:00:00,102.99586085121871,109.13961064175035
2023-08-01 00:00:00,,
2023-08-01 04:00:00,102.72136785557376,109.61105865715137
2023-08-02 00:00:00,,
2023-08-02 04:00:00,101.29975123901033,109.9217768404187
2023-08-03 00:00:00,,
2023-08-03 04:00:00,101.0416421228116,109.86820840435054
2023-08-04 00:00:00,,
2023-08-04 04:00:00,100.50611392681262,109.31104108166878
2023-08-05 00:00:00,,
2023-08-06 00:00:00,,
2023-08-07 00:00:00,,
2023-08-07 04:00:00,101.41309042378137,109.34319195288136
2023-08-08 00:00:00,,
2023-08-08 04:00:00,100.98530130392666,109.85749144727967
2023-08-09 00:00:00,,
2023-08-09 04:00:00,100.27449299564495,109.81463179363931
2023-08-10 00:00:00,,
2023-08-10 04:00:00,100.29963320932363,109.84677449020883
2023-08-11 00:00:00,,
2023-08-11 04:00:00,100.19234345696348,110.18964354468872
2023-08-12 00:00:00,,
2023-08-13 00:00:00,,
2023-08-14 00:00:00,,
2023-08-14 04:00:00,100.76849709851908,110.56466347038123
2023-08-15 00:00:00,,
2023-08-15 04:00:00,99.60452931525356,110.58608920987987
2023-08-16 00:00:00,,
2023-08-16 04:00:00,98.85197773151326,110.81109626050953
2023-08-17 00:00:00,,
2023-08-17 04:00:00,98.0895410245218,110.83253017465124
2023-08-18 00:00:00,,
2023-08-18 04:00:00,98.07495444021215,110.76823660686914
2023-08-19 00:00:00,,
2023-08-20 00:00:00,,
2023-08-21 00:00:00,,
2023-08-21 04:00:00,98.74963054077871,110.714668170801
2023-08-22 00:00:00,,
2023-08-22 04:00:00,98.47535672746747,110.9611009609293
2023-08-23 00:00:00,,
2023-08-23 04:00:00,99.5630052221287,110.7468108673705
2023-08-24 00:00:00,,
2023-08-24 04:00:00,98.2230888204626,111.41112323683167
2023-08-25 00:00:00,,
2023-08-25 04:00:00,98.88294819526911,111.51826828361106
2023-08-26 00:00:00,,
2023-08-27 00:00:00,,
2023-08-28 00:00:00,,
2023-08-28 04:00:00,99.50241226596943,111.49683436946933
2023-08-29 00:00:00,,
2023-08-29 04:00:00,100.9460238297225,110.95039217850152
2023-08-30 00:00:00,,
2023-08-30 04:00:00,101.3329683216869,110.53252077381171
2023-08-31 00:00:00,,
2023-08-31 04:00:00,101.1711460046951,111.02539452871139
2023-09-01 00:00:00,,
2023-09-01 04:00:00,101.35316597373998,111.68969872352947
2023-09-02 00:00:00,,
2023-09-03 00:00:00,,
2023-09-04 00:00:00,,
2023-09-05 00:00:00,,
2023-09-05 04:00:00,100.92807279659013,112.30043448227943
2023-09-06 00:00:00,,
2023-09-06 04:00:00,100.22444270973804,112.35401109299066
2023-09-07 00:00:00,,
2023-09-07 04:00:00,99.90259537089104,112.56830118654943
2023-09-08 00:00:00,,
2023-09-08 04:00:00,100.04511868339803,112.60044388311896
2023-09-09 00:00:00,,
2023-09-10 00:00:00,,
2023-09-11 00:00:00,,
2023-09-11 04:00:00,100.71776734737759,112.04328473508025
2023-09-12 00:00:00,,
2023-09-12 04:00:00,100.14409046619315,112.19328943550002
2023-09-13 00:00:00,,
2023-09-13 04:00:00,100.26843260411735,112.25757482863905
2023-09-14 00:00:00,,
2023-09-14 04:00:00,101.11368735590816,112.94332111224195
2023-09-15 00:00:00,,
2023-09-15 04:00:00,99.88418405485783,112.84688484789034
2023-09-16 00:00:00,,
2023-09-17 00:00:00,,
2023-09-18 00:00:00,,
2023-09-18 04:00:00,99.95622928795441,112.7183058869692
2023-09-19 00:00:00,,
2023-09-19 04:00:00,99.74122237768339,112.7183058869692
2023-09-20 00:00:00,,
2023-09-20 04:00:00,98.80417406452706,112.67545440797191
2023-09-21 00:00:00,,
2023-09-21 04:00:00,97.18369331657173,112.88974450153071
2023-09-22 00:00:00,,
2023-09-22 04:00:00,96.96059857818612,113.12546850923123
2023-09-23 00:00:00,,
2023-09-24 00:00:00,,
2023-09-25 00:00:00,,
2023-09-25 04:00:00,97.35067737752283,113.57548261049052
2023-09-26 00:00:00,,
2023-09-26 04:00:00,95.91626051266967,113.82192357526189
2023-09-27 00:00:00,,
2023-09-27 04:00:00,95.93825545985933,114.29336341601986
2023-09-28 00:00:00,,
2023-09-28 04:00:00,96.50363628971213,113.81120661819104
2023-09-29 00:00:00,,
2023-09-29 04:00:00,96.24215176557396,113.7576300074798
2023-09-30 00:00:00,,
2023-10-01 00:00:00,,
2023-10-02 00:00:00,,
2023-10-02 04:00:00,96.24979026990441,114.53980438079124
2023-10-03 00:00:00,,
2023-10-03 04:00:00,94.9269262538024,114.6469494275706
2023-10-04 00:00:00,,
2023-10-04 04:00:00,95.6967603645572,114.43265933401183
2023-10-05 00:00:00,,
2023-10-05 04:00:00,95.57196890284885,113.92906862204129
2023-10-06 00:00:00,,
2023-10-06 04:00:00,96.70114149063494,113.6183422641309
2023-10-07 00:00:00,,
2023-10-08 00:00:00,,
2023-10-09 00:00:00,,
2023-10-09 04:00:00,97.3107313972008,113.66120191777127
2023-10-10 00:00:00,,
2023-10-10 04:00:00,97.81752478924797,113.39333521350123
2023-10-11 00:00:00,,
2023-10-11 04:00:00,98.2374562224385,113.38261825643036
2023-10-12 00:00:00,,
2023-10-12 04:00:00,97.62382240181535,114.18621836924045
2023-10-13 00:00:00,,
2023-10-13 04:00:00,97.13386221299855,114.27193767652119
2023-10-14 00:00:00,,
2023-10-15 00:00:00,,
2023-10-16 00:00:00,,
2023-10-16 04:00:00,98.1629342289708,113.83263235768968
2023-10-17 00:00:00,,
2023-10-17 04:00:00,98.15329020628674,113.84334931476054
2023-10-18 00:00:00,,
2023-10-18 04:00:00,96.83805373539849,114.18621836924045
2023-10-19 00:00:00,,
2023-10-19 04:00:00,96.01659122593391,113.84334931476054
2023-10-20 00:00:00,,
2023-10-20 04:00:00,94.80819518362165,113.746921225052
2023-10-21 00:00:00,,
2023-10-22 00:00:00,,
2023-10-23 00:00:00,,
2023-10-23 04:00:00,94.64838934410015,113.08260885559085
2023-10-24 00:00:00,,
2023-10-24 04:00:00,95.33608487529018,113.8647750542592
2023-10-25 00:00:00,,
2023-10-25 04:00:00,93.96900082335844,114.14335871560009
2023-10-26 00:00:00,,
2023-10-26 04:00:00,92.85711076258684,114.21836106580996
2023-10-27 00:00:00,,
2023-10-27 04:00:00,92.41137060959977,114.1755014121696
2023-10-28 00:00:00,,
2023-10-29 00:00:00,,
2023-10-30 00:00:00,,
2023-10-30 04:00:00,93.52123323378437,113.70406157141164
2023-10-31 00:00:00,,
2023-10-31 04:00:00,94.12677922629294,114.28265463359206
2023-11-01 00:00:00,,
2023-11-01 04:00:00,95.11567512049275,114.5183704666495
2023-11-02 00:00:00,,
2023-11-02 04:00:00,96.9094195032605,113.70406157141164
2023-11-03 00:00:00,,
2023-11-03 04:00:00,97.819760449052,112.52544153290907
2023-11-04 00:00:00,,
2023-11-05 00:00:00,,
2023-11-06 00:00:00,,
2023-11-06 05:00:00,97.99123774784452,112.73973980111094
2023-11-07 00:00:00,,
2023-11-07 05:00:00,98.26954451609636,113.08260885559085
2023-11-08 00:00:00,,
2023-11-08 05:00:00,98.36829711655777,113.13617729165901
2023-11-09 00:00:00,,
2023-11-09 05:00:00,97.57310360979056,113.479054520782
2023-11-10 00:00:00,,
2023-11-10 05:00:00,99.0968482347548,113.42547791007075
2023-11-11 00:00:00,,
2023-11-12 00:00:00,,
2023-11-13 00:00:00,,
2023-11-13 05:00:00,99.01401923083878,113.21118781651197
2023-11-14 00:00:00,,
2023-11-14 05:00:00,100.90271340057775,111.55041098018057
2023-11-15 00:00:00,,
2023-11-15 05:00:00,101.06385625233499,111.85042038102011
2023-11-16 00:00:00,,
2023-11-16 05:00:00,101.18416543531859,111.82899464152148
2023-11-17 00:00:00,,
2023-11-17 05:00:00,101.31388849953582,111.23968462227019
2023-11-18 00:00:00,,
2023-11-19 00:00:00,,
2023-11-20 00:00:00,,
2023-11-20 05:00:00,102.06262631066927,110.86467287122078
2023-11-21 00:00:00,,
2023-11-21 05:00:00,101.85636477551401,110.99324365749881
2023-11-22 00:00:00,,
2023-11-22 05:00:00,102.2700166348432,111.34682966904958
2023-11-23 00:00:00,,
2023-11-24 00:00:00,,
2023-11-24 05:00:00,102.33105891478662,110.78967052101088
2023-11-25 00:00:00,,
2023-11-26 00:00:00,,
2023-11-27 00:00:00,,
2023-11-27 05:00:00,102.13108791260936,110.575372252809
2023-11-28 00:00:00,,
2023-11-28 05:00:00,102.23118848442321,110.09321545498018
2023-11-29 00:00:00,,
2023-11-29 05:00:00,102.13445236143211,110.11464119447885
2023-11-30 00:00:00,,
2023-11-30 05:00:00,102.52093657049568,110.89681556779027
2023-12-01 00:00:00,,
2023-12-01 05:00:00,103.12311811418151,110.6503746030189
2023-12-02 00:00:00,,
2023-12-03 00:00:00,,
2023-12-04 00:00:00,,
2023-12-04 05:00:00,102.56537578865914,111.04682026821004
2023-12-05 00:00:00,,
2023-12-05 05:00:00,102.50702945142058,111.48612558704156
2023-12-06 00:00:00,,
2023-12-06 05:00:00,102.10661620504857,111.59327063382094
2023-12-07 00:00:00,,
2023-12-07 05:00:00,102.92022102784897,110.93967522143065
2023-12-08 00:00:00,,
2023-12-08 05:00:00,103.34173057384237,111.4432659334012
2023-12-09 00:00:00,,
2023-12-10 00:00:00,,
2023-12-11 00:00:00,,
2023-12-11 05:00:00,103.74729460505701,111.53969402310973
2023-12-12 00:00:00,,
2023-12-12 05:00:00,104.22446550470075,111.29326123298142
2023-12-13 00:00:00,,
2023-12-13 05:00:00,105.64719995116619,110.22179441590131
2023-12-14 00:00:00,,
2023-12-14 05:00:00,105.92685469077043,109.24675568852975
2023-12-15 00:00:00,,
2023-12-15 05:00:00,105.91877782177255,109.87892536142141
2023-12-16 00:00:00,,
2023-12-17 00:00:00,,
2023-12-18 00:00:00,,
2023-12-18 05:00:00,106.39841452267073,109.83606570778105
2023-12-19 00:00:00,,
2023-12-19 05:00:00,107.02259101354623,109.4717627391594
2023-12-20 00:00:00,,
2023-12-20 05:00:00,105.4510427215958,109.72892066100164
2023-12-21 00:00:00,,
2023-12-21 05:00:00,106.53734324490458,109.11817672760864
2023-12-22 00:00:00,,
2023-12-22 05:00:00,106.71420146999016,108.96817202718887
2023-12-23 00:00:00,,
2023-12-24 00:00:00,,
2023-12-25 00:00:00,,
2023-12-26 00:00:00,,
2023-12-26 05:00:00,107.1657828321711,108.72173923706056
2023-12-27 00:00:00,,
2023-12-27 05:00:00,107.31907895638085,108.20743156801915
2023-12-28 00:00:00,,
2023-12-28 05:00:00,107.35880575436916,108.4645894898614
2023-12-29 00:00:00,,
2023-12-29 05:00:00,107.05535877243865,108.57173453664079
2023-12-30 00:00:00,,
2023-12-31 00:00:00,,
2024-01-01 00:00:00,,
2024-01-02 00:00:00,,
2024-01-02 05:00:00,106.44936345614595,109.50390543572892
2024-01-03 00:00:00,,
2024-01-03 05:00:00,105.59603183535724,109.7824890970698
2024-01-04 00:00:00,,
2024-01-04 05:00:00,105.2340083747378,109.73962944342944
2024-01-05 00:00:00,,
2024-01-05 05:00:00,105.42613264936756,109.72892066100164
2024-01-06 00:00:00,,
2024-01-07 00:00:00,,
2024-01-08 00:00:00,,
2024-01-08 05:00:00,106.91418343128409,109.51462239279977
2024-01-09 00:00:00,,
2024-01-09 05:00:00,106.75617488689917,109.90035110092005
2024-01-10 00:00:00,,
2024-01-10 05:00:00,107.36105237328988,109.6753440502904
2024-01-11 00:00:00,,
2024-01-11 05:00:00,107.28900714019329,109.60034170008053
2024-01-12 00:00:00,,
2024-01-12 05:00:00,107.36957856607192,109.71820370393077
2024-01-13 00:00:00,,
2024-01-14 00:00:00,,
2024-01-15 00:00:00,,
2024-01-16 00:00:00,,
2024-01-16 05:00:00,106.96894613736616,110.7468108673705
2024-01-17 00:00:00,,
2024-01-17 05:00:00,106.36811256503276,110.84323895707904
2024-01-18 00:00:00,,
2024-01-18 05:00:00,107.30471155440495,110.93967522143065
2024-01-19 00:00:00,,
2024-01-19 05:00:00,108.6260084168208,110.67180851716063
2024-01-20 00:00:00,,
2024-01-21 00:00:00,,
2024-01-22 00:00:00,,
2024-01-22 05:00:00,108.8643692047506,110.714668170801
2024-01-23 00:00:00,,
2024-01-23 05:00:00,109.18240277099073,111.02539452871139
2024-01-24 00:00:00,,
2024-01-24 05:00:00,109.27105106586725,110.6182319064494
2024-01-25 00:00:00,,
2024-01-25 05:00:00,109.84585673607039,110.97181791800014
2024-01-26 00:00:00,,
2024-01-26 05:00:00,109.77426082675797,110.86467287122078
2024-01-27 00:00:00,,
2024-01-28 00:00:00,,
2024-01-29 00:00:00,,
2024-01-29 05:00:00,110.60380020522042,111.01467757164052
2024-01-30 00:00:00,,
2024-01-30 05:00:00,110.53736603986731,110.78967052101088
2024-01-31 00:00:00,,
2024-01-31 05:00:00,108.75707945239049,110.6503746030189
2024-02-01 00:00:00,,
2024-02-01 05:00:00,110.11585649387389,110.41465876996146
2024-02-02 00:00:00,,
2024-02-02 05:00:00,111.29238342486205,111.34682966904958
2024-02-03 00:00:00,,
2024-02-04 00:00:00,,
2024-02-05 00:00:00,,
2024-02-05 05:00:00,110.93776832712261,111.91470577415915
2024-02-06 00:00:00,,
2024-02-06 05:00:00,111.1940801481848,111.62541333039047
2024-02-07 00:00:00,,
2024-02-07 05:00:00,112.11048148550388,111.4754086299707
2024-02-08 00:00:00,,
2024-02-08 05:00:00,112.17444984960257,111.59327063382094
2024-02-09 00:00:00,,
2024-02-09 05:00:00,112.81859385108073,111.51826828361106
2024-02-10 00:00:00,,
2024-02-11 00:00:00,,
2024-02-12 00:00:00,,
2024-02-12 05:00:00,112.71153424017102,111.6146963733196
2024-02-13 00:00:00,,
2024-02-13 05:00:00,111.17028790585857,112.46115613977005
2024-02-14 00:00:00,,
2024-02-14 05:00:00,112.23527294721222,112.20400639257089
2024-02-15 00:00:00,,
2024-02-15 05:00:00,112.888622606707,111.75399229131158
2024-02-16 00:00:00,,
2024-02-16 05:00:00,112.34636551306257,111.73255837716987
2024-02-17 00:00:00,,
2024-02-18 00:00:00,,
2024-02-19 00:00:00,,
2024-02-20 00:00:00,,
2024-02-20 05:00:00,111.67168941249601,111.51826828361106
2024-02-21 00:00:00,,
2024-02-21 05:00:00,111.81286475365056,111.4432659334012
2024-02-22 00:00:00,,
2024-02-22 05:00:00,114.17467494985931,111.38968932268996
2024-02-23 00:00:00,,
2024-02-23 05:00:00,114.2144017478476,111.3682635831913
2024-02-24 00:00:00,,
2024-02-25 00:00:00,,
2024-02-26 00:00:00,,
2024-02-26 05:00:00,113.78190020781773,111.25040157934106
2024-02-27 00:00:00,,
2024-02-27 05:00:00,113.97605191903449,111.25040157934106
2024-02-28 00:00:00,,
2024-02-28 05:00:00,113.78706195177703,111.41112323683167
2024-02-29 00:00:00,,
2024-02-29 05:00:00,114.38206527403325,111.6039875908918
2024-03-01 00:00:00,,
2024-03-01 05:00:00,115.29801728756821,111.28254427591055
2024-03-02 00:00:00,,
2024-03-03 00:00:00,,
2024-03-04 00:00:00,,
2024-03-04 05:00:00,115.16043653668679,111.25040157934106
2024-03-05 00:00:00,,
2024-03-05 05:00:00,113.98659458928684,111.21825888277152
2024-03-06 00:00:00,,
2024-03-06 05:00:00,114.57261143586017,110.75752782444137
2024-03-07 00:00:00,,
2024-03-07 05:00:00,115.7531822809056,110.16821780519008
2024-03-08 00:00:00,,
2024-03-08 05:00:00,114.99748543067629,110.08249849790934
2024-03-09 00:00:00,,
2024-03-10 00:00:00,,
2024-03-11 00:00:00,,
2024-03-11 04:00:00,114.86843087257692,110.22179441590131
2024-03-12 00:00:00,,
2024-03-12 04:00:00,116.15516268096377,110.31822250560985
2024-03-13 00:00:00,,
2024-03-13 04:00:00,115.93161861879405,110.13607510862057
2024-03-14 00:00:00,,
2024-03-14 04:00:00,115.59876832679386,110.7468108673705
2024-03-15 00:00:00,,
2024-03-15 04:00:00,114.84935105042587,110.82181321758038
2024-03-16 00:00:00,,
2024-03-17 00:00:00,,
2024-03-18 00:00:00,,
2024-03-18 04:00:00,115.57497608446761,110.98253487507101
2024-03-19 00:00:00,,
2024-03-19 04:00:00,116.22787642017822,111.22896766519932
2024-03-20 00:00:00,,
2024-03-20 04:00:00,117.26278964534436,110.80038747808175
2024-03-21 00:00:00,,
2024-03-21 04:00:00,117.64231481531205,111.43254897633032
2024-03-22 00:00:00,,
2024-03-22 04:00:00,117.47735819094794,111.89328003466048
2024-03-23 00:00:00,,
2024-03-24 00:00:00,,
2024-03-25 00:00:00,,
2024-03-25 04:00:00,117.11846903770078,111.6789899411017
2024-03-26 00:00:00,,
2024-03-26 04:00:00,116.79056130732619,111.7432753342407
2024-03-27 00:00:00,,
2024-03-27 04:00:00,117.79853702367706,111.80756072737974
2024-03-28 00:00:00,,
2024-03-28 04:00:00,117.93005738303088,112.02185899558161
2024-03-29 00:00:00,,
2024-03-30 00:00:00,,
2024-03-31 00:00:00,,
2024-04-01 00:00:00,,
2024-04-01 04:00:00,117.69259524266937,112.52544153290907
2024-04-02 00:00:00,,
2024-04-02 04:00:00,116.84061159323309,112.31115143935028
2024-04-03 00:00:00,,
2024-04-03 04:00:00,116.96809899764631,111.70041568060034
2024-04-04 00:00:00,,
2024-04-04 04:00:00,115.52537512234484,111.56112793725144
2024-04-05 00:00:00,,
2024-04-05 04:00:00,116.80761369289026,111.75399229131158
2024-04-06 00:00:00,,
2024-04-07 00:00:00,,
2024-04-08 00:00:00,,
2024-04-08 04:00:00,116.76385393996136,111.5825536767501
2024-04-09 00:00:00,,
2024-04-09 04:00:00,116.93263529604903,111.59327063382094
2024-04-10 00:00:00,,
2024-04-10 04:00:00,115.82680562680503,112.77188249768044
2024-04-11 00:00:00,,
2024-04-11 04:00:00,116.68911276415992,112.80402519424995
2024-04-12 00:00:00,,
2024-04-12 04:00:00,114.99120585681497,113.6183422641309
2024-04-13 00:00:00,,
2024-04-14 00:00:00,,
2024-04-15 00:00:00,,
2024-04-15 04:00:00,113.60885575533904,113.80048966112017
2024-04-16 00:00:00,,
2024-04-16 04:00:00,113.37521834670108,113.85406627183141
2024-04-17 00:00:00,,
2024-04-17 04:00:00,112.71984125061934,113.52190599977929
2024-04-18 00:00:00,,
2024-04-18 04:00:00,112.47093779243717,113.73620426798115
2024-04-19 00:00:00,,
2024-04-19 04:00:00,111.48585567084423,113.73620426798115
2024-04-20 00:00:00,,
2024-04-21 00:00:00,,
2024-04-22 00:00:00,,
2024-04-22 04:00:00,112.45926633316614,113.66120191777127
2024-04-23 00:00:00,,
2024-04-23 04:00:00,113.80479380257569,113.24333051308146
2024-04-24 00:00:00,,
2024-04-24 04:00:00,113.82903536868605,113.42547791007075
2024-04-25 00:00:00,,
2024-04-25 04:00:00,113.30810471611339,113.14689424872985
2024-04-26 00:00:00,,
2024-04-26 04:00:00,114.4648833188326,113.5111972173515
2024-04-27 00:00:00,,
2024-04-28 00:00:00,,
2024-04-29 00:00:00,,
2024-04-29 04:00:00,114.82870407458863,113.12546850923123
2024-04-30 00:00:00,,
2024-04-30 04:00:00,113.02238958498154,113.81120661819104
2024-05-01 00:00:00,,
2024-05-01 04:00:00,112.6341080807814,113.31833286329136
2024-05-02 00:00:00,,
2024-05-02 04:00:00,113.66228144918537,112.82545910839168
2024-05-03 00:00:00,,
2024-05-03 04:00:00,115.08950913349223,112.53615848997993
2024-05-04 00:00:00,,
2024-05-05 00:00:00,,
2024-05-06 00:00:00,,
2024-05-06 04:00:00,116.27793766520182,112.55759240412166
2024-05-07 00:00:00,,
2024-05-07 04:00:00,116.43414891445019,112.94332111224195
2024-05-08 00:00:00,,
2024-05-08 04:00:00,116.43346944921562,113.09332581266169
2024-05-09 00:00:00,,
2024-05-09 04:00:00,117.02622615255112,112.7504567581818
2024-05-10 00:00:00,,
2024-05-10 04:00:00,117.21924907474917,112.83616789081947
2024-05-11 00:00:00,,
2024-05-12 00:00:00,,
2024-05-13 00:00:00,,
2024-05-13 04:00:00,117.1909635945815,112.73973980111094
2024-05-14 00:00:00,,
2024-05-14 04:00:00,117.75791157812048,112.51473275048127
2024-05-15 00:00:00,,
2024-05-15 04:00:00,119.13755477777485,111.80756072737974
2024-05-16 00:00:00,,
2024-05-16 04:00:00,118.88954996716102,111.92542273123
2024-05-17 00:00:00,,
2024-05-17 04:00:00,119.0280293656107,111.91470577415915
2024-05-18 00:00:00,,
2024-05-19 00:00:00,,
2024-05-20 00:00:00,,
2024-05-20 04:00:00,119.13710545399073,112.04328473508025
2024-05-21 00:00:00,,
2024-05-21 04:00:00,119.43517150962819,112.13972099943186
2024-05-22 00:00:00,,
2024-05-22 04:00:00,119.11196524031207,112.4397304002714
2024-05-23 00:00:00,,
2024-05-23 04:00:00,118.23282489972682,112.62187779726067
2024-05-24 00:00:00,,
2024-05-24 04:00:00,119.0605779421694,112.20400639257089
2024-05-25 00:00:00,,
2024-05-26 00:00:00,,
2024-05-27 00:00:00,,
2024-05-28 00:00:00,,
2024-05-28 04:00:00,119.09020043457281,112.08614438872063
2024-05-29 00:00:00,,
2024-05-29 04:00:00,118.21285738912415,112.61116084018981
2024-05-30 00:00:00,,
2024-05-30 04:00:00,117.50653135956719,112.20400639257089
2024-05-31 00:00:00,,
2024-05-31 04:00:00,118.44985924658485,112.15042978185966
2024-06-01 00:00:00,,
2024-06-02 00:00:00,,
2024-06-03 00:00:00,,
2024-06-03 04:00:00,118.5820590711732,111.5825536767501
2024-06-04 00:00:00,,
2024-06-04 04:00:00,118.7602652676112,111.55041098018057
2024-06-05 00:00:00,,
2024-06-05 04:00:00,120.16729529986499,111.721841420099
2024-06-06 00:00:00,,
2024-06-06 04:00:00,120.14328387520503,111.53969402310973
2024-06-07 00:00:00,,
2024-06-07 04:00:00,120.00929771459677,112.38615378956015
2024-06-08 00:00:00,,
2024-06-09 00:00:00,,
2024-06-10 00:00:00,,
2024-06-10 04:00:00,120.31902427038858,112.66473745090104
2024-06-11 00:00:00,,
2024-06-11 04:00:00,120.64513470562662,112.7504567581818
2024-06-12 00:00:00,,
2024-06-12 04:00:00,121.67106145510986,112.12900404236099
2024-06-13 00:00:00,,
2024-06-13 04:00:00,121.95633822157428,112.7183058869692
2024-06-14 00:00:00,,
2024-06-14 04:00:00,121.90830441313764,113.09332581266169
2024-06-15 00:00:00,,
2024-06-16 00:00:00,,
2024-06-17 00:00:00,,
2024-06-17 04:00:00,122.84265678358912,112.84688484789034
2024-06-18 00:00:00,,
2024-06-18 04:00:00,123.15238333938095,112.7825994547513
2024-06-19 00:00:00,,
2024-06-20 00:00:00,,
2024-06-20 04:00:00,122.84130881223669,113.13617729165901
2024-06-21 00:00:00,,
2024-06-21 04:00:00,122.64941467905734,113.36119251693174
2024-06-22 00:00:00,,
2024-06-23 00:00:00,,
2024-06-24 00:00:00,,
2024-06-24 04:00:00,122.27347314024613,113.00760650538095
2024-06-25 00:00:00,,
2024-06-25 04:00:00,122.75444685338006,113.15761120580072
2024-06-26 00:00:00,,
2024-06-26 04:00:00,122.94746977557811,113.62905922120174
2024-06-27 00:00:00,,
2024-06-27 04:00:00,123.05902262432926,113.479054520782
2024-06-28 00:00:00,,
2024-06-28 04:00:00,122.55649232867312,113.43619486714161
2024-06-29 00:00:00,,
2024-06-30 00:00:00,,
2024-07-01 00:00:00,,
2024-07-01 04:00:00,122.88440005904772,113.46833756371113
2024-07-02 00:00:00,,
2024-07-02 04:00:00,123.64570797702048,113.27547320965098
2024-07-03 00:00:00,,
2024-07-03 04:00:00,124.27437770573742,112.93260415517108
2024-07-04 00:00:00,,
2024-07-05 00:00:00,,
2024-07-05 04:00:00,124.95151960755841,112.3754368324893
2024-07-06 00:00:00,,
2024-07-07 00:00:00,,
2024-07-08 00:00:00,,
2024-07-08 04:00:00,125.07855768818747,112.51473275048127
2024-07-09 00:00:00,,
2024-07-09 04:00:00,125.1712498971213,112.63259475433154
2024-07-10 00:00:00,,
2024-07-10 04:00:00,126.44900618894196,112.55759240412166
2024-07-11 00:00:00,,
2024-07-11 04:00:00,125.34092990077725,111.90399699173135
2024-07-12 00:00:00,,
2024-07-12 04:00:00,126.03243920457416,111.52897706603886
2024-07-13 00:00:00,,
2024-07-14 00:00:00,,
2024-07-15 00:00:00,,
2024-07-15 04:00:00,126.38863241511645,111.63613028746133
2024-07-16 00:00:00,,
2024-07-16 04:00:00,127.19617684638924,111.721841420099
2024-07-17 00:00:00,,
2024-07-17 04:00:00,125.42464659314487,111.16468227206029
2024-07-18 00:00:00,,
2024-07-18 04:00:00,124.4442768917271,111.6146963733196
2024-07-19 00:00:00,,
2024-07-19 04:00:00,123.55571171079154,111.86113733809097
2024-07-20 00:00:00,,
2024-07-21 00:00:00,,
2024-07-22 00:00:00,,
2024-07-22 04:00:00,124.88912935626257,111.76470107373937
2024-07-23 00:00:00,,
2024-07-23 04:00:00,124.69453928037836,111.91470577415915
2024-07-24 00:00:00,,
2024-07-24 04:00:00,121.80797369987341,111.85042038102011
2024-07-25 00:00:00,,
2024-07-25 04:00:00,121.18156154919389,111.8182776844506
2024-07-26 00:00:00,,
2024-07-26 04:00:00,122.52552186491728,111.77541803081024
2024-07-27 00:00:00,,
2024-07-28 00:00:00,,
2024-07-29 00:00:00,,
2024-07-29 04:00:00,122.62517311294697,112.03256777800938
2024-07-30 00:00:00,,
2024-07-30 04:00:00,122.01693117773354,112.02185899558161
2024-07-31 00:00:00,,
2024-07-31 04:00:00,123.94399321499168,111.53969402310973
2024-08-01 00:00:00,,
2024-08-01 04:00:00,122.24676577288129,111.88256307758961
2024-08-02 00:00:00,,
2024-08-02 04:00:00,119.99964273279602,110.58608920987987
2024-08-03 00:00:00,,
2024-08-04 00:00:00,,
2024-08-05 00:00:00,,
2024-08-05 04:00:00,116.40339763302805,110.02893006184118
2024-08-06 00:00:00,,
2024-08-06 04:00:00,117.60864840885132,110.32893946268072
2024-08-07 00:00:00,,
2024-08-07 04:00:00,116.69898692829439,110.575372252809
2024-08-08 00:00:00,,
2024-08-08 04:00:00,119.38803634875985,110.58608920987987
2024-08-09 00:00:00,,
2024-08-09 04:00:00,119.94577867428222,110.51108685966999
2024-08-10 00:00:00,,
2024-08-11 00:00:00,,
2024-08-12 00:00:00,,
2024-08-12 04:00:00,119.95094041824154,110.51108685966999
2024-08-13 00:00:00,,
2024-08-13 04:00:00,121.97182345345219,109.88963414384921
2024-08-14 00:00:00,,
2024-08-14 04:00:00,122.43821058227651,109.90035110092005
2024-08-15 00:00:00,,
2024-08-15 04:00:00,124.41353656942167,110.33965641975156
2024-08-16 00:00:00,,
2024-08-16 04:00:00,124.6610920562514,109.7824890970698
2024-08-17 00:00:00,,
2024-08-18 00:00:00,,
2024-08-19 00:00:00,,
2024-08-19 04:00:00,125.87308268883682,109.17175333831986
2024-08-20 00:00:00,,
2024-08-20 04:00:00,125.62328058308638,108.68959654049104
2024-08-21 00:00:00,,
2024-08-21 04:00:00,126.15588269493007,108.26100817873039
2024-08-22 00:00:00,,
2024-08-22 04:00:00,125.0289567260647,108.76459889070094
2024-08-23 00:00:00,,
2024-08-23 04:00:00,126.4647106031536,107.91813912425047
2024-08-24 00:00:00,,
2024-08-25 00:00:00,,
2024-08-26 00:00:00,,
2024-08-26 04:00:00,126.06587546958446,108.0574268675994
2024-08-27 00:00:00,,
2024-08-27 04:00:00,126.26697526078041,107.73599172726121
2024-08-28 00:00:00,,
2024-08-28 04:00:00,125.5124071995698,108.31457661479855
2024-08-29 00:00:00,,
2024-08-29 04:00:00,125.5074646379442,108.58244331906859
2024-08-30 00:00:00,,
2024-08-30 04:00:00,126.77421797661171,108.96817202718887
2024-08-31 00:00:00,,
2024-09-01 00:00:00,,
2024-09-02 00:00:00,,
2024-09-03 00:00:00,,
2024-09-03 04:00:00,124.09280706047667,109.10746794518084
2024-09-04 00:00:00,,
2024-09-04 04:00:00,123.89394292908476,108.6038772332103
2024-09-05 00:00:00,,
2024-09-05 04:00:00,123.52002882686052,108.33601052894028
2024-09-06 00:00:00,,
2024-09-06 04:00:00,121.38804226668287,108.41101287915016
2024-09-07 00:00:00,,
2024-09-08 00:00:00,,
2024-09-09 00:00:00,,
2024-09-09 04:00:00,122.79372432758421,108.8074585443413
2024-09-10 00:00:00,,
2024-09-10 04:00:00,123.34294046032454,108.89316967697897
2024-09-11 00:00:00,,
2024-09-11 04:00:00,124.65839611354652,108.94674628769022
2024-09-12 00:00:00,,
2024-09-12 04:00:00,125.592748483998,108.61459419028117
2024-09-13 00:00:00,,
2024-09-13 04:00:00,126.27191782240598,108.33601052894028
2024-09-14 00:00:00,,
2024-09-15 00:00:00,,
2024-09-16 00:00:00,,
2024-09-16 04:00:00,126.43059487290877,107.96099877789086
2024-09-17 00:00:00,,
2024-09-17 04:00:00,126.46404209703574,108.10028652123978
2024-09-18 00:00:00,,
2024-09-18 04:00:00,126.09774458090858,107.78956016332937
2024-09-19 00:00:00,,
2024-09-19 04:00:00,128.2384874753187,107.80027712040024
2024-09-20 00:00:00,,
2024-09-20 04:00:00,127.98957305801986,107.91813912425047
2024-09-21 00:00:00,,
2024-09-22 00:00:00,,
2024-09-23 00:00:00,,
2024-09-23 04:00:00,128.34913071738487,108.13242921780927
2024-09-24 00:00:00,,
2024-09-24 04:00:00,128.6714383391327,107.54312737320106
2024-09-25 00:00:00,,
2024-09-25 04:00:00,128.4319487621842,108.13242921780927
2024-09-26 00:00:00,,
2024-09-26 04:00:00,128.95064375495284,107.74670050968899
2024-09-27 00:00:00,,
2024-09-27 04:00:00,128.78904062029477,107.59669580926922
2024-09-28 00:00:00,,
2024-09-29 00:00:00,,
2024-09-30 00:00:00,,
2024-09-30 04:00:00,129.33466216276196,107.9824245173895
2024-10-01 00:00:00,,
2024-10-01 04:00:00,128.12873192170414,108.42172983622103
2024-10-02 00:00:00,,
2024-10-02 04:00:00,128.14646377250276,108.94674628769022
2024-10-03 00:00:00,,
2024-10-03 04:00:00,127.93099657933091,109.27889838509925
2024-10-04 00:00:00,,
2024-10-04 04:00:00,129.07856952403353,109.84677449020883
2024-10-05 00:00:00,,
2024-10-06 00:00:00,,
2024-10-07 00:00:00,,
2024-10-07 04:00:00,127.8412194954357,109.86820840435054
2024-10-08 00:00:00,,
2024-10-08 04:00:00,129.07991749538596,109.87892536142141
2024-10-09 00:00:00,,
2024-10-09 04:00:00,129.9981161278416,110.28607980904033
2024-10-10 00:00:00,,
2024-10-10 04:00:00,129.7290040584897,110.35036520217936
2024-10-11 00:00:00,,
2024-10-11 04:00:00,130.51410421878867,110.24322015539995
2024-10-12 00:00:00,,
2024-10-13 00:00:00,,
2024-10-14 00:00:00,,
2024-10-14 04:00:00,131.52006345766927,110.68252547423147
2024-10-15 00:00:00,,
2024-10-15 04:00:00,130.519265962748,110.6396658205911
2024-10-16 00:00:00,,
2024-10-16 04:00:00,131.12998465833255,110.99324365749881
2024-10-17 00:00:00,,
2024-10-17 04:00:00,131.10754038735874,111.25040157934106
2024-10-18 00:00:00,,
2024-10-18 04:00:00,131.628240898481,110.88609861071942
2024-10-19 00:00:00,,
2024-10-20 00:00:00,,
2024-10-21 00:00:00,,
2024-10-21 04:00:00,131.388312956865,111.4432659334012
2024-10-22 00:00:00,,
2024-10-22 04:00:00,131.3259227055692,111.51826828361106
2024-10-23 00:00:00,,
2024-10-23 04:00:00,130.11886367549266,111.89328003466048
2024-10-24 00:00:00,,
2024-10-24 04:00:00,130.3980690913128,111.49683436946933
2024-10-25 00:00:00,,
2024-10-25 04:00:00,130.35902175855904,111.71113263767121
2024-10-26 00:00:00,,
2024-10-27 00:00:00,,
2024-10-28 00:00:00,,
2024-10-28 04:00:00,130.7046613397323,111.77541803081024
2024-10-29 00:00:00,,
2024-10-29 04:00:00,130.9156352950627,111.73255837716987
2024-10-30 00:00:00,,
2024-10-30 04:00:00,130.483583078817,111.42183201925945
2024-10-31 00:00:00,,
2024-10-31 04:00:00,128.05467021113725,111.41112323683167
2024-11-01 00:00:00,,
2024-11-01 04:00:00,128.57873517108223,111.73255837716987
2024-11-02 00:00:00,,
2024-11-03 00:00:00,,
2024-11-04 00:00:00,,
2024-11-04 05:00:00,128.2171610342469,111.31468697248006
2024-11-05 00:00:00,,
2024-11-05 05:00:00,129.78982715609934,110.81109626050953
2024-11-06 00:00:00,,
2024-11-06 05:00:00,133.07298125125274,112.60044388311896
2024-11-07 00:00:00,,
2024-11-07 05:00:00,134.06187714545257,111.97899934194125
2024-11-08 00:00:00,,
2024-11-08 05:00:00,134.56552527101073,112.50401579341043
2024-11-09 00:00:00,,
2024-11-10 00:00:00,,
2024-11-11 00:00:00,,
2024-11-11 05:00:00,134.69592780046253,113.08260885559085
2024-11-12 00:00:00,,
2024-11-12 05:00:00,134.30629832490996,113.59690834998916
2024-11-13 00:00:00,,
2024-11-13 05:00:00,134.33748797099955,114.08979027953193
2024-11-14 00:00:00,,
2024-11-14 05:00:00,133.52478179576744,114.29336341601986
2024-11-15 00:00:00,,
2024-11-15 05:00:00,131.7617886944218,114.31479733016157
2024-11-16 00:00:00,,
2024-11-17 00:00:00,,
2024-11-18 00:00:00,,
2024-11-18 05:00:00,132.2780069268193,113.87549201133005
2024-11-19 00:00:00,,
2024-11-19 05:00:00,132.80230202821468,113.80048966112017
2024-11-20 00:00:00,,
2024-11-20 05:00:00,132.80521715325327,114.3040803730907
2024-11-21 00:00:00,,
2024-11-21 05:00:00,133.51445830784883,114.61480673100111
2024-11-22 00:00:00,,
2024-11-22 05:00:00,133.97748098785038,115.17196587903982
2024-11-23 00:00:00,,
2024-11-24 00:00:00,,
2024-11-25 00:00:00,,
2024-11-25 05:00:00,134.38215733061344,114.45408507351047
2024-11-26 00:00:00,,
2024-11-26 05:00:00,135.15109279379996,114.65766638464147
2024-11-27 00:00:00,,
2024-11-27 05:00:00,134.6373513217736,113.66120191777127
2024-11-28 00:00:00,,
2024-11-29 00:00:00,,
2024-11-29 05:00:00,135.39236870676834,113.29689894914962
2024-11-30 00:00:00,,
2024-12-01 00:00:00,,
2024-12-02 00:00:00,,
2024-12-02 05:00:00,135.7238710274161,114.05763940831935
2024-12-03 00:00:00,,
2024-12-03 05:00:00,135.78514344880992,113.97192827568165
2024-12-04 00:00:00,,
2024-12-04 05:00:00,136.60683609972492,113.93977740446908
2024-12-05 00:00:00,,
2024-12-05 05:00:00,136.3514119671143,113.26475625258013
2024-12-06 00:00:00,,
2024-12-06 05:00:00,136.69167062199452,113.543339913921
2024-12-07 00:00:00,,
2024-12-08 00:00:00,,
2024-12-09 00:00:00,,
2024-12-09 05:00:00,135.85180775561346,113.73620426798115
2024-12-10 00:00:00,,
2024-12-10 05:00:00,135.4491588494374,114.00407097225118
2024-12-11 00:00:00,,
2024-12-11 05:00:00,136.55520770101512,114.33622306966022
2024-12-12 00:00:00,,
2024-12-12 05:00:00,135.81589473023203,114.60408977393024
2024-12-13 00:00:00,,
2024-12-13 05:00:00,135.8123001399589,114.6469494275706
2024-12-14 00:00:00,,
2024-12-15 00:00:00,,
2024-12-16 00:00:00,,
2024-12-16 05:00:00,136.32829919002265,114.49694472715083
2024-12-17 00:00:00,,
2024-12-17 05:00:00,135.80152732825613,114.60408977393024
2024-12-18 00:00:00,,
2024-12-18 05:00:00,131.7963537484508,115.75055894122023
2024-12-19 00:00:00,,
2024-12-19 05:00:00,131.6823350984452,116.15772156348223
2024-12-20 00:00:00,,
2024-12-20 05:00:00,133.11360669680937,115.31126179703179
2024-12-21 00:00:00,,
2024-12-22 00:00:00,,
2024-12-23 00:00:00,,
2024-12-23 05:00:00,134.08364195119182,115.76127589829109
2024-12-24 00:00:00,,
2024-12-24 05:00:00,135.56429532934501,115.99699990599161
2024-12-25 00:00:00,,
2024-12-26 00:00:00,,
2024-12-26 05:00:00,135.5093024818125,115.85770398799961
2024-12-27 00:00:00,,
2024-12-27 05:00:00,134.0111473943111,115.71841624465071
2024-12-28 00:00:00,,
2024-12-29 00:00:00,,
2024-12-30 00:00:00,,
2024-12-30 05:00:00,132.57696067090836,115.85770398799961
2024-12-31 00:00:00,,
2024-12-31 05:00:00,132.00889485746737,116.2434326961199
2025-01-01 00:00:00,,
2025-01-02 00:00:00,,
2025-01-02 05:00:00,131.71532203967132,117.2077544664206
2025-01-03 00:00:00,,
2025-01-03 05:00:00,133.37441175571297,116.73630645101957
2025-01-04 00:00:00,,
2025-01-05 00:00:00,,
2025-01-06 00:00:00,,
2025-01-06 05:00:00,134.1130452612615,115.99699990599161
2025-01-07 00:00:00,,
2025-01-07 05:00:00,132.62386569032628,116.29700930683113
2025-01-08 00:00:00,,
2025-01-08 05:00:00,132.8308066907161,116.88631115143934
2025-01-09 00:00:00,,
2025-01-10 00:00:00,,
2025-01-10 05:00:00,130.78366561192473,117.4863381277615
2025-01-11 00:00:00,,
2025-01-12 00:00:00,,
2025-01-13 00:00:00,,
2025-01-13 05:00:00,130.98970796474626,117.81849022517055
2025-01-14 00:00:00,,
2025-01-14 05:00:00,131.139858822467,117.07917550549949
2025-01-15 00:00:00,,
2025-01-15 05:00:00,133.54139581666408,116.88631115143934
2025-01-16 00:00:00,,
2025-01-16 05:00:00,133.25926431668867,116.74702340809044
2025-01-17 00:00:00,,
2025-01-17 05:00:00,134.5906654846894,117.16489481278023
2025-01-18 00:00:00,,
2025-01-19 00:00:00,,
2025-01-20 00:00:00,,
2025-01-21 00:00:00,,
2025-01-21 05:00:00,135.7707870059507,115.78270163778974
2025-01-22 00:00:00,,
2025-01-22 05:00:00,136.60414015702003,115.90056364163999
2025-01-23 00:00:00,,
2025-01-23 05:00:00,137.32998437339552,115.77199285536194
2025-01-24 00:00:00,,
2025-01-24 05:00:00,136.9378890965885,115.11839744297166
2025-01-25 00:00:00,,
2025-01-26 00:00:00,,
2025-01-27 00:00:00,,
2025-01-27 05:00:00,134.94123666837154,115.01124422154918
2025-01-28 00:00:00,,
2025-01-28 05:00:00,136.18510737139778,115.57912850130181
2025-01-29 00:00:00,,
2025-01-29 05:00:00,135.5479114498988,115.71841624465071
2025-01-30 00:00:00,,
2025-01-30 05:00:00,136.26298285457153,115.50412615109194
2025-01-31 00:00:00,,
2025-01-31 05:00:00,135.5752873233815,116.11486190984186
2025-02-01 00:00:00,,
2025-02-02 00:00:00,,
2025-02-03 00:00:00,,
2025-02-03 05:00:00,134.5437495061548,116.77916610465995
2025-02-04 00:00:00,,
2025-02-04 05:00:00,135.51581219712426,115.67555659101035
2025-02-05 00:00:00,,
2025-02-05 05:00:00,136.0454991839294,115.26840214339143
2025-02-06 00:00:00,,
2025-02-06 05:00:00,136.54128962282337,115.38626414724166
2025-02-07 00:00:00,,
2025-02-07 05:00:00,135.24895770580974,115.76127589829109
2025-02-08 00:00:00,,
2025-02-09 00:00:00,,
2025-02-10 00:00:00,,
2025-02-10 05:00:00,136.1568218912301,116.06128529913062
2025-02-11 00:00:00,,
2025-02-11 05:00:00,136.20305840453014,115.67555659101035
2025-02-12 00:00:00,,
2025-02-12 05:00:00,135.83205942734452,115.65413085151171
2025-02-13 00:00:00,,
2025-02-13 05:00:00,137.2482841584982,114.97910152497968
2025-02-14 00:00:00,,
2025-02-14 05:00:00,137.2384099943637,114.18621836924045
2025-02-15 00:00:00,,
2025-02-16 00:00:00,,
2025-02-17 00:00:00,,
2025-02-18 00:00:00,,
2025-02-18 05:00:00,137.57395622906876,114.70052603828185
2025-02-19 00:00:00,,
2025-02-19 05:00:00,137.9009653118751,114.82909682455991
2025-02-20 00:00:00,,
2025-02-20 05:00:00,137.3032770060307,113.93977740446908
2025-02-21 00:00:00,,
2025-02-21 05:00:00,134.96031649052262,114.22907802288083
2025-02-22 00:00:00,,
2025-02-23 00:00:00,,
2025-02-24 00:00:00,,
2025-02-24 05:00:00,134.28968430401335,114.21836106580996
2025-02-25 00:00:00,,
2025-02-25 05:00:00,133.66124471674684,113.90763470789958
2025-02-26 00:00:00,,
2025-02-26 05:00:00,133.67942589132963,114.02549671174982
2025-02-27 00:00:00,,
2025-02-27 05:00:00,131.55866146663885,114.90409917476978
2025-02-28 00:00:00,,
2025-02-28 05:00:00,133.6444115135165,115.30054483996093
2025-03-01 00:00:00,,
2025-03-02 00:00:00,,
2025-03-03 00:00:00,,
2025-03-03 05:00:00,131.29270562289264,114.3790827233006
2025-03-04 00:00:00,,
2025-03-04 05:00:00,129.6863621354628,113.29689894914962
2025-03-05 00:00:00,,
2025-03-05 05:00:00,131.133568289489,113.29689894914962
2025-03-06 00:00:00,,
2025-03-06 05:00:00,128.79689830695895,111.49683436946933
2025-03-07 00:00:00,,
2025-03-07 05:00:00,129.50793675669107,111.26111036176883
2025-03-08 00:00:00,,
2025-03-09 00:00:00,,
2025-03-10 00:00:00,,
2025-03-10 04:00:00,126.0147073537755,111.33612088662179
2025-03-11 00:00:00,,
2025-03-11 04:00:00,125.06104501972257,110.83253017465124
2025-03-12 00:00:00,,
2025-03-12 04:00:00,125.67220207997458,111.01467757164052
2025-03-13 00:00:00,,
2025-03-13 04:00:00,123.92649150564345,111.25040157934106
2025-03-14 00:00:00,,
2025-03-14 04:00:00,126.56189604992886,111.13253957549078
2025-03-15 00:00:00,,
2025-03-16 00:00:00,,
2025-03-17 00:00:00,,
2025-03-17 04:00:00,127.37393371904311,110.75752782444137
2025-03-18 00:00:00,,
2025-03-18 04:00:00,126.01695397269623,110.6182319064494
2025-03-19 00:00:00,,
2025-03-19 04:00:00,127.37774749164998,110.82181321758038
2025-03-20 00:00:00,,
2025-03-20 04:00:00,127.09944072339813,111.27182731883968
2025-03-21 00:00:00,,
2025-03-21 04:00:00,127.20425371538713,111.52897706603886
2025-03-22 00:00:00,,
2025-03-23 00:00:00,,
2025-03-24 00:00:00,,
2025-03-24 04:00:00,129.44889999510127,111.71113263767121
2025-03-25 00:00:00,,
2025-03-25 04:00:00,129.6526957290021,111.62541333039047
2025-03-26 00:00:00,,
2025-03-26 04:00:00,128.20616904021043,112.02185899558161
2025-03-27 00:00:00,,
2025-03-27 04:00:00,127.7821936929626,111.5075513265402
2025-03-28 00:00:00,,
2025-03-28 04:00:00,125.26012833344822,111.4754086299707
2025-03-29 00:00:00,,
2025-03-30 00:00:00,,
2025-03-31 00:00:00,,
2025-03-31 04:00:00,125.95388425616585,111.65755602695997
2025-04-01 00:00:00,,
2025-04-01 04:00:00,126.43014554912462,111.71113263767121
2025-04-02 00:00:00,,
2025-04-02 04:00:00,127.28079218632516,111.22896766519932
2025-04-03 00:00:00,,
2025-04-03 04:00:00,121.12095763391795,109.36461769238002
2025-04-04 00:00:00,,
2025-04-04 04:00:00,113.88402821621855,110.38250789874886
2025-04-05 00:00:00,,
2025-04-06 00:00:00,,
2025-04-07 00:00:00,,
2025-04-07 04:00:00,113.61851073713977,110.6396658205911
2025-04-08 00:00:00,,
2025-04-08 04:00:00,111.83464051850649,110.31822250560985
2025-04-09 00:00:00,,
2025-04-09 04:00:00,122.47614008512822,110.25393711247082
2025-04-10 00:00:00,,
2025-04-10 04:00:00,118.23753731990199,108.07886078174111
2025-04-11 00:00:00,,
2025-04-11 04:00:00,120.37670210150925,106.91095770030941
2025-04-12 00:00:00,,
2025-04-13 00:00:00,,
2025-04-14 00:00:00,,
2025-04-14 04:00:00,121.33306037826705,106.76095299988964
2025-04-15 00:00:00,,
2025-04-15 04:00:00,121.1234234351724,107.38240571571043
2025-04-16 00:00:00,,
2025-04-16 04:00:00,118.40924476014494,106.48236933854875
2025-04-17 00:00:00,,
2025-04-17 04:00:00,118.56635465696156,106.48236933854875
2025-04-18 00:00:00,,
2025-04-19 00:00:00,,
2025-04-20 00:00:00,,
2025-04-21 00:00:00,,
2025-04-21 04:00:00,115.77204292072297,105.30375747468925
2025-04-22 00:00:00,,
2025-04-22 04:00:00,118.67991302406634,105.98949558364907
2025-04-23 00:00:00,,
2025-04-23 04:00:00,120.6572554886818,106.97524309344844
2025-04-24 00:00:00,,
2025-04-24 04:00:00,123.10166454735617,106.38594124884023
2025-04-25 00:00:00,,
2025-04-25 04:00:00,124.00930955044278,106.57880560290036
2025-04-26 00:00:00,,
2025-04-27 00:00:00,,
2025-04-28 00:00:00,,
2025-04-28 04:00:00,124.0887631464194,106.08593184800068
2025-04-29 00:00:00,,
2025-04-29 04:00:00,124.80877711271769,106.33236463812898
2025-04-30 00:00:00,,
2025-04-30 04:00:00,124.99349302446743,106.57880560290036
2025-05-01 00:00:00,,
2025-05-01 04:00:00,125.78083980368714,107.41454841227996
2025-05-02 00:00:00,,
2025-05-02 04:00:00,127.63316066514385,107.14668170800992
2025-05-03 00:00:00,,
2025-05-04 00:00:00,,
2025-05-05 00:00:00,,
2025-05-05 04:00:00,126.81865719477518,106.96453431102064
2025-05-06 00:00:00,,
2025-05-06 04:00:00,125.84301087264926,106.33236463812898
2025-05-07 00:00:00,,
2025-05-07 04:00:00,126.38996942735218,106.72881030332013
2025-05-08 00:00:00,,
2025-05-08 04:00:00,127.12300282427395,107.83241981696973
2025-05-09 00:00:00,,
2025-05-09 04:00:00,127.03255723426088,107.51097650198848
2025-05-10 00:00:00,,
2025-05-11 00:00:00,,
2025-05-12 00:00:00,,
2025-05-12 04:00:00,131.16858266730216,109.06460829154048
2025-05-13 00:00:00,,
2025-05-13 04:00:00,132.11931891719982,108.21814852509002
2025-05-14 00:00:00,,
2025-05-14 04:00:00,132.25466400827722,108.26100817873039
2025-05-15 00:00:00,,
2025-05-15 04:00:00,132.80118419831265,108.08956956416891
2025-05-16 00:00:00,,
2025-05-16 04:00:00,133.73149265470684,108.31457661479855
2025-05-17 00:00:00,,
2025-05-18 00:00:00,,
2025-05-19 00:00:00,,
2025-05-19 04:00:00,133.84865657120145,107.60741276634009
2025-05-20 00:00:00,,
2025-05-20 04:00:00,133.32929307231493,107.27526066893105
2025-05-21 00:00:00,,
2025-05-21 04:00:00,131.17800750765247,106.6752336926089
2025-05-22 00:00:00,,
2025-05-22 04:00:00,131.11965021129726,107.10382205436954
2025-05-23 00:00:00,,
2025-05-23 04:00:00,130.24006054692788,106.19307689478008
2025-05-24 00:00:00,,
2025-05-25 00:00:00,,
2025-05-26 00:00:00,,
2025-05-27 00:00:00,,
2025-05-27 04:00:00,132.90464921894923,106.63237403896852
2025-05-28 00:00:00,,
2025-05-28 04:00:00,132.16420745914743,107.0181027470888
2025-05-29 00:00:00,,
2025-05-29 04:00:00,132.6943437697367,106.37522429176936
2025-05-30 00:00:00,,
2025-05-30 04:00:00,132.68357095803393,106.42880090248059
2025-05-31 00:00:00,,
2025-06-01 00:00:00,,
2025-06-02 00:00:00,,
2025-06-02 04:00:00,133.22784452914865,105.75377157594856
2025-06-03 00:00:00,,
2025-06-03 04:00:00,134.00060472405875,106.34308159519985
2025-06-04 00:00:00,,
2025-06-04 04:00:00,134.0104788881932,105.85020784030017
2025-06-05 00:00:00,,
2025-06-05 04:00:00,133.30325421106798,105.79663122958894
2025-06-06 00:00:00,,
2025-06-06 04:00:00,134.67370271182247,106.27879620206082
2025-06-07 00:00:00,,
2025-06-08 00:00:00,,
2025-06-09 00:00:00,,
2025-06-09 04:00:00,134.79759552596252,106.01092949779081
2025-06-10 00:00:00,,
2025-06-10 04:00:00,135.53668931441192,106.12879150164105
2025-06-11 00:00:00,,
2025-06-11 04:00:00,135.164791689658,105.67876922573869
2025-06-12 00:00:00,,
2025-06-12 04:00:00,135.68144828672294,104.91802876656897
2025-06-13 00:00:00,,
2025-06-13 04:00:00,134.1487391043092,105.19661242790987
2025-06-14 00:00:00,,
2025-06-15 00:00:00,,
2025-06-16 00:00:00,,
2025-06-16 04:00:00,135.40875258621455,105.00374807384974
2025-06-17 00:00:00,,
2025-06-17 04:00:00,134.27779366240858,105.88235053686968
2025-06-18 00:00:00,,
2025-06-18 04:00:00,134.2362695692837,105.97878680122128
2025-06-19 00:00:00,,
2025-06-20 00:00:00,,
2025-06-20 04:00:00,133.9438145813897,105.76448853301943
2025-06-21 00:00:00,,
2025-06-22 00:00:00,,
2025-06-23 00:00:00,,
2025-06-23 04:00:00,135.23054638977655,105.45376217510902
2025-06-24 00:00:00,,
2025-06-24 04:00:00,136.73454268647183,104.85374337342996
2025-06-25 00:00:00,,
2025-06-25 04:00:00,136.7340933626877,104.66087901936983
2025-06-26 00:00:00,,
2025-06-26 04:00:00,137.8307173739151,104.09300291426024
2025-06-27 00:00:00,,
2025-06-27 04:00:00,138.55005187497883,104.36086961853029
2025-06-28 00:00:00,,
2025-06-29 00:00:00,,
2025-06-30 00:00:00,,
2025-06-30 04:00:00,139.2655835625524,103.8037022958485
2025-07-01 00:00:00,,
2025-07-01 04:00:00,139.1098106779715,103.7394169027095
2025-07-02 00:00:00,,
2025-07-02 04:00:00,139.76990019422843,103.69655724906912
2025-07-03 00:00:00,,
2025-07-03 04:00:00,140.93543513118007,104.12514561082978
2025-07-04 00:00:00,,
2025-07-05 00:00:00,,
2025-07-06 00:00:00,,
2025-07-07 00:00:00,,
2025-07-07 04:00:00,139.82735884301536,104.44658892581103
2025-07-08 00:00:00,,
2025-07-08 04:00:00,139.72725827120155,104.47873162238052
2025-07-09 00:00:00,,
2025-07-09 04:00:00,140.57429935901223,104.43587196874016
2025-07-10 00:00:00,,
2025-07-10 04:00:00,140.9603452034083,104.6287363228003
2025-07-11 00:00:00,,
2025-07-11 04:00:00,140.49552522827017,104.8430264163591
2025-07-12 00:00:00,,
2025-07-13 00:00:00,,
2025-07-14 00:00:00,,
2025-07-14 04:00:00,140.6932605706434,105.08946738113048
2025-07-15 00:00:00,,
2025-07-15 04:00:00,140.13663607502303,105.66806044331089
2025-07-16 00:00:00,,
2025-07-16 04:00:00,140.58418448226337,105.42161947853953
2025-07-17 00:00:00,,
2025-07-17 04:00:00,141.3396511910423,105.78592244716114
2025-07-18 00:00:00,,
2025-07-18 04:00:00,141.32686190186922,105.51805574289112
2025-07-19 00:00:00,,
2025-07-20 00:00:00,,
2025-07-21 00:00:00,,
2025-07-21 04:00:00,141.52459724424244,104.8430264163591
2025-07-22 00:00:00,,
2025-07-22 04:00:00,141.6148236519218,104.35015266145942
2025-07-23 00:00:00,,
2025-07-23 04:00:00,142.72110264494992,104.15728830739927
2025-07-24 00:00:00,,
2025-07-24 04:00:00,142.8207538929796,104.33943570438855
2025-07-25 00:00:00,,
2025-07-25 04:00:00,143.38837038263645,104.6287363228003
2025-07-26 00:00:00,,
2025-07-27 00:00:00,,
2025-07-28 00:00:00,,
2025-07-28 04:00:00,143.41372977864887,105.71092009695127
2025-07-29 00:00:00,,
2025-07-29 04:00:00,142.9893051076169,105.97878680122128
2025-07-30 00:00:00,,
2025-07-30 04:00:00,142.81064958739472,107.0823963148709
2025-07-31 00:00:00,,
2025-07-31 04:00:00,142.2829900371766,107.17882440457944
2025-08-01 00:00:00,,
2025-08-01 04:00:00,140.00758151692366,105.74306279352076
2025-08-02 00:00:00,,
2025-08-03 00:00:00,,
2025-08-04 00:00:00,,
2025-08-04 04:00:00,142.07088729282748,105.8394908832293
2025-08-05 00:00:00,,
2025-08-05 04:00:00,141.380725960383,105.8394908832293
2025-08-06 00:00:00,,
2025-08-06 04:00:00,142.41024730013942,105.19661242790987
2025-08-07 00:00:00,,
2025-08-07 04:00:00,142.29667797391795,105.43233643561038
2025-08-08 00:00:00,,
2025-08-08 04:00:00,143.40655155721925,105.19661242790987
2025-08-09 00:00:00,,
2025-08-10 00:00:00,,
2025-08-11 00:00:00,,
2025-08-11 04:00:00,143.0474432216384,105.56090722188843
2025-08-12 00:00:00,,
2025-08-12 04:00:00,144.6703788117315,105.11089312062911
2025-08-13 00:00:00,,
2025-08-13 04:00:00,145.13767554724075,104.83230945928823
2025-08-14 00:00:00,,
2025-08-14 04:00:00,145.18166544162008,105.27161477811975
2025-08-15 00:00:00,,
2025-08-15 04:00:00,144.76105454319497,104.8430264163591
2025-08-16 00:00:00,,
2025-08-17 00:00:00,,
2025-08-18 00:00:00,,
2025-08-18 04:00:00,144.74646795888535,105.18589547083901
2025-08-19 00:00:00,,
2025-08-19 04:00:00,143.89852822350636,105.29304051761841
2025-08-20 00:00:00,,
2025-08-20 04:00:00,143.5486145868254,105.23947208155025
2025-08-21 00:00:00,,
2025-08-21 04:00:00,142.97381987573897,105.66806044331089
2025-08-22 00:00:00,,
2025-08-22 04:00:00,145.14508391012077,104.70373867301019
2025-08-23 00:00:00,,
2025-08-24 00:00:00,,
2025-08-25 00:00:00,,
2025-08-25 04:00:00,144.52583902175417,105.46447913217989
2025-08-26 00:00:00,,
2025-08-26 04:00:00,145.12330814526484,105.25018903862112
2025-08-27 00:00:00,,
2025-08-27 04:00:00,145.47029569779053,105.25018903862112
2025-08-28 00:00:00,,
2025-08-28 04:00:00,145.9295046051852,104.80016676271873
2025-08-29 00:00:00,,
2025-08-29 04:00:00,144.99582074085163,104.75730710907835
2025-08-30 00:00:00,,
2025-08-31 00:00:00,,
2025-09-01 00:00:00,,
2025-09-02 00:00:00,,
2025-09-02 04:00:00,143.99211908000845,105.43233643561038
2025-09-03 00:00:00,,
2025-09-03 04:00:00,144.72648948916597,105.1537527742695
2025-09-04 00:00:00,,
2025-09-04 04:00:00,145.9344471668108,105.37875982489915
2025-09-05 00:00:00,,
2025-09-05 04:00:00,145.47254231671124,104.75730710907835
2025-09-06 00:00:00,,
2025-09-07 00:00:00,,
2025-09-08 00:00:00,,
2025-09-08 04:00:00,145.77890442368033,104.41443805459845
2025-09-09 00:00:00,,
2025-09-09 04:00:00,146.1707805181536,104.77874102322006
2025-09-10 00:00:00,,
2025-09-10 04:00:00,146.60687664845665,104.7680240661492
2025-09-11 00:00:00,,
2025-09-11 04:00:00,147.8509665338166,104.51087431895006
2025-09-12 00:00:00,,
2025-09-12 04:00:00,147.7795898068379,104.52159127602091
2025-09-13 00:00:00,,
2025-09-14 00:00:00,,
2025-09-15 00:00:00,,
2025-09-15 04:00:00,148.47513206557542,104.25372457175088
2025-09-16 00:00:00,,
2025-09-16 04:00:00,148.28390643851392,103.53583559157849
2025-09-17 00:00:00,,
2025-09-17 04:00:00,148.14004611377118,103.79299351342073
2025-09-18 00:00:00,,
2025-09-18 04:00:00,148.8495064507005,104.30729300781904
2025-09-19 00:00:00,,
2025-09-19 04:00:00,149.57669863842838,104.61801936572945
2025-09-20 00:00:00,,
2025-09-21 00:00:00,,
2025-09-22 00:00:00,,
2025-09-22 04:00:00,150.23633883090116,104.28586726832039
