,^GSPC,^VIX,^TNX,DX-Y.NYB
2021-09-24,4455.47998046875,,,93.33000183105467
2021-09-25,4455.47998046875,,,93.33000183105467
2021-09-26,4455.47998046875,,,93.33000183105467
2021-09-27,4443.10986328125,,,93.37999725341795
2021-09-28,4352.6298828125,,,93.7699966430664
2021-09-29,4359.4599609375,,,94.33999633789062
2021-09-30,4307.5400390625,,,94.25
2021-10-01,4357.0400390625,,,94.04000091552734
2021-10-02,4357.0400390625,,,94.04000091552734
2021-10-03,4357.0400390625,,,94.04000091552734
2021-10-04,4300.4599609375,,,93.80999755859376
2021-10-05,4345.72021484375,,,93.9800033569336
2021-10-06,4363.5498046875,,,94.2699966430664
2021-10-07,4399.759765625,,,94.22000122070312
2021-10-08,4391.33984375,,,94.06999969482422
2021-10-09,4391.33984375,,,94.06999969482422
2021-10-10,4391.33984375,,,94.06999969482422
2021-10-11,4361.18994140625,,,94.31999969482422
2021-10-12,4350.64990234375,,,94.5199966430664
2021-10-13,4363.7998046875,,,94.08000183105467
2021-10-14,4438.259765625,,,93.95999908447266
2021-10-15,4471.3701171875,,,93.94000244140624
2021-10-16,4471.3701171875,,,93.94000244140624
2021-10-17,4471.3701171875,,,93.94000244140624
2021-10-18,4486.4599609375,,,93.9499969482422
2021-10-19,4519.6298828125,,,93.79000091552734
2021-10-20,4536.18994140625,,,93.55999755859376
2021-10-21,4549.77978515625,,,93.7699966430664
2021-10-22,4544.89990234375,,,93.61000061035156
2021-10-23,4544.89990234375,,,93.61000061035156
2021-10-24,4544.89990234375,,,93.61000061035156
2021-10-25,4566.47998046875,,,93.80999755859376
2021-10-26,4574.7900390625,,,93.9499969482422
2021-10-27,4551.68017578125,,,93.86000061035156
2021-10-28,4596.419921875,,,93.3499984741211
2021-10-29,4605.3798828125,,,94.12000274658205
2021-10-30,4605.3798828125,,,94.12000274658205
2021-10-31,4605.3798828125,,,94.12000274658205
2021-11-01,4613.669921875,,,93.87999725341795
2021-11-02,4630.64990234375,,,94.08999633789062
2021-11-03,4660.56982421875,,,93.86000061035156
2021-11-04,4680.06005859375,,,94.3499984741211
2021-11-05,4697.52978515625,,,94.31999969482422
2021-11-06,4697.52978515625,,,94.31999969482422
2021-11-07,4697.52978515625,,,94.31999969482422
2021-11-08,4701.7001953125,,,94.0500030517578
2021-11-09,4685.25,,,93.95999908447266
2021-11-10,4646.7099609375,,,94.8499984741211
2021-11-11,4649.27001953125,,,95.18000030517578
2021-11-12,4682.85009765625,,,95.12999725341795
2021-11-13,4682.85009765625,,,95.12999725341795
2021-11-14,4682.85009765625,,,95.12999725341795
2021-11-15,4682.7998046875,,,95.41000366210938
2021-11-16,4700.89990234375,,,95.91999816894533
2021-11-17,4688.669921875,,,95.83000183105467
2021-11-18,4704.5400390625,,,95.54000091552734
2021-11-19,4697.9599609375,,,96.06999969482422
2021-11-20,4697.9599609375,,,96.06999969482422
2021-11-21,4697.9599609375,,,96.06999969482422
2021-11-22,4682.93994140625,,,96.5
2021-11-23,4690.7001953125,,,96.48999786376952
2021-11-24,4701.4599609375,,,96.83999633789062
2021-11-25,4701.4599609375,,,96.83999633789062
2021-11-26,4594.6201171875,,,96.08999633789062
2021-11-27,4594.6201171875,,,96.08999633789062
2021-11-28,4594.6201171875,,,96.08999633789062
2021-11-29,4655.27001953125,,,96.33999633789062
2021-11-30,4567.0,,,95.98999786376952
2021-12-01,4513.0400390625,,,96.0500030517578
2021-12-02,4577.10009765625,,,96.12999725341795
2021-12-03,4538.43017578125,,,96.12000274658205
2021-12-04,4538.43017578125,,,96.12000274658205
2021-12-05,4538.43017578125,,,96.12000274658205
2021-12-06,4591.669921875,,,96.29000091552734
2021-12-07,4686.75,,,96.37000274658205
2021-12-08,4701.2099609375,,,95.88999938964844
2021-12-09,4667.4501953125,,,96.2699966430664
2021-12-10,4712.02001953125,,,96.0500030517578
2021-12-11,4712.02001953125,,,96.0500030517578
2021-12-12,4712.02001953125,,,96.0500030517578
2021-12-13,4668.97021484375,,,96.31999969482422
2021-12-14,4634.08984375,,,96.56999969482422
2021-12-15,4709.85009765625,,,96.51000213623048
2021-12-16,4668.669921875,,,96.04000091552734
2021-12-17,4620.64013671875,,,96.56999969482422
2021-12-18,4620.64013671875,,,96.56999969482422
2021-12-19,4620.64013671875,,,96.56999969482422
2021-12-20,4568.02001953125,,,96.5500030517578
2021-12-21,4649.22998046875,,,96.48999786376952
2021-12-22,4696.56005859375,,,96.08000183105467
2021-12-23,4725.7900390625,,,96.0199966430664
2021-12-24,4725.7900390625,,,96.0199966430664
2021-12-25,4725.7900390625,,,96.0199966430664
2021-12-26,4725.7900390625,,,96.0199966430664
2021-12-27,4791.18994140625,,,96.08999633789062
2021-12-28,4786.35009765625,,,96.1999969482422
2021-12-29,4793.06005859375,,,95.93000030517578
2021-12-30,4778.72998046875,,,95.97000122070312
2021-12-31,4766.18017578125,,,95.66999816894533
2022-01-01,4766.18017578125,,,95.66999816894533
2022-01-02,4766.18017578125,,,95.66999816894533
2022-01-03,4796.56005859375,,,96.23999786376952
2022-01-04,4793.5400390625,,,96.29000091552734
2022-01-05,4700.580078125,,,96.19000244140624
2022-01-06,4696.0498046875,,,96.25
2022-01-07,4677.02978515625,,,95.73999786376952
2022-01-08,4677.02978515625,,,95.73999786376952
2022-01-09,4677.02978515625,,,95.73999786376952
2022-01-10,4670.2900390625,,,95.98999786376952
2022-01-11,4713.06982421875,,,95.62000274658205
2022-01-12,4726.35009765625,,,95.0
2022-01-13,4659.02978515625,,,94.79000091552734
2022-01-14,4662.85009765625,,,95.16999816894533
2022-01-15,4662.85009765625,,,95.16999816894533
2022-01-16,4662.85009765625,,,95.16999816894533
2022-01-17,4662.85009765625,,,95.16999816894533
2022-01-18,4577.10986328125,,,95.7300033569336
2022-01-19,4532.759765625,,,95.51000213623048
2022-01-20,4482.72998046875,,,95.73999786376952
2022-01-21,4397.93994140625,,,95.63999938964844
2022-01-22,4397.93994140625,,,95.63999938964844
2022-01-23,4397.93994140625,,,95.63999938964844
2022-01-24,4410.1298828125,,,95.91999816894533
2022-01-25,4356.4501953125,,,95.9499969482422
2022-01-26,4349.93017578125,,,96.48999786376952
2022-01-27,4326.509765625,,,97.26000213623048
2022-01-28,4431.85009765625,,,97.2699966430664
2022-01-29,4431.85009765625,,,97.2699966430664
2022-01-30,4431.85009765625,,,97.2699966430664
2022-01-31,4515.5498046875,,,96.54000091552734
2022-02-01,4546.5400390625,,,96.38999938964844
2022-02-02,4589.3798828125,,,95.94000244140624
2022-02-03,4477.43994140625,,,95.37999725341795
2022-02-04,4500.52978515625,,,95.4800033569336
2022-02-05,4500.52978515625,,,95.4800033569336
2022-02-06,4500.52978515625,,,95.4800033569336
2022-02-07,4483.8701171875,,,95.4000015258789
2022-02-08,4521.5400390625,,,95.63999938964844
2022-02-09,4587.18017578125,,,95.48999786376952
2022-02-10,4504.080078125,,,95.5500030517578
2022-02-11,4418.64013671875,,,96.08000183105467
2022-02-12,4418.64013671875,,,96.08000183105467
2022-02-13,4418.64013671875,,,96.08000183105467
2022-02-14,4401.669921875,,,96.37000274658205
2022-02-15,4471.06982421875,,,95.98999786376952
2022-02-16,4475.009765625,,,95.6999969482422
2022-02-17,4380.259765625,,,95.8000030517578
2022-02-18,4348.8701171875,,,96.04000091552734
2022-02-19,4348.8701171875,,,96.04000091552734
2022-02-20,4348.8701171875,,,96.04000091552734
2022-02-21,4348.8701171875,,,96.04000091552734
2022-02-22,4304.759765625,,,96.02999877929688
2022-02-23,4225.5,,,96.19000244140624
2022-02-24,4288.7001953125,,,97.13999938964844
2022-02-25,4384.64990234375,,,96.62000274658205
2022-02-26,4384.64990234375,,,96.62000274658205
2022-02-27,4384.64990234375,,,96.62000274658205
2022-02-28,4373.93994140625,,,96.70999908447266
2022-03-01,4306.259765625,,,97.41000366210938
2022-03-02,4386.5400390625,,,97.38999938964844
2022-03-03,4363.490234375,,,97.79000091552734
2022-03-04,4328.8701171875,,,98.6500015258789
2022-03-05,4328.8701171875,,,98.6500015258789
2022-03-06,4328.8701171875,,,98.6500015258789
2022-03-07,4201.08984375,,,99.29000091552734
2022-03-08,4170.7001953125,,,99.05999755859376
2022-03-09,4277.8798828125,,,97.97000122070312
2022-03-10,4259.52001953125,,,98.51000213623048
2022-03-11,4204.31005859375,,,99.12000274658205
2022-03-12,4204.31005859375,,,99.12000274658205
2022-03-13,4204.31005859375,,,99.12000274658205
2022-03-14,4173.10986328125,,,99.05999755859376
2022-03-15,4262.4501953125,,,99.06999969482422
2022-03-16,4357.85986328125,,,98.37999725341795
2022-03-17,4411.669921875,,,98.01000213623048
2022-03-18,4463.1201171875,,,98.2300033569336
2022-03-19,4463.1201171875,,,98.2300033569336
2022-03-20,4463.1201171875,,,98.2300033569336
2022-03-21,4461.18017578125,,,98.5
2022-03-22,4511.60986328125,,,98.48999786376952
2022-03-23,4456.240234375,,,98.62000274658205
2022-03-24,4520.16015625,,,98.79000091552734
2022-03-25,4543.06005859375,,,98.80999755859376
2022-03-26,4543.06005859375,,,98.80999755859376
2022-03-27,4543.06005859375,,,98.80999755859376
2022-03-28,4575.52001953125,,,99.08999633789062
2022-03-29,4631.60009765625,,,98.4000015258789
2022-03-30,4602.4501953125,,,97.79000091552734
2022-03-31,4530.41015625,,,98.30999755859376
2022-04-01,4545.85986328125,,,98.62999725341795
2022-04-02,4545.85986328125,,,98.62999725341795
2022-04-03,4545.85986328125,,,98.62999725341795
2022-04-04,4582.64013671875,,,98.98999786376952
2022-04-05,4525.1201171875,,,99.47000122070312
2022-04-06,4481.14990234375,,,99.5999984741211
2022-04-07,4500.2099609375,,,99.75
2022-04-08,4488.27978515625,,,99.8000030517578
2022-04-09,4488.27978515625,,,99.8000030517578
2022-04-10,4488.27978515625,,,99.8000030517578
2022-04-11,4412.52978515625,,,99.93000030517578
2022-04-12,4397.4501953125,,,100.29000091552734
2022-04-13,4446.58984375,,,99.87999725341795
2022-04-14,4392.58984375,,,100.31999969482422
2022-04-15,4392.58984375,,,100.31999969482422
2022-04-16,4392.58984375,,,100.31999969482422
2022-04-17,4392.58984375,,,100.31999969482422
2022-04-18,4391.68994140625,,,100.77999877929688
2022-04-19,4462.2099609375,,,100.95999908447266
2022-04-20,4459.4501953125,,,100.38999938964844
2022-04-21,4393.66015625,,,100.58000183105467
2022-04-22,4271.77978515625,,,101.22000122070312
2022-04-23,4271.77978515625,,,101.22000122070312
2022-04-24,4271.77978515625,,,101.22000122070312
2022-04-25,4296.1201171875,,,101.75
2022-04-26,4175.2001953125,,,102.3000030517578
2022-04-27,4183.9599609375,,,102.9499969482422
2022-04-28,4287.5,,,103.62000274658205
2022-04-29,4131.93017578125,,,102.95999908447266
2022-04-30,4131.93017578125,,,102.95999908447266
2022-05-01,4131.93017578125,,,102.95999908447266
2022-05-02,4155.3798828125,,,103.73999786376952
2022-05-03,4175.47998046875,,,103.47000122070312
2022-05-04,4300.169921875,,,102.58999633789062
2022-05-05,4146.8701171875,,,103.75
2022-05-06,4123.33984375,,,103.66000366210938
2022-05-07,4123.33984375,,,103.66000366210938
2022-05-08,4123.33984375,,,103.66000366210938
2022-05-09,3991.239990234375,,,103.6500015258789
2022-05-10,4001.050048828125,,,103.91999816894533
2022-05-11,3935.179931640625,,,103.8499984741211
2022-05-12,3930.080078125,,,104.8499984741211
2022-05-13,4023.889892578125,,,104.55999755859376
2022-05-14,4023.889892578125,,,104.55999755859376
2022-05-15,4023.889892578125,,,104.55999755859376
2022-05-16,4008.010009765625,,,104.19000244140624
2022-05-17,4088.85009765625,,,103.36000061035156
2022-05-18,3923.679931640625,,,103.80999755859376
2022-05-19,3900.7900390625,,,102.72000122070312
2022-05-20,3901.360107421875,,,103.1500015258789
2022-05-21,3901.360107421875,,,103.1500015258789
2022-05-22,3901.360107421875,,,103.1500015258789
2022-05-23,3973.75,,,102.08000183105467
2022-05-24,3941.47998046875,,,101.86000061035156
2022-05-25,3978.72998046875,,,102.05999755859376
2022-05-26,4057.840087890625,,,101.83000183105467
2022-05-27,4158.240234375,,,101.66999816894533
2022-05-28,4158.240234375,,,101.66999816894533
2022-05-29,4158.240234375,,,101.66999816894533
2022-05-30,4158.240234375,,,101.66999816894533
2022-05-31,4132.14990234375,,,101.75
2022-06-01,4101.22998046875,,,102.5500030517578
2022-06-02,4176.81982421875,,,101.7699966430664
2022-06-03,4108.5400390625,,,102.13999938964844
2022-06-04,4108.5400390625,,,102.13999938964844
2022-06-05,4108.5400390625,,,102.13999938964844
2022-06-06,4121.43017578125,,,102.44000244140624
2022-06-07,4160.68017578125,,,102.31999969482422
2022-06-08,4115.77001953125,,,102.54000091552734
2022-06-09,4017.820068359375,,,103.22000122070312
2022-06-10,3900.860107421875,,,104.1500015258789
2022-06-11,3900.860107421875,,,104.1500015258789
2022-06-12,3900.860107421875,,,104.1500015258789
2022-06-13,3749.6298828125,,,105.08000183105467
2022-06-14,3735.47998046875,,,105.5199966430664
2022-06-15,3789.989990234375,,,105.16000366210938
2022-06-16,3666.77001953125,,,103.62999725341795
2022-06-17,3674.840087890625,,,104.6999969482422
2022-06-18,3674.840087890625,,,104.6999969482422
2022-06-19,3674.840087890625,,,104.6999969482422
2022-06-20,3674.840087890625,,,104.6999969482422
2022-06-21,3764.7900390625,,,104.44000244140624
2022-06-22,3759.889892578125,,,104.1999969482422
2022-06-23,3795.72998046875,,,104.43000030517578
2022-06-24,3911.739990234375,,,104.19000244140624
2022-06-25,3911.739990234375,,,104.19000244140624
2022-06-26,3911.739990234375,,,104.19000244140624
2022-06-27,3900.110107421875,,,103.94000244140624
2022-06-28,3821.550048828125,,,104.51000213623048
2022-06-29,3818.830078125,,,105.11000061035156
2022-06-30,3785.3798828125,,,104.69000244140624
2022-07-01,3825.330078125,,,105.13999938964844
2022-07-02,3825.330078125,,,105.13999938964844
2022-07-03,3825.330078125,,,105.13999938964844
2022-07-04,3825.330078125,,,105.13999938964844
2022-07-05,3831.389892578125,,,106.5
2022-07-06,3845.080078125,,,107.0999984741211
2022-07-07,3902.6201171875,,,107.12999725341795
2022-07-08,3899.3798828125,,,107.01000213623048
2022-07-09,3899.3798828125,,,107.01000213623048
2022-07-10,3899.3798828125,,,107.01000213623048
2022-07-11,3854.429931640625,,,108.0199966430664
2022-07-12,3818.800048828125,,,108.06999969482422
2022-07-13,3801.780029296875,,,107.95999908447266
2022-07-14,3790.3798828125,,,108.54000091552734
2022-07-15,3863.159912109375,,,108.05999755859376
2022-07-16,3863.159912109375,,,108.05999755859376
2022-07-17,3863.159912109375,,,108.05999755859376
2022-07-18,3830.85009765625,,,107.37000274658205
2022-07-19,3936.68994140625,,,106.68000030517578
2022-07-20,3959.89990234375,,,107.08000183105467
2022-07-21,3998.949951171875,,,106.91000366210938
2022-07-22,3961.6298828125,,,106.7300033569336
2022-07-23,3961.6298828125,,,106.7300033569336
2022-07-24,3961.6298828125,,,106.7300033569336
2022-07-25,3966.840087890625,,,106.4800033569336
2022-07-26,3921.050048828125,,,107.19000244140624
2022-07-27,4023.610107421875,,,106.4499969482422
2022-07-28,4072.429931640625,,,106.3499984741211
2022-07-29,4130.2900390625,,,105.9000015258789
2022-07-30,4130.2900390625,,,105.9000015258789
2022-07-31,4130.2900390625,,,105.9000015258789
2022-08-01,4118.6298828125,,,105.4499969482422
2022-08-02,4091.18994140625,,,106.23999786376952
2022-08-03,4155.169921875,,,106.51000213623048
2022-08-04,4151.93994140625,,,105.69000244140624
2022-08-05,4145.18994140625,,,106.62000274658205
2022-08-06,4145.18994140625,,,106.62000274658205
2022-08-07,4145.18994140625,,,106.62000274658205
2022-08-08,4140.06005859375,,,106.44000244140624
2022-08-09,4122.47021484375,,,106.37000274658205
2022-08-10,4210.240234375,,,105.1999969482422
2022-08-11,4207.27001953125,,,105.08999633789062
2022-08-12,4280.14990234375,,,105.62999725341795
2022-08-13,4280.14990234375,,,105.62999725341795
2022-08-14,4280.14990234375,,,105.62999725341795
2022-08-15,4297.14013671875,,,106.5500030517578
2022-08-16,4305.2001953125,,,106.5
2022-08-17,4274.0400390625,,,106.56999969482422
2022-08-18,4283.740234375,,,107.4800033569336
2022-08-19,4228.47998046875,,,108.16999816894533
2022-08-20,4228.47998046875,,,108.16999816894533
2022-08-21,4228.47998046875,,,108.16999816894533
2022-08-22,4137.990234375,,,109.0500030517578
2022-08-23,4128.72998046875,,,108.62000274658205
2022-08-24,4140.77001953125,,,108.68000030517578
2022-08-25,4199.1201171875,,,108.47000122070312
2022-08-26,4057.659912109375,,,108.8000030517578
2022-08-27,4057.659912109375,,,108.8000030517578
2022-08-28,4057.659912109375,,,108.8000030517578
2022-08-29,4030.610107421875,,,108.83999633789062
2022-08-30,3986.159912109375,,,108.7699966430664
2022-08-31,3955.0,,,108.6999969482422
2022-09-01,3966.85009765625,,,109.69000244140624
2022-09-02,3924.260009765625,,,109.52999877929688
2022-09-03,3924.260009765625,,,109.52999877929688
2022-09-04,3924.260009765625,,,109.52999877929688
2022-09-05,3924.260009765625,,,109.52999877929688
2022-09-06,3908.18994140625,,,110.20999908447266
2022-09-07,3979.8701171875,,,109.83999633789062
2022-09-08,4006.179931640625,,,109.70999908447266
2022-09-09,4067.360107421875,,,109.0
2022-09-10,4067.360107421875,,,109.0
2022-09-11,4067.360107421875,,,109.0
2022-09-12,4110.41015625,,,108.33000183105467
2022-09-13,3932.68994140625,,,109.81999969482422
2022-09-14,3946.010009765625,,,109.66000366210938
2022-09-15,3901.35009765625,,,109.73999786376952
2022-09-16,3873.330078125,,,109.76000213623048
2022-09-17,3873.330078125,,,109.76000213623048
2022-09-18,3873.330078125,,,109.76000213623048
2022-09-19,3899.889892578125,,,109.73999786376952
2022-09-20,3855.929931640625,,,110.22000122070312
2022-09-21,3789.929931640625,,,110.63999938964844
2022-09-22,3757.989990234375,,,111.3499984741211
2022-09-23,3693.22998046875,,,113.19000244140624
2022-09-24,3693.22998046875,,,113.19000244140624
2022-09-25,3693.22998046875,,,113.19000244140624
2022-09-26,3655.0400390625,,,114.0999984741211
2022-09-27,3647.2900390625,,,114.11000061035156
2022-09-28,3719.0400390625,,,112.5999984741211
2022-09-29,3640.469970703125,,,112.25
2022-09-30,3585.6201171875,,,112.12000274658205
2022-10-01,3585.6201171875,,,112.12000274658205
2022-10-02,3585.6201171875,,,112.12000274658205
2022-10-03,3678.429931640625,,,111.75
2022-10-04,3790.929931640625,,,110.06999969482422
2022-10-05,3783.280029296875,,,111.06999969482422
2022-10-06,3744.52001953125,,,112.26000213623048
2022-10-07,3639.659912109375,,,112.8000030517578
2022-10-08,3639.659912109375,,,112.8000030517578
2022-10-09,3639.659912109375,,,112.8000030517578
2022-10-10,3612.389892578125,,,113.13999938964844
2022-10-11,3588.840087890625,,,113.22000122070312
2022-10-12,3577.030029296875,,,113.31999969482422
2022-10-13,3669.909912109375,,,112.36000061035156
2022-10-14,3583.070068359375,,,113.30999755859376
2022-10-15,3583.070068359375,,,113.30999755859376
2022-10-16,3583.070068359375,,,113.30999755859376
2022-10-17,3677.949951171875,,,112.04000091552734
2022-10-18,3719.97998046875,,,112.12999725341795
2022-10-19,3695.159912109375,,,112.9800033569336
2022-10-20,3665.780029296875,,,112.87999725341795
2022-10-21,3752.75,,,112.01000213623048
2022-10-22,3752.75,,,112.01000213623048
2022-10-23,3752.75,,,112.01000213623048
2022-10-24,3797.340087890625,,,111.98999786376952
2022-10-25,3859.110107421875,,,110.9499969482422
2022-10-26,3830.60009765625,,,109.6999969482422
2022-10-27,3807.300048828125,,,110.58999633789062
2022-10-28,3901.06005859375,,,110.66999816894533
2022-10-29,3901.06005859375,,,110.66999816894533
2022-10-30,3901.06005859375,,,110.66999816894533
2022-10-31,3871.97998046875,,,111.52999877929688
2022-11-01,3856.10009765625,,,111.4800033569336
2022-11-02,3759.68994140625,,,111.3499984741211
2022-11-03,3719.889892578125,,,112.93000030517578
2022-11-04,3770.550048828125,,,110.87999725341795
2022-11-05,3770.550048828125,,,110.87999725341795
2022-11-06,3770.550048828125,,,110.87999725341795
2022-11-07,3806.800048828125,,,110.12000274658205
2022-11-08,3828.110107421875,,,109.62000274658205
2022-11-09,3748.570068359375,,,110.5500030517578
2022-11-10,3956.3701171875,,,108.20999908447266
2022-11-11,3992.929931640625,,,106.29000091552734
2022-11-12,3992.929931640625,,,106.29000091552734
2022-11-13,3992.929931640625,,,106.29000091552734
2022-11-14,3957.25,,,106.66000366210938
2022-11-15,3991.72998046875,,,106.4000015258789
2022-11-16,3958.7900390625,,,106.27999877929688
2022-11-17,3946.56005859375,,,106.69000244140624
2022-11-18,3965.340087890625,,,106.93000030517578
2022-11-19,3965.340087890625,,,106.93000030517578
2022-11-20,3965.340087890625,,,106.93000030517578
2022-11-21,3949.93994140625,,,107.83999633789062
2022-11-22,4003.580078125,,,107.22000122070312
2022-11-23,4027.260009765625,,,106.08000183105467
2022-11-24,4027.260009765625,,,106.08000183105467
2022-11-25,4026.1201171875,,,105.95999908447266
2022-11-26,4026.1201171875,,,105.95999908447266
2022-11-27,4026.1201171875,,,105.95999908447266
2022-11-28,3963.93994140625,,,106.68000030517578
2022-11-29,3957.6298828125,,,106.81999969482422
2022-11-30,4080.110107421875,,,105.9499969482422
2022-12-01,4076.570068359375,,,104.7300033569336
2022-12-02,4071.699951171875,,,104.5500030517578
2022-12-03,4071.699951171875,,,104.5500030517578
2022-12-04,4071.699951171875,,,104.5500030517578
2022-12-05,3998.840087890625,,,105.29000091552734
2022-12-06,3941.260009765625,,,105.58000183105467
2022-12-07,3933.919921875,,,105.0999984741211
2022-12-08,3963.510009765625,,,104.7699966430664
2022-12-09,3934.3798828125,,,104.80999755859376
2022-12-10,3934.3798828125,,,104.80999755859376
2022-12-11,3934.3798828125,,,104.80999755859376
2022-12-12,3990.56005859375,,,105.12999725341795
2022-12-13,4019.64990234375,,,103.9800033569336
2022-12-14,3995.320068359375,,,103.7699966430664
2022-12-15,3895.75,,,104.55999755859376
2022-12-16,3852.360107421875,,,104.6999969482422
2022-12-17,3852.360107421875,,,104.6999969482422
2022-12-18,3852.360107421875,,,104.6999969482422
2022-12-19,3817.659912109375,,,104.72000122070312
2022-12-20,3821.6201171875,,,103.97000122070312
2022-12-21,3878.43994140625,,,104.16000366210938
2022-12-22,3822.389892578125,,,104.43000030517578
2022-12-23,3844.820068359375,,,104.30999755859376
2022-12-24,3844.820068359375,,,104.30999755859376
2022-12-25,3844.820068359375,,,104.30999755859376
2022-12-26,3844.820068359375,,,104.30999755859376
2022-12-27,3829.25,,,104.18000030517578
2022-12-28,3783.219970703125,,,104.45999908447266
2022-12-29,3849.280029296875,,,103.83999633789062
2022-12-30,3839.5,,,103.5199966430664
2022-12-31,3839.5,,,103.5199966430664
2023-01-01,3839.5,,,103.5199966430664
2023-01-02,3839.5,,,103.5199966430664
2023-01-03,3824.139892578125,,,104.5199966430664
2023-01-04,3852.969970703125,,,104.25
2023-01-05,3808.10009765625,,,105.04000091552734
2023-01-06,3895.080078125,,,103.87999725341795
2023-01-07,3895.080078125,,,103.87999725341795
2023-01-08,3895.080078125,,,103.87999725341795
2023-01-09,3892.090087890625,,,103.0
2023-01-10,3919.25,,,103.23999786376952
2023-01-11,3969.610107421875,,,103.19000244140624
2023-01-12,3983.169921875,,,102.25
2023-01-13,3999.090087890625,,,102.1999969482422
2023-01-14,3999.090087890625,,,102.1999969482422
2023-01-15,3999.090087890625,,,102.1999969482422
2023-01-16,3999.090087890625,,,102.1999969482422
2023-01-17,3990.969970703125,,,102.38999938964844
2023-01-18,3928.860107421875,,,102.36000061035156
2023-01-19,3898.85009765625,,,102.05999755859376
2023-01-20,3972.610107421875,,,102.01000213623048
2023-01-21,3972.610107421875,,,102.01000213623048
2023-01-22,3972.610107421875,,,102.01000213623048
2023-01-23,4019.81005859375,,,102.13999938964844
2023-01-24,4016.949951171875,,,101.91999816894533
2023-01-25,4016.219970703125,,,101.63999938964844
2023-01-26,4060.429931640625,,,101.83999633789062
2023-01-27,4070.56005859375,,,101.93000030517578
2023-01-28,4070.56005859375,,,101.93000030517578
2023-01-29,4070.56005859375,,,101.93000030517578
2023-01-30,4017.77001953125,,,102.27999877929688
2023-01-31,4076.60009765625,,,102.0999984741211
2023-02-01,4119.2099609375,,,101.22000122070312
2023-02-02,4179.759765625,,,101.75
2023-02-03,4136.47998046875,,,102.91999816894533
2023-02-04,4136.47998046875,,,102.91999816894533
2023-02-05,4136.47998046875,,,102.91999816894533
2023-02-06,4111.080078125,,,103.62000274658205
2023-02-07,4164.0,,,103.43000030517578
2023-02-08,4117.85986328125,,,103.41000366210938
2023-02-09,4081.5,,,103.22000122070312
2023-02-10,4090.4599609375,,,103.62999725341795
2023-02-11,4090.4599609375,,,103.62999725341795
2023-02-12,4090.4599609375,,,103.62999725341795
2023-02-13,4137.2900390625,,,103.3499984741211
2023-02-14,4136.1298828125,,,103.2300033569336
2023-02-15,4147.60009765625,,,103.91999816894533
2023-02-16,4090.409912109375,,,103.86000061035156
2023-02-17,4079.090087890625,,,103.86000061035156
2023-02-18,4079.090087890625,,,103.86000061035156
2023-02-19,4079.090087890625,,,103.86000061035156
2023-02-20,4079.090087890625,,,103.86000061035156
2023-02-21,3997.340087890625,,,104.18000030517578
2023-02-22,3991.050048828125,,,104.58999633789062
2023-02-23,4012.320068359375,,,104.5999984741211
2023-02-24,3970.0400390625,,,105.20999908447266
2023-02-25,3970.0400390625,,,105.20999908447266
2023-02-26,3970.0400390625,,,105.20999908447266
2023-02-27,3982.239990234375,,,104.66999816894533
2023-02-28,3970.14990234375,,,104.87000274658205
2023-03-01,3951.389892578125,,,104.4800033569336
2023-03-02,3981.35009765625,,,105.02999877929688
2023-03-03,4045.639892578125,,,104.5199966430664
2023-03-04,4045.639892578125,,,104.5199966430664
2023-03-05,4045.639892578125,,,104.5199966430664
2023-03-06,4048.419921875,,,104.3499984741211
2023-03-07,3986.3701171875,,,105.62000274658205
2023-03-08,3992.010009765625,,,105.66000366210938
2023-03-09,3918.320068359375,,,105.30999755859376
2023-03-10,3861.590087890625,,,104.58000183105467
2023-03-11,3861.590087890625,,,104.58000183105467
2023-03-12,3861.590087890625,,,104.58000183105467
2023-03-13,3855.760009765625,,,103.5999984741211
2023-03-14,3919.2900390625,,,103.5999984741211
2023-03-15,3891.929931640625,,,104.6500015258789
2023-03-16,3960.280029296875,,,104.41999816894533
2023-03-17,3916.639892578125,,,103.70999908447266
2023-03-18,3916.639892578125,,,103.70999908447266
2023-03-19,3916.639892578125,,,103.70999908447266
2023-03-20,3951.570068359375,,,103.27999877929688
2023-03-21,4002.8701171875,,,103.26000213623048
2023-03-22,3936.969970703125,,,102.3499984741211
2023-03-23,3948.719970703125,,,102.52999877929688
2023-03-24,3970.989990234375,,,103.12000274658205
2023-03-25,3970.989990234375,,,103.12000274658205
2023-03-26,3970.989990234375,,,103.12000274658205
2023-03-27,3977.530029296875,,,102.86000061035156
2023-03-28,3971.27001953125,,,102.43000030517578
2023-03-29,4027.81005859375,,,102.63999938964844
2023-03-30,4050.830078125,,,102.13999938964844
2023-03-31,4109.31005859375,,,102.51000213623048
2023-04-01,4109.31005859375,,,102.51000213623048
2023-04-02,4109.31005859375,,,102.51000213623048
2023-04-03,4124.509765625,,,102.08999633789062
2023-04-04,4100.60009765625,,,101.58999633789062
2023-04-05,4090.3798828125,,,101.8499984741211
2023-04-06,4105.02001953125,,,101.81999969482422
2023-04-07,4105.02001953125,,,101.81999969482422
2023-04-08,4105.02001953125,,,101.81999969482422
2023-04-09,4105.02001953125,,,101.81999969482422
2023-04-10,4109.10986328125,,,102.58000183105467
2023-04-11,4108.93994140625,,,102.1999969482422
2023-04-12,4091.949951171875,,,101.5
2023-04-13,4146.22021484375,,,101.01000213623048
2023-04-14,4137.64013671875,,,101.5500030517578
2023-04-15,4137.64013671875,,,101.5500030517578
2023-04-16,4137.64013671875,,,101.5500030517578
2023-04-17,4151.31982421875,,,102.0999984741211
2023-04-18,4154.8701171875,,,101.75
2023-04-19,4154.52001953125,,,101.97000122070312
2023-04-20,4129.7900390625,,,101.83999633789062
2023-04-21,4133.52001953125,,,101.81999969482422
2023-04-22,4133.52001953125,,,101.81999969482422
2023-04-23,4133.52001953125,,,101.81999969482422
2023-04-24,4137.0400390625,,,101.3499984741211
2023-04-25,4071.6298828125,,,101.86000061035156
2023-04-26,4055.989990234375,,,101.47000122070312
2023-04-27,4135.35009765625,,,101.5
2023-04-28,4169.47998046875,,,101.66999816894533
2023-04-29,4169.47998046875,,,101.66999816894533
2023-04-30,4169.47998046875,,,101.66999816894533
2023-05-01,4167.8701171875,,,102.1500015258789
2023-05-02,4119.580078125,,,101.95999908447266
2023-05-03,4090.75,,,101.33999633789062
2023-05-04,4061.219970703125,,,101.4000015258789
2023-05-05,4136.25,,,101.20999908447266
2023-05-06,4136.25,,,101.20999908447266
2023-05-07,4136.25,,,101.20999908447266
2023-05-08,4138.1201171875,,,101.37000274658205
2023-05-09,4119.169921875,,,101.63999938964844
2023-05-10,4137.64013671875,,,101.4800033569336
2023-05-11,4130.6201171875,,,102.05999755859376
2023-05-12,4124.080078125,,,102.68000030517578
2023-05-13,4124.080078125,,,102.68000030517578
2023-05-14,4124.080078125,,,102.68000030517578
2023-05-15,4136.27978515625,,,102.43000030517578
2023-05-16,4109.89990234375,,,102.55999755859376
2023-05-17,4158.77001953125,,,102.87999725341795
2023-05-18,4198.0498046875,,,103.58000183105467
2023-05-19,4191.97998046875,,,103.1999969482422
2023-05-20,4191.97998046875,,,103.1999969482422
2023-05-21,4191.97998046875,,,103.1999969482422
2023-05-22,4192.6298828125,,,103.1999969482422
2023-05-23,4145.580078125,,,103.48999786376952
2023-05-24,4115.240234375,,,103.88999938964844
2023-05-25,4151.27978515625,,,104.20999908447266
2023-05-26,4205.4501953125,,,104.20999908447266
2023-05-27,4205.4501953125,,,104.20999908447266
2023-05-28,4205.4501953125,,,104.20999908447266
2023-05-29,4205.4501953125,,,104.20999908447266
2023-05-30,4205.52001953125,,,104.16999816894533
2023-05-31,4179.830078125,,,104.31999969482422
2023-06-01,4221.02001953125,,,103.55999755859376
2023-06-02,4282.3701171875,,,104.0199966430664
2023-06-03,4282.3701171875,,,104.0199966430664
2023-06-04,4282.3701171875,,,104.0199966430664
2023-06-05,4273.7900390625,,,104.0
2023-06-06,4283.85009765625,,,104.12999725341795
2023-06-07,4267.52001953125,,,104.0999984741211
2023-06-08,4293.93017578125,,,103.33999633789062
2023-06-09,4298.85986328125,,,103.55999755859376
2023-06-10,4298.85986328125,,,103.55999755859376
2023-06-11,4298.85986328125,,,103.55999755859376
2023-06-12,4338.93017578125,,,103.62999725341795
2023-06-13,4369.009765625,,,103.33999633789062
2023-06-14,4372.58984375,,,103.01000213623048
2023-06-15,4425.83984375,,,102.12000274658205
2023-06-16,4409.58984375,,,102.3000030517578
2023-06-17,4409.58984375,,,102.3000030517578
2023-06-18,4409.58984375,,,102.3000030517578
2023-06-19,4409.58984375,,,102.3000030517578
2023-06-20,4388.7099609375,,,102.54000091552734
2023-06-21,4365.68994140625,,,102.06999969482422
2023-06-22,4381.89013671875,,,102.38999938964844
2023-06-23,4348.330078125,,,102.9000015258789
2023-06-24,4348.330078125,,,102.9000015258789
2023-06-25,4348.330078125,,,102.9000015258789
2023-06-26,4328.81982421875,,,102.69000244140624
2023-06-27,4378.41015625,,,102.48999786376952
2023-06-28,4376.85986328125,,,102.91000366210938
2023-06-29,4396.43994140625,,,103.33999633789062
2023-06-30,4450.3798828125,,,102.91000366210938
2023-07-01,4450.3798828125,,,102.91000366210938
2023-07-02,4450.3798828125,,,102.91000366210938
2023-07-03,4455.58984375,,,102.98999786376952
2023-07-04,4455.58984375,,,102.98999786376952
2023-07-05,4446.81982421875,,,103.37000274658205
2023-07-06,4411.58984375,,,103.16999816894533
2023-07-07,4398.9501953125,,,102.2699966430664
2023-07-08,4398.9501953125,,,102.2699966430664
2023-07-09,4398.9501953125,,,102.2699966430664
2023-07-10,4409.52978515625,,,101.97000122070312
2023-07-11,4439.259765625,,,101.7300033569336
2023-07-12,4472.16015625,,,100.5199966430664
2023-07-13,4510.0400390625,,,99.7699966430664
2023-07-14,4505.419921875,,,99.91000366210938
2023-07-15,4505.419921875,,,99.91000366210938
2023-07-16,4505.419921875,,,99.91000366210938
2023-07-17,4522.7900390625,,,99.83999633789062
2023-07-18,4554.97998046875,,,99.94000244140624
2023-07-19,4565.72021484375,,,100.27999877929688
2023-07-20,4534.8701171875,,,100.87999725341795
2023-07-21,4536.33984375,,,101.06999969482422
2023-07-22,4536.33984375,,,101.06999969482422
2023-07-23,4536.33984375,,,101.06999969482422
2023-07-24,4554.64013671875,,,101.3499984741211
2023-07-25,4567.4599609375,,,101.3499984741211
2023-07-26,4566.75,,,100.88999938964844
2023-07-27,4537.41015625,,,101.7699966430664
2023-07-28,4582.22998046875,,,101.62000274658205
2023-07-29,4582.22998046875,,,101.62000274658205
2023-07-30,4582.22998046875,,,101.62000274658205
2023-07-31,4588.9599609375,,,101.86000061035156
2023-08-01,4576.72998046875,,,102.3000030517578
2023-08-02,4513.39013671875,,,102.58999633789062
2023-08-03,4501.89013671875,,,102.54000091552734
2023-08-04,4478.02978515625,,,102.0199966430664
2023-08-05,4478.02978515625,,,102.0199966430664
2023-08-06,4478.02978515625,,,102.0199966430664
2023-08-07,4518.43994140625,,,102.0500030517578
2023-08-08,4499.3798828125,,,102.52999877929688
2023-08-09,4467.7099609375,,,102.48999786376952
2023-08-10,4468.830078125,,,102.5199966430664
2023-08-11,4464.0498046875,,,102.83999633789062
2023-08-12,4464.0498046875,,,102.83999633789062
2023-08-13,4464.0498046875,,,102.83999633789062
2023-08-14,4489.72021484375,,,103.19000244140624
2023-08-15,4437.85986328125,,,103.20999908447266
2023-08-16,4404.330078125,,,103.41999816894533
2023-08-17,4370.35986328125,,,103.44000244140624
2023-08-18,4369.7099609375,,,103.37999725341795
2023-08-19,4369.7099609375,,,103.37999725341795
2023-08-20,4369.7099609375,,,103.37999725341795
2023-08-21,4399.77001953125,,,103.33000183105467
2023-08-22,4387.5498046875,,,103.55999755859376
2023-08-23,4436.009765625,,,103.36000061035156
2023-08-24,4376.31005859375,,,103.9800033569336
2023-08-25,4405.7099609375,,,104.08000183105467
2023-08-26,4405.7099609375,,,104.08000183105467
2023-08-27,4405.7099609375,,,104.08000183105467
2023-08-28,4433.31005859375,,,104.05999755859376
2023-08-29,4497.6298828125,,,103.5500030517578
2023-08-30,4514.8701171875,,,103.16000366210938
2023-08-31,4507.66015625,,,103.62000274658205
2023-09-01,4515.77001953125,,,104.23999786376952
2023-09-02,4515.77001953125,,,104.23999786376952
2023-09-03,4515.77001953125,,,104.23999786376952
2023-09-04,4515.77001953125,,,104.23999786376952
2023-09-05,4496.830078125,,,104.80999755859376
2023-09-06,4465.47998046875,,,104.86000061035156
2023-09-07,4451.14013671875,,,105.05999755859376
2023-09-08,4457.490234375,,,105.08999633789062
2023-09-09,4457.490234375,,,105.08999633789062
2023-09-10,4457.490234375,,,105.08999633789062
2023-09-11,4487.4599609375,,,104.56999969482422
2023-09-12,4461.89990234375,,,104.70999908447266
2023-09-13,4467.43994140625,,,104.7699966430664
2023-09-14,4505.10009765625,,,105.41000366210938
2023-09-15,4450.31982421875,,,105.31999969482422
2023-09-16,4450.31982421875,,,105.31999969482422
2023-09-17,4450.31982421875,,,105.31999969482422
2023-09-18,4453.52978515625,,,105.1999969482422
2023-09-19,4443.9501953125,,,105.1999969482422
2023-09-20,4402.2001953125,,,105.16000366210938
2023-09-21,4330.0,,,105.36000061035156
2023-09-22,4320.06005859375,,,105.58000183105467
2023-09-23,4320.06005859375,,,105.58000183105467
2023-09-24,4320.06005859375,,,105.58000183105467
2023-09-25,4337.43994140625,,,106.0
2023-09-26,4273.52978515625,,,106.2300033569336
2023-09-27,4274.509765625,,,106.66999816894533
2023-09-28,4299.7001953125,,,106.22000122070312
2023-09-29,4288.0498046875,,,106.16999816894533
2023-09-30,4288.0498046875,,,106.16999816894533
2023-10-01,4288.0498046875,,,106.16999816894533
2023-10-02,4288.39013671875,,,106.9000015258789
2023-10-03,4229.4501953125,,,107.0
2023-10-04,4263.75,,,106.8000030517578
2023-10-05,4258.18994140625,,,106.33000183105467
2023-10-06,4308.5,,,106.04000091552734
2023-10-07,4308.5,,,106.04000091552734
2023-10-08,4308.5,,,106.04000091552734
2023-10-09,4335.66015625,,,106.08000183105467
2023-10-10,4358.240234375,,,105.83000183105467
2023-10-11,4376.9501953125,,,105.81999969482422
2023-10-12,4349.60986328125,,,106.56999969482422
2023-10-13,4327.77978515625,,,106.6500015258789
2023-10-14,4327.77978515625,,,106.6500015258789
2023-10-15,4327.77978515625,,,106.6500015258789
2023-10-16,4373.6298828125,,,106.23999786376952
2023-10-17,4373.2001953125,,,106.25
2023-10-18,4314.60009765625,,,106.56999969482422
2023-10-19,4278.0,,,106.25
2023-10-20,4224.16015625,,,106.16000366210938
2023-10-21,4224.16015625,,,106.16000366210938
2023-10-22,4224.16015625,,,106.16000366210938
2023-10-23,4217.0400390625,,,105.54000091552734
2023-10-24,4247.68017578125,,,106.2699966430664
2023-10-25,4186.77001953125,,,106.52999877929688
2023-10-26,4137.22998046875,,,106.5999984741211
2023-10-27,4117.3701171875,,,106.55999755859376
2023-10-28,4117.3701171875,,,106.55999755859376
2023-10-29,4117.3701171875,,,106.55999755859376
2023-10-30,4166.81982421875,,,106.12000274658205
2023-10-31,4193.7998046875,,,106.66000366210938
2023-11-01,4237.85986328125,,,106.87999725341795
2023-11-02,4317.77978515625,,,106.12000274658205
2023-11-03,4358.33984375,,,105.0199966430664
2023-11-04,4358.33984375,,,105.0199966430664
2023-11-05,4358.33984375,,,105.0199966430664
2023-11-06,4365.97998046875,,,105.22000122070312
2023-11-07,4378.3798828125,,,105.54000091552734
2023-11-08,4382.77978515625,,,105.58999633789062
2023-11-09,4347.35009765625,,,105.91000366210938
2023-11-10,4415.240234375,,,105.86000061035156
2023-11-11,4415.240234375,,,105.86000061035156
2023-11-12,4415.240234375,,,105.86000061035156
2023-11-13,4411.5498046875,,,105.66000366210938
2023-11-14,4495.7001953125,,,104.11000061035156
2023-11-15,4502.8798828125,,,104.38999938964844
2023-11-16,4508.240234375,,,104.37000274658205
2023-11-17,4514.02001953125,,,103.81999969482422
2023-11-18,4514.02001953125,,,103.81999969482422
2023-11-19,4514.02001953125,,,103.81999969482422
2023-11-20,4547.3798828125,,,103.47000122070312
2023-11-21,4538.18994140625,,,103.58999633789062
2023-11-22,4556.6201171875,,,103.91999816894533
2023-11-23,4556.6201171875,,,103.91999816894533
2023-11-24,4559.33984375,,,103.4000015258789
2023-11-25,4559.33984375,,,103.4000015258789
2023-11-26,4559.33984375,,,103.4000015258789
2023-11-27,4550.43017578125,,,103.1999969482422
2023-11-28,4554.89013671875,,,102.75
2023-11-29,4550.580078125,,,102.7699966430664
2023-11-30,4567.7998046875,,,103.5
2023-12-01,4594.6298828125,,,103.2699966430664
2023-12-02,4594.6298828125,,,103.2699966430664
2023-12-03,4594.6298828125,,,103.2699966430664
2023-12-04,4569.77978515625,,,103.63999938964844
2023-12-05,4567.18017578125,,,104.0500030517578
2023-12-06,4549.33984375,,,104.1500015258789
2023-12-07,4585.58984375,,,103.54000091552734
2023-12-08,4604.3701171875,,,104.01000213623048
2023-12-09,4604.3701171875,,,104.01000213623048
2023-12-10,4604.3701171875,,,104.01000213623048
2023-12-11,4622.43994140625,,,104.0999984741211
2023-12-12,4643.7001953125,,,103.87000274658205
2023-12-13,4707.08984375,,,102.87000274658205
2023-12-14,4719.5498046875,,,101.95999908447266
2023-12-15,4719.18994140625,,,102.5500030517578
2023-12-16,4719.18994140625,,,102.5500030517578
2023-12-17,4719.18994140625,,,102.5500030517578
2023-12-18,4740.56005859375,,,102.51000213623048
2023-12-19,4768.3701171875,,,102.16999816894533
2023-12-20,4698.35009765625,,,102.41000366210938
2023-12-21,4746.75,,,101.83999633789062
2023-12-22,4754.6298828125,,,101.6999969482422
2023-12-23,4754.6298828125,,,101.6999969482422
2023-12-24,4754.6298828125,,,101.6999969482422
2023-12-25,4754.6298828125,,,101.6999969482422
2023-12-26,4774.75,,,101.47000122070312
2023-12-27,4781.580078125,,,100.98999786376952
2023-12-28,4783.35009765625,,,101.2300033569336
2023-12-29,4769.830078125,,,101.33000183105467
2023-12-30,4769.830078125,,,101.33000183105467
2023-12-31,4769.830078125,,,101.33000183105467
2024-01-01,4769.830078125,,,101.33000183105467
2024-01-02,4742.830078125,,,102.1999969482422
2024-01-03,4704.81005859375,,,102.45999908447266
2024-01-04,4688.68017578125,,,102.41999816894533
2024-01-05,4697.240234375,,,102.41000366210938
2024-01-06,4697.240234375,,,102.41000366210938
2024-01-07,4697.240234375,,,102.41000366210938
2024-01-08,4763.5400390625,,,102.20999908447266
2024-01-09,4756.5,,,102.56999969482422
2024-01-10,4783.4501953125,,,102.36000061035156
2024-01-11,4780.240234375,,,102.29000091552734
2024-01-12,4783.830078125,,,102.4000015258789
2024-01-13,4783.830078125,,,102.4000015258789
2024-01-14,4783.830078125,,,102.4000015258789
2024-01-15,4783.830078125,,,102.4000015258789
2024-01-16,4765.97998046875,,,103.36000061035156
2024-01-17,4739.2099609375,,,103.4499969482422
2024-01-18,4780.93994140625,,,103.54000091552734
2024-01-19,4839.81005859375,,,103.29000091552734
2024-01-20,4839.81005859375,,,103.29000091552734
2024-01-21,4839.81005859375,,,103.29000091552734
2024-01-22,4850.43017578125,,,103.33000183105467
2024-01-23,4864.60009765625,,,103.62000274658205
2024-01-24,4868.5498046875,,,103.23999786376952
2024-01-25,4894.16015625,,,103.56999969482422
2024-01-26,4890.97021484375,,,103.47000122070312
2024-01-27,4890.97021484375,,,103.47000122070312
2024-01-28,4890.97021484375,,,103.47000122070312
2024-01-29,4927.93017578125,,,103.61000061035156
2024-01-30,4924.97021484375,,,103.4000015258789
2024-01-31,4845.64990234375,,,103.2699966430664
2024-02-01,4906.18994140625,,,103.0500030517578
2024-02-02,4958.60986328125,,,103.91999816894533
2024-02-03,4958.60986328125,,,103.91999816894533
2024-02-04,4958.60986328125,,,103.91999816894533
2024-02-05,4942.81005859375,,,104.4499969482422
2024-02-06,4954.22998046875,,,104.18000030517578
2024-02-07,4995.06005859375,,,104.04000091552734
2024-02-08,4997.91015625,,,104.1500015258789
2024-02-09,5026.60986328125,,,104.08000183105467
2024-02-10,5026.60986328125,,,104.08000183105467
2024-02-11,5026.60986328125,,,104.08000183105467
2024-02-12,5021.83984375,,,104.16999816894533
2024-02-13,4953.169921875,,,104.95999908447266
2024-02-14,5000.6201171875,,,104.72000122070312
2024-02-15,5029.72998046875,,,104.3000030517578
2024-02-16,5005.56982421875,,,104.27999877929688
2024-02-17,5005.56982421875,,,104.27999877929688
2024-02-18,5005.56982421875,,,104.27999877929688
2024-02-19,5005.56982421875,,,104.27999877929688
2024-02-20,4975.509765625,,,104.08000183105467
2024-02-21,4981.7998046875,,,104.01000213623048
2024-02-22,5087.02978515625,,,103.95999908447266
2024-02-23,5088.7998046875,,,103.94000244140624
2024-02-24,5088.7998046875,,,103.94000244140624
2024-02-25,5088.7998046875,,,103.94000244140624
2024-02-26,5069.52978515625,,,103.83000183105467
2024-02-27,5078.18017578125,,,103.83000183105467
2024-02-28,5069.759765625,,,103.9800033569336
2024-02-29,5096.27001953125,,,104.16000366210938
2024-03-01,5137.080078125,,,103.86000061035156
2024-03-02,5137.080078125,,,103.86000061035156
2024-03-03,5137.080078125,,,103.86000061035156
2024-03-04,5130.9501953125,,,103.83000183105467
2024-03-05,5078.64990234375,,,103.8000030517578
2024-03-06,5104.759765625,,,103.37000274658205
2024-03-07,5157.35986328125,,,102.81999969482422
2024-03-08,5123.68994140625,,,102.73999786376952
2024-03-09,5123.68994140625,,,102.73999786376952
2024-03-10,5123.68994140625,,,102.73999786376952
2024-03-11,5117.93994140625,,,102.87000274658205
2024-03-12,5175.27001953125,,,102.95999908447266
2024-03-13,5165.31005859375,,,102.79000091552734
2024-03-14,5150.47998046875,,,103.36000061035156
2024-03-15,5117.08984375,,,103.43000030517578
2024-03-16,5117.08984375,,,103.43000030517578
2024-03-17,5117.08984375,,,103.43000030517578
2024-03-18,5149.419921875,,,103.58000183105467
2024-03-19,5178.509765625,,,103.80999755859376
2024-03-20,5224.6201171875,,,103.41000366210938
2024-03-21,5241.52978515625,,,104.0
2024-03-22,5234.18017578125,,,104.43000030517578
2024-03-23,5234.18017578125,,,104.43000030517578
2024-03-24,5234.18017578125,,,104.43000030517578
2024-03-25,5218.18994140625,,,104.2300033569336
2024-03-26,5203.580078125,,,104.29000091552734
2024-03-27,5248.490234375,,,104.3499984741211
2024-03-28,5254.35009765625,,,104.5500030517578
2024-03-29,5254.35009765625,,,104.5500030517578
2024-03-30,5254.35009765625,,,104.5500030517578
2024-03-31,5254.35009765625,,,104.5500030517578
2024-04-01,5243.77001953125,,,105.0199966430664
2024-04-02,5205.81005859375,,,104.81999969482422
2024-04-03,5211.490234375,,,104.25
2024-04-04,5147.2099609375,,,104.12000274658205
2024-04-05,5204.33984375,,,104.3000030517578
2024-04-06,5204.33984375,,,104.3000030517578
2024-04-07,5204.33984375,,,104.3000030517578
2024-04-08,5202.39013671875,,,104.13999938964844
2024-04-09,5209.91015625,,,104.1500015258789
2024-04-10,5160.64013671875,,,105.25
2024-04-11,5199.06005859375,,,105.27999877929688
2024-04-12,5123.41015625,,,106.04000091552734
2024-04-13,5123.41015625,,,106.04000091552734
2024-04-14,5123.41015625,,,106.04000091552734
2024-04-15,5061.81982421875,,,106.20999908447266
2024-04-16,5051.41015625,,,106.26000213623048
2024-04-17,5022.2099609375,,,105.9499969482422
2024-04-18,5011.1201171875,,,106.1500015258789
2024-04-19,4967.22998046875,,,106.1500015258789
2024-04-20,4967.22998046875,,,106.1500015258789
2024-04-21,4967.22998046875,,,106.1500015258789
2024-04-22,5010.60009765625,,,106.08000183105467
2024-04-23,5070.5498046875,,,105.69000244140624
2024-04-24,5071.6298828125,,,105.86000061035156
2024-04-25,5048.419921875,,,105.5999984741211
2024-04-26,5099.9599609375,,,105.94000244140624
2024-04-27,5099.9599609375,,,105.94000244140624
2024-04-28,5099.9599609375,,,105.94000244140624
2024-04-29,5116.169921875,,,105.58000183105467
2024-04-30,5035.68994140625,,,106.22000122070312
2024-05-01,5018.39013671875,,,105.76000213623048
2024-05-02,5064.2001953125,,,105.3000030517578
2024-05-03,5127.7900390625,,,105.02999877929688
2024-05-04,5127.7900390625,,,105.02999877929688
2024-05-05,5127.7900390625,,,105.02999877929688
2024-05-06,5180.740234375,,,105.0500030517578
2024-05-07,5187.7001953125,,,105.41000366210938
2024-05-08,5187.669921875,,,105.5500030517578
2024-05-09,5214.080078125,,,105.2300033569336
2024-05-10,5222.68017578125,,,105.30999755859376
2024-05-11,5222.68017578125,,,105.30999755859376
2024-05-12,5222.68017578125,,,105.30999755859376
2024-05-13,5221.419921875,,,105.22000122070312
2024-05-14,5246.68017578125,,,105.01000213623048
2024-05-15,5308.14990234375,,,104.3499984741211
2024-05-16,5297.10009765625,,,104.45999908447266
2024-05-17,5303.27001953125,,,104.4499969482422
2024-05-18,5303.27001953125,,,104.4499969482422
2024-05-19,5303.27001953125,,,104.4499969482422
2024-05-20,5308.1298828125,,,104.56999969482422
2024-05-21,5321.41015625,,,104.66000366210938
2024-05-22,5307.009765625,,,104.94000244140624
2024-05-23,5267.83984375,,,105.11000061035156
2024-05-24,5304.72021484375,,,104.72000122070312
2024-05-25,5304.72021484375,,,104.72000122070312
2024-05-26,5304.72021484375,,,104.72000122070312
2024-05-27,5304.72021484375,,,104.72000122070312
2024-05-28,5306.0400390625,,,104.61000061035156
2024-05-29,5266.9501953125,,,105.0999984741211
2024-05-30,5235.47998046875,,,104.72000122070312
2024-05-31,5277.509765625,,,104.66999816894533
2024-06-01,5277.509765625,,,104.66999816894533
2024-06-02,5277.509765625,,,104.66999816894533
2024-06-03,5283.39990234375,,,104.13999938964844
2024-06-04,5291.33984375,,,104.11000061035156
2024-06-05,5354.02978515625,,,104.2699966430664
2024-06-06,5352.9599609375,,,104.0999984741211
2024-06-07,5346.990234375,,,104.88999938964844
2024-06-08,5346.990234375,,,104.88999938964844
2024-06-09,5346.990234375,,,104.88999938964844
2024-06-10,5360.7900390625,,,105.1500015258789
2024-06-11,5375.31982421875,,,105.2300033569336
2024-06-12,5421.02978515625,,,104.6500015258789
2024-06-13,5433.740234375,,,105.1999969482422
2024-06-14,5431.60009765625,,,105.5500030517578
2024-06-15,5431.60009765625,,,105.5500030517578
2024-06-16,5431.60009765625,,,105.5500030517578
2024-06-17,5473.22998046875,,,105.31999969482422
2024-06-18,5487.02978515625,,,105.26000213623048
2024-06-19,5487.02978515625,,,105.26000213623048
2024-06-20,5473.169921875,,,105.58999633789062
2024-06-21,5464.6201171875,,,105.8000030517578
2024-06-22,5464.6201171875,,,105.8000030517578
2024-06-23,5464.6201171875,,,105.8000030517578
2024-06-24,5447.8701171875,,,105.47000122070312
2024-06-25,5469.2998046875,,,105.61000061035156
2024-06-26,5477.89990234375,,,106.0500030517578
2024-06-27,5482.8701171875,,,105.91000366210938
2024-06-28,5460.47998046875,,,105.87000274658205
2024-06-29,5460.47998046875,,,105.87000274658205
2024-06-30,5460.47998046875,,,105.87000274658205
2024-07-01,5475.08984375,,,105.9000015258789
2024-07-02,5509.009765625,,,105.72000122070312
2024-07-03,5537.02001953125,,,105.4000015258789
2024-07-04,5537.02001953125,,,105.4000015258789
2024-07-05,5567.18994140625,,,104.87999725341795
2024-07-06,5567.18994140625,,,104.87999725341795
2024-07-07,5567.18994140625,,,104.87999725341795
2024-07-08,5572.85009765625,,,105.01000213623048
2024-07-09,5576.97998046875,,,105.12000274658205
2024-07-10,5633.91015625,,,105.0500030517578
2024-07-11,5584.5400390625,,,104.44000244140624
2024-07-12,5615.35009765625,,,104.08999633789062
2024-07-13,5615.35009765625,,,104.08999633789062
2024-07-14,5615.35009765625,,,104.08999633789062
2024-07-15,5631.22021484375,,,104.19000244140624
2024-07-16,5667.2001953125,,,104.2699966430664
2024-07-17,5588.27001953125,,,103.75
2024-07-18,5544.58984375,,,104.16999816894533
2024-07-19,5505.0,,,104.4000015258789
2024-07-20,5505.0,,,104.4000015258789
2024-07-21,5505.0,,,104.4000015258789
2024-07-22,5564.41015625,,,104.30999755859376
2024-07-23,5555.740234375,,,104.4499969482422
2024-07-24,5427.1298828125,,,104.38999938964844
2024-07-25,5399.22021484375,,,104.36000061035156
2024-07-26,5459.10009765625,,,104.31999969482422
2024-07-27,5459.10009765625,,,104.31999969482422
2024-07-28,5459.10009765625,,,104.31999969482422
2024-07-29,5463.5400390625,,,104.55999755859376
2024-07-30,5436.43994140625,,,104.5500030517578
2024-07-31,5522.2998046875,,,104.0999984741211
2024-08-01,5446.68017578125,,,104.41999816894533
2024-08-02,5346.56005859375,,,103.20999908447266
2024-08-03,5346.56005859375,,,103.20999908447266
2024-08-04,5346.56005859375,,,103.20999908447266
2024-08-05,5186.330078125,,,102.69000244140624
2024-08-06,5240.02978515625,,,102.97000122070312
2024-08-07,5199.5,,,103.1999969482422
2024-08-08,5319.31005859375,,,103.20999908447266
2024-08-09,5344.16015625,,,103.13999938964844
2024-08-10,5344.16015625,,,103.13999938964844
2024-08-11,5344.16015625,,,103.13999938964844
2024-08-12,5344.39013671875,,,103.13999938964844
2024-08-13,5434.43017578125,,,102.55999755859376
2024-08-14,5455.2099609375,,,102.56999969482422
2024-08-15,5543.22021484375,,,102.9800033569336
2024-08-16,5554.25,,,102.45999908447266
2024-08-17,5554.25,,,102.45999908447266
2024-08-18,5554.25,,,102.45999908447266
2024-08-19,5608.25,,,101.88999938964844
2024-08-20,5597.1201171875,,,101.44000244140624
2024-08-21,5620.85009765625,,,101.04000091552734
2024-08-22,5570.64013671875,,,101.51000213623048
2024-08-23,5634.60986328125,,,100.72000122070312
2024-08-24,5634.60986328125,,,100.72000122070312
2024-08-25,5634.60986328125,,,100.72000122070312
2024-08-26,5616.83984375,,,100.8499984741211
2024-08-27,5625.7998046875,,,100.5500030517578
2024-08-28,5592.18017578125,,,101.08999633789062
2024-08-29,5591.9599609375,,,101.33999633789062
2024-08-30,5648.39990234375,,,101.6999969482422
2024-08-31,5648.39990234375,,,101.6999969482422
2024-09-01,5648.39990234375,,,101.6999969482422
2024-09-02,5648.39990234375,,,101.6999969482422
2024-09-03,5528.93017578125,,,101.83000183105467
2024-09-04,5520.06982421875,,,101.36000061035156
2024-09-05,5503.41015625,,,101.11000061035156
2024-09-06,5408.419921875,,,101.18000030517578
2024-09-07,5408.419921875,,,101.18000030517578
2024-09-08,5408.419921875,,,101.18000030517578
2024-09-09,5471.0498046875,,,101.5500030517578
2024-09-10,5495.52001953125,,,101.62999725341795
2024-09-11,5554.1298828125,,,101.68000030517578
2024-09-12,5595.759765625,,,101.37000274658205
2024-09-13,5626.02001953125,,,101.11000061035156
2024-09-14,5626.02001953125,,,101.11000061035156
2024-09-15,5626.02001953125,,,101.11000061035156
2024-09-16,5633.08984375,,,100.76000213623048
2024-09-17,5634.580078125,,,100.88999938964844
2024-09-18,5618.259765625,,,100.5999984741211
2024-09-19,5713.64013671875,,,100.61000061035156
2024-09-20,5702.5498046875,,,100.72000122070312
2024-09-21,5702.5498046875,,,100.72000122070312
2024-09-22,5702.5498046875,,,100.72000122070312
2024-09-23,5718.56982421875,,,100.91999816894533
2024-09-24,5732.93017578125,,,100.37000274658205
2024-09-25,5722.259765625,,,100.91999816894533
2024-09-26,5745.3701171875,,,100.55999755859376
2024-09-27,5738.169921875,,,100.41999816894533
2024-09-28,5738.169921875,,,100.41999816894533
2024-09-29,5738.169921875,,,100.41999816894533
2024-09-30,5762.47998046875,,,100.77999877929688
2024-10-01,5708.75,,,101.19000244140624
2024-10-02,5709.5400390625,,,101.68000030517578
2024-10-03,5699.93994140625,,,101.98999786376952
2024-10-04,5751.06982421875,,,102.5199966430664
2024-10-05,5751.06982421875,,,102.5199966430664
2024-10-06,5751.06982421875,,,102.5199966430664
2024-10-07,5695.93994140625,,,102.54000091552734
2024-10-08,5751.1298828125,,,102.5500030517578
2024-10-09,5792.0400390625,,,102.93000030517578
2024-10-10,5780.0498046875,,,102.98999786376952
2024-10-11,5815.02978515625,,,102.88999938964844
2024-10-12,5815.02978515625,,,102.88999938964844
2024-10-13,5815.02978515625,,,102.88999938964844
2024-10-14,5859.85009765625,,,103.3000030517578
2024-10-15,5815.259765625,,,103.26000213623048
2024-10-16,5842.47021484375,,,103.58999633789062
2024-10-17,5841.47021484375,,,103.83000183105467
2024-10-18,5864.669921875,,,103.48999786376952
2024-10-19,5864.669921875,,,103.48999786376952
2024-10-20,5864.669921875,,,103.48999786376952
2024-10-21,5853.97998046875,,,104.01000213623048
2024-10-22,5851.2001953125,,,104.08000183105467
2024-10-23,5797.419921875,,,104.43000030517578
2024-10-24,5809.85986328125,,,104.05999755859376
2024-10-25,5808.1201171875,,,104.26000213623048
2024-10-26,5808.1201171875,,,104.26000213623048
2024-10-27,5808.1201171875,,,104.26000213623048
2024-10-28,5823.52001953125,,,104.31999969482422
2024-10-29,5832.919921875,,,104.27999877929688
2024-10-30,5813.669921875,,,103.98999786376952
2024-10-31,5705.4501953125,,,103.9800033569336
2024-11-01,5728.7998046875,,,104.27999877929688
2024-11-02,5728.7998046875,,,104.27999877929688
2024-11-03,5728.7998046875,,,104.27999877929688
2024-11-04,5712.68994140625,,,103.88999938964844
2024-11-05,5782.759765625,,,103.41999816894533
2024-11-06,5929.0400390625,,,105.08999633789062
2024-11-07,5973.10009765625,,,104.51000213623048
2024-11-08,5995.5400390625,,,105.0
2024-11-09,5995.5400390625,,,105.0
2024-11-10,5995.5400390625,,,105.0
2024-11-11,6001.35009765625,,,105.54000091552734
2024-11-12,5983.990234375,,,106.0199966430664
2024-11-13,5985.3798828125,,,106.4800033569336
2024-11-14,5949.169921875,,,106.66999816894533
2024-11-15,5870.6201171875,,,106.69000244140624
2024-11-16,5870.6201171875,,,106.69000244140624
2024-11-17,5870.6201171875,,,106.69000244140624
2024-11-18,5893.6201171875,,,106.27999877929688
2024-11-19,5916.97998046875,,,106.20999908447266
2024-11-20,5917.10986328125,,,106.68000030517578
2024-11-21,5948.7099609375,,,106.97000122070312
2024-11-22,5969.33984375,,,107.48999786376952
2024-11-23,5969.33984375,,,107.48999786376952
2024-11-24,5969.33984375,,,107.48999786376952
2024-11-25,5987.3701171875,,,106.81999969482422
2024-11-26,6021.6298828125,,,107.01000213623048
2024-11-27,5998.740234375,,,106.08000183105467
2024-11-28,5998.740234375,,,106.08000183105467
2024-11-29,6032.3798828125,,,105.73999786376952
2024-11-30,6032.3798828125,,,105.73999786376952
2024-12-01,6032.3798828125,,,105.73999786376952
2024-12-02,6047.14990234375,,,106.4499969482422
2024-12-03,6049.8798828125,,,106.37000274658205
2024-12-04,6086.490234375,,,106.33999633789062
2024-12-05,6075.10986328125,,,105.70999908447266
2024-12-06,6090.27001953125,,,105.97000122070312
2024-12-07,6090.27001953125,,,105.97000122070312
2024-12-08,6090.27001953125,,,105.97000122070312
2024-12-09,6052.85009765625,,,106.1500015258789
2024-12-10,6034.91015625,,,106.4000015258789
2024-12-11,6084.18994140625,,,106.70999908447266
2024-12-12,6051.25,,,106.95999908447266
2024-12-13,6051.08984375,,,107.0
2024-12-14,6051.08984375,,,107.0
2024-12-15,6051.08984375,,,107.0
2024-12-16,6074.080078125,,,106.86000061035156
2024-12-17,6050.60986328125,,,106.95999908447266
2024-12-18,5872.16015625,,,108.02999877929688
2024-12-19,5867.080078125,,,108.41000366210938
2024-12-20,5930.85009765625,,,107.62000274658205
2024-12-21,5930.85009765625,,,107.62000274658205
2024-12-22,5930.85009765625,,,107.62000274658205
2024-12-23,5974.06982421875,,,108.04000091552734
2024-12-24,6040.0400390625,,,108.26000213623048
2024-12-25,6040.0400390625,,,108.26000213623048
2024-12-26,6037.58984375,,,108.12999725341795
2024-12-27,5970.83984375,,,108.0
2024-12-28,5970.83984375,,,108.0
2024-12-29,5970.83984375,,,108.0
2024-12-30,5906.93994140625,,,108.12999725341795
2024-12-31,5881.6298828125,,,108.48999786376952
2025-01-01,5881.6298828125,,,108.48999786376952
2025-01-02,5868.5498046875,,,109.38999938964844
2025-01-03,5942.47021484375,,,108.9499969482422
2025-01-04,5942.47021484375,,,108.9499969482422
2025-01-05,5942.47021484375,,,108.9499969482422
2025-01-06,5975.3798828125,,,108.26000213623048
2025-01-07,5909.02978515625,,,108.54000091552734
2025-01-08,5918.25,,,109.08999633789062
2025-01-09,5918.25,,,109.08999633789062
2025-01-10,5827.0400390625,,,109.6500015258789
2025-01-11,5827.0400390625,,,109.6500015258789
2025-01-12,5827.0400390625,,,109.6500015258789
2025-01-13,5836.22021484375,,,109.95999908447266
2025-01-14,5842.91015625,,,109.2699966430664
2025-01-15,5949.91015625,,,109.08999633789062
2025-01-16,5937.33984375,,,108.95999908447266
2025-01-17,5996.66015625,,,109.3499984741211
2025-01-18,5996.66015625,,,109.3499984741211
2025-01-19,5996.66015625,,,109.3499984741211
2025-01-20,5996.66015625,,,109.3499984741211
2025-01-21,6049.240234375,,,108.05999755859376
2025-01-22,6086.3701171875,,,108.16999816894533
2025-01-23,6118.7099609375,,,108.0500030517578
2025-01-24,6101.240234375,,,107.44000244140624
2025-01-25,6101.240234375,,,107.44000244140624
2025-01-26,6101.240234375,,,107.44000244140624
2025-01-27,6012.27978515625,,,107.33999633789062
2025-01-28,6067.7001953125,,,107.87000274658205
2025-01-29,6039.31005859375,,,108.0
2025-01-30,6071.169921875,,,107.8000030517578
2025-01-31,6040.52978515625,,,108.37000274658205
2025-02-01,6040.52978515625,,,108.37000274658205
2025-02-02,6040.52978515625,,,108.37000274658205
2025-02-03,5994.56982421875,,,108.98999786376952
2025-02-04,6037.8798828125,,,107.95999908447266
2025-02-05,6061.47998046875,,,107.58000183105467
2025-02-06,6083.56982421875,,,107.69000244140624
2025-02-07,6025.990234375,,,108.04000091552734
2025-02-08,6025.990234375,,,108.04000091552734
2025-02-09,6025.990234375,,,108.04000091552734
2025-02-10,6066.43994140625,,,108.31999969482422
2025-02-11,6068.5,,,107.95999908447266
2025-02-12,6051.97021484375,,,107.94000244140624
2025-02-13,6115.06982421875,,,107.30999755859376
2025-02-14,6114.6298828125,,,106.56999969482422
2025-02-15,6114.6298828125,,,106.56999969482422
2025-02-16,6114.6298828125,,,106.56999969482422
2025-02-17,6114.6298828125,,,106.56999969482422
2025-02-18,6129.580078125,,,107.0500030517578
2025-02-19,6144.14990234375,,,107.16999816894533
2025-02-20,6117.52001953125,,,106.33999633789062
2025-02-21,6013.1298828125,,,106.61000061035156
2025-02-22,6013.1298828125,,,106.61000061035156
2025-02-23,6013.1298828125,,,106.61000061035156
2025-02-24,5983.25,,,106.5999984741211
2025-02-25,5955.25,,,106.30999755859376
2025-02-26,5956.06005859375,,,106.41999816894533
2025-02-27,5861.56982421875,,,107.23999786376952
2025-02-28,5954.5,,,107.61000061035156
2025-03-01,5954.5,,,107.61000061035156
2025-03-02,5954.5,,,107.61000061035156
2025-03-03,5849.72021484375,,,106.75
2025-03-04,5778.14990234375,,,105.73999786376952
2025-03-05,5842.6298828125,,,105.73999786376952
2025-03-06,5738.52001953125,,,104.05999755859376
2025-03-07,5770.2001953125,,,103.83999633789062
2025-03-08,5770.2001953125,,,103.83999633789062
2025-03-09,5770.2001953125,,,103.83999633789062
2025-03-10,5614.56005859375,,,103.91000366210938
2025-03-11,5572.06982421875,,,103.44000244140624
2025-03-12,5599.2998046875,,,103.61000061035156
2025-03-13,5521.52001953125,,,103.83000183105467
2025-03-14,5638.93994140625,,,103.72000122070312
2025-03-15,5638.93994140625,,,103.72000122070312
2025-03-16,5638.93994140625,,,103.72000122070312
2025-03-17,5675.1201171875,,,103.37000274658205
2025-03-18,5614.66015625,,,103.23999786376952
2025-03-19,5675.2900390625,,,103.43000030517578
2025-03-20,5662.89013671875,,,103.8499984741211
2025-03-21,5667.56005859375,,,104.08999633789062
2025-03-22,5667.56005859375,,,104.08999633789062
2025-03-23,5667.56005859375,,,104.08999633789062
2025-03-24,5767.56982421875,,,104.26000213623048
2025-03-25,5776.64990234375,,,104.18000030517578
2025-03-26,5712.2001953125,,,104.5500030517578
2025-03-27,5693.31005859375,,,104.06999969482422
2025-03-28,5580.93994140625,,,104.04000091552734
2025-03-29,5580.93994140625,,,104.04000091552734
2025-03-30,5580.93994140625,,,104.04000091552734
2025-03-31,5611.85009765625,,,104.20999908447266
2025-04-01,5633.06982421875,,,104.26000213623048
2025-04-02,5670.97021484375,,,103.80999755859376
2025-04-03,5396.52001953125,,,102.06999969482422
2025-04-04,5074.080078125,,,103.0199966430664
2025-04-05,5074.080078125,,,103.0199966430664
2025-04-06,5074.080078125,,,103.0199966430664
2025-04-07,5062.25,,,103.26000213623048
2025-04-08,4982.77001953125,,,102.95999908447266
2025-04-09,5456.89990234375,,,102.9000015258789
2025-04-10,5268.0498046875,,,100.87000274658205
2025-04-11,5363.35986328125,,,99.77999877929688
2025-04-12,5363.35986328125,,,99.77999877929688
2025-04-13,5363.35986328125,,,99.77999877929688
2025-04-14,5405.97021484375,,,99.63999938964844
2025-04-15,5396.6298828125,,,100.22000122070312
2025-04-16,5275.7001953125,,,99.37999725341795
2025-04-17,5282.7001953125,,,99.37999725341795
2025-04-18,5282.7001953125,,,99.37999725341795
2025-04-19,5282.7001953125,,,99.37999725341795
2025-04-20,5282.7001953125,,,99.37999725341795
2025-04-21,5158.2001953125,,,98.27999877929688
2025-04-22,5287.759765625,,,98.91999816894533
2025-04-23,5375.85986328125,,,99.83999633789062
2025-04-24,5484.77001953125,,,99.29000091552734
2025-04-25,5525.2099609375,,,99.47000122070312
2025-04-26,5525.2099609375,,,99.47000122070312
2025-04-27,5525.2099609375,,,99.47000122070312
2025-04-28,5528.75,,,99.01000213623048
2025-04-29,5560.830078125,,,99.23999786376952
2025-04-30,5569.06005859375,,,99.47000122070312
2025-05-01,5604.14013671875,,,100.25
2025-05-02,5686.669921875,,,100.0
2025-05-03,5686.669921875,,,100.0
2025-05-04,5686.669921875,,,100.0
2025-05-05,5650.3798828125,,,99.83000183105467
2025-05-06,5606.91015625,,,99.23999786376952
2025-05-07,5631.27978515625,,,99.61000061035156
2025-05-08,5663.93994140625,,,100.63999938964844
2025-05-09,5659.91015625,,,100.33999633789062
2025-05-10,5659.91015625,,,100.33999633789062
2025-05-11,5659.91015625,,,100.33999633789062
2025-05-12,5844.18994140625,,,101.79000091552734
2025-05-13,5886.5498046875,,,101.0
2025-05-14,5892.580078125,,,101.04000091552734
2025-05-15,5916.93017578125,,,100.87999725341795
2025-05-16,5958.3798828125,,,101.08999633789062
2025-05-17,5958.3798828125,,,101.08999633789062
2025-05-18,5958.3798828125,,,101.08999633789062
2025-05-19,5963.60009765625,,,100.43000030517578
2025-05-20,5940.4599609375,,,100.12000274658205
2025-05-21,5844.60986328125,,,99.55999755859376
2025-05-22,5842.009765625,,,99.95999908447266
2025-05-23,5802.81982421875,,,99.11000061035156
2025-05-24,5802.81982421875,,,99.11000061035156
2025-05-25,5802.81982421875,,,99.11000061035156
2025-05-26,5802.81982421875,,,99.11000061035156
2025-05-27,5921.5400390625,,,99.5199966430664
2025-05-28,5888.5498046875,,,99.87999725341795
2025-05-29,5912.169921875,,,99.27999877929688
2025-05-30,5911.68994140625,,,99.33000183105467
2025-05-31,5911.68994140625,,,99.33000183105467
2025-06-01,5911.68994140625,,,99.33000183105467
2025-06-02,5935.93994140625,,,98.6999969482422
2025-06-03,5970.3701171875,,,99.25
2025-06-04,5970.81005859375,,,98.79000091552734
2025-06-05,5939.2998046875,,,98.73999786376952
2025-06-06,6000.35986328125,,,99.19000244140624
2025-06-07,6000.35986328125,,,99.19000244140624
2025-06-08,6000.35986328125,,,99.19000244140624
2025-06-09,6005.8798828125,,,98.94000244140624
2025-06-10,6038.81005859375,,,99.0500030517578
2025-06-11,6022.240234375,,,98.62999725341795
2025-06-12,6045.259765625,,,97.91999816894533
2025-06-13,5976.97021484375,,,98.18000030517578
2025-06-14,5976.97021484375,,,98.18000030517578
2025-06-15,5976.97021484375,,,98.18000030517578
2025-06-16,6033.10986328125,,,98.0
2025-06-17,5982.72021484375,,,98.81999969482422
2025-06-18,5980.8701171875,,,98.91000366210938
2025-06-19,5980.8701171875,,,98.91000366210938
2025-06-20,5967.83984375,,,98.70999908447266
2025-06-21,5967.83984375,,,98.70999908447266
2025-06-22,5967.83984375,,,98.70999908447266
2025-06-23,6025.169921875,,,98.41999816894533
2025-06-24,6092.18017578125,,,97.86000061035156
2025-06-25,6092.16015625,,,97.68000030517578
2025-06-26,6141.02001953125,,,97.1500015258789
2025-06-27,6173.06982421875,,,97.4000015258789
2025-06-28,6173.06982421875,,,97.4000015258789
2025-06-29,6173.06982421875,,,97.4000015258789
2025-06-30,6204.9501953125,,,96.87999725341795
2025-07-01,6198.009765625,,,96.81999969482422
2025-07-02,6227.419921875,,,96.77999877929688
2025-07-03,6279.35009765625,,,97.18000030517578
2025-07-04,6279.35009765625,,,97.18000030517578
2025-07-05,6279.35009765625,,,97.18000030517578
2025-07-06,6279.35009765625,,,97.18000030517578
2025-07-07,6229.97998046875,,,97.4800033569336
2025-07-08,6225.52001953125,,,97.51000213623048
2025-07-09,6263.259765625,,,97.47000122070312
2025-07-10,6280.4599609375,,,97.6500015258789
2025-07-11,6259.75,,,97.8499984741211
2025-07-12,6259.75,,,97.8499984741211
2025-07-13,6259.75,,,97.8499984741211
2025-07-14,6268.56005859375,,,98.08000183105467
2025-07-15,6243.759765625,,,98.62000274658205
2025-07-16,6263.7001953125,,,98.38999938964844
2025-07-17,6297.35986328125,,,98.7300033569336
2025-07-18,6296.7900390625,,,98.4800033569336
2025-07-19,6296.7900390625,,,98.4800033569336
2025-07-20,6296.7900390625,,,98.4800033569336
2025-07-21,6305.60009765625,,,97.8499984741211
2025-07-22,6309.6201171875,,,97.38999938964844
2025-07-23,6358.91015625,,,97.20999908447266
2025-07-24,6363.35009765625,,,97.37999725341795
2025-07-25,6388.64013671875,,,97.6500015258789
2025-07-26,6388.64013671875,,,97.6500015258789
2025-07-27,6388.64013671875,,,97.6500015258789
2025-07-28,6389.77001953125,,,98.66000366210938
2025-07-29,6370.85986328125,,,98.91000366210938
2025-07-30,6362.89990234375,,,99.94000244140624
2025-07-31,6339.39013671875,,,100.02999877929688
2025-08-01,6238.009765625,,,98.69000244140624
2025-08-02,6238.009765625,,,98.69000244140624
2025-08-03,6238.009765625,,,98.69000244140624
2025-08-04,6329.93994140625,,,98.77999877929688
2025-08-05,6299.18994140625,,,98.77999877929688
2025-08-06,6345.06005859375,,,98.18000030517578
2025-08-07,6340.0,,,98.4000015258789
2025-08-08,6389.4501953125,,,98.18000030517578
2025-08-09,6389.4501953125,,,98.18000030517578
2025-08-10,6389.4501953125,,,98.18000030517578
2025-08-11,6373.4501953125,,,98.5199966430664
2025-08-12,6445.759765625,,,98.0999984741211
2025-08-13,6466.580078125,,,97.83999633789062
2025-08-14,6468.5400390625,,,98.25
2025-08-15,6449.7998046875,,,97.8499984741211
2025-08-16,6449.7998046875,,,97.8499984741211
2025-08-17,6449.7998046875,,,97.8499984741211
2025-08-18,6449.14990234375,,,98.16999816894533
2025-08-19,6411.3701171875,,,98.2699966430664
2025-08-20,6395.77978515625,,,98.22000122070312
2025-08-21,6370.169921875,,,98.62000274658205
2025-08-22,6466.91015625,,,97.72000122070312
2025-08-23,6466.91015625,,,97.72000122070312
2025-08-24,6466.91015625,,,97.72000122070312
2025-08-25,6439.31982421875,,,98.43000030517578
2025-08-26,6465.93994140625,,,98.2300033569336
2025-08-27,6481.39990234375,,,98.2300033569336
2025-08-28,6501.85986328125,,,97.80999755859376
2025-08-29,6460.259765625,,,97.7699966430664
2025-08-30,6460.259765625,,,97.7699966430664
2025-08-31,6460.259765625,,,97.7699966430664
2025-09-01,6460.259765625,,,97.7699966430664
2025-09-02,6415.5400390625,,,98.4000015258789
2025-09-03,6448.259765625,,,98.13999938964844
2025-09-04,6502.080078125,,,98.3499984741211
2025-09-05,6481.5,,,97.7699966430664
2025-09-06,6481.5,,,97.7699966430664
2025-09-07,6481.5,,,97.7699966430664
2025-09-08,6495.14990234375,,,97.4499969482422
2025-09-09,6512.60986328125,,,97.79000091552734
2025-09-10,6532.0400390625,,,97.77999877929688
2025-09-11,6587.47021484375,,,97.54000091552734
2025-09-12,6584.2900390625,,,97.5500030517578
2025-09-13,6584.2900390625,,,97.5500030517578
2025-09-14,6584.2900390625,,,97.5500030517578
2025-09-15,6615.27978515625,,,97.3000030517578
2025-09-16,6606.759765625,,,96.62999725341795
2025-09-17,6600.35009765625,,,96.87000274658205
2025-09-18,6631.9599609375,,,97.3499984741211
2025-09-19,6664.35986328125,,,97.63999938964844
2025-09-20,6664.35986328125,,,97.63999938964844
2025-09-21,6664.35986328125,,,97.63999938964844
2025-09-22,6693.75,,,97.33000183105467
