,alpha,beta,residual_std,r_squared,n_observations
stocks_SP500_cumret_1d,-2.594409665311825e-18,1.0,1e-08,1.0,50.0
stocks_SP500_skewness_5d,0.0,1.0,0.04449118768752791,0.1,10.0
stocks_SP500_kurtosis_5d,0.0,1.0,0.047060670688726554,0.1,9.0
stocks_SP500_cumret_5d,0.0,1.0,0.05145217443363733,0.1,8.0
stocks_SP500_skewness_10d,0.0,1.0,0.050105708555991245,0.1,20.0
stocks_SP500_kurtosis_10d,0.0,1.0,0.045278404790398276,0.1,19.0
stocks_SP500_cumret_10d,0.0,1.0,0.054439553387862695,0.1,12.0
stocks_SP500_skewness_20d,-0.04249785399701359,0.030922142135847923,0.10450485723601505,0.0018136505783660217,29.0
stocks_SP500_kurtosis_20d,0.0,1.0,0.03716922225654037,0.1,19.0
stocks_SP500_cumret_20d,0.0,1.0,0.04444473581305765,0.1,18.0
stocks_DJI_cumret_1d,0.0,1.0,0.06019380862292897,0.1,11.0
stocks_DJI_skewness_5d,0.0,1.0,0.04684878893627958,0.1,9.0
stocks_DJI_kurtosis_5d,0.0,1.0,0.04540797497428802,0.1,10.0
stocks_DJI_cumret_5d,0.0,1.0,0.052568186409327346,0.1,13.0
stocks_DJI_skewness_10d,0.0,1.0,0.04958601224396485,0.1,23.0
stocks_DJI_kurtosis_10d,0.0,1.0,0.050253045067357865,0.1,21.0
stocks_DJI_cumret_10d,0.0,1.0,0.05566517195749109,0.1,17.0
stocks_DJI_skewness_20d,0.0,1.0,0.04191161218809193,0.1,28.0
stocks_DJI_kurtosis_20d,0.0,1.0,0.037920806344278676,0.1,29.0
stocks_DJI_cumret_20d,0.0,1.0,0.043831092766177714,0.1,19.0
stocks_NASDAQ_cumret_1d,0.0,1.0,0.05817927608920237,0.1,11.0
stocks_NASDAQ_skewness_5d,0.0,1.0,0.04498670900906174,0.1,14.0
stocks_NASDAQ_kurtosis_5d,0.0,1.0,0.04714556639965606,0.1,11.0
stocks_NASDAQ_cumret_5d,0.0,1.0,0.052764245970755956,0.1,9.0
stocks_NASDAQ_skewness_10d,0.0,1.0,0.047508429021236386,0.1,13.0
stocks_NASDAQ_kurtosis_10d,0.0,1.0,0.0456033126805341,0.1,11.0
stocks_NASDAQ_cumret_10d,0.0,1.0,0.05368561808780307,0.1,13.0
stocks_NASDAQ_skewness_20d,0.0,1.0,0.041834060373023035,0.1,27.0
stocks_NASDAQ_kurtosis_20d,0.0,1.0,0.037752363119567575,0.1,20.0
stocks_NASDAQ_cumret_20d,0.0,1.0,0.04446605335438679,0.1,19.0
stocks_RUSSELL2000_cumret_1d,0.0,1.0,0.052643554841953016,0.1,5.0
stocks_RUSSELL2000_skewness_5d,0.0,1.0,0.047656292640760885,0.1,8.0
stocks_RUSSELL2000_kurtosis_5d,0.0,1.0,0.045447223379548894,0.1,10.0
stocks_RUSSELL2000_cumret_5d,0.0,1.0,0.05226618192471291,0.1,8.0
stocks_RUSSELL2000_skewness_10d,0.0,1.0,0.05035766239065697,0.1,20.0
stocks_RUSSELL2000_kurtosis_10d,0.0,1.0,0.048441428436952504,0.1,21.0
stocks_RUSSELL2000_cumret_10d,0.0,1.0,0.0557074524615677,0.1,16.0
stocks_RUSSELL2000_skewness_20d,0.0,1.0,0.042569865735961596,0.1,26.0
stocks_RUSSELL2000_kurtosis_20d,0.0,1.0,0.039775713898743785,0.1,21.0
stocks_RUSSELL2000_cumret_20d,0.0,1.0,0.04387864400037788,0.1,21.0
stocks_SPY_ETF_cumret_1d,-0.017166168059685495,0.6639458790551837,0.0776048716227901,0.5439171326051642,35.0
stocks_SPY_ETF_skewness_5d,0.0,1.0,0.043930342223691694,0.1,11.0
stocks_SPY_ETF_kurtosis_5d,0.0,1.0,0.04626575557950913,0.1,7.0
stocks_SPY_ETF_cumret_5d,0.0,1.0,0.05153356369248471,0.1,9.0
stocks_SPY_ETF_skewness_10d,0.0,1.0,0.048971035840564295,0.1,19.0
stocks_SPY_ETF_kurtosis_10d,0.0,1.0,0.046306033107768305,0.1,18.0
stocks_SPY_ETF_cumret_10d,0.0,1.0,0.05483612895677258,0.1,13.0
stocks_SPY_ETF_skewness_20d,-0.03769370795713516,0.08929035708776682,0.09814458230486636,0.01774369562710787,29.0
stocks_SPY_ETF_kurtosis_20d,0.0,1.0,0.037426207524165506,0.1,16.0
stocks_SPY_ETF_cumret_20d,0.0,1.0,0.045085231561424605,0.1,18.0
stocks_QQQ_ETF_cumret_1d,0.0,1.0,0.06068443885093772,0.1,11.0
stocks_QQQ_ETF_skewness_5d,0.0,1.0,0.0441732255573034,0.1,10.0
stocks_QQQ_ETF_kurtosis_5d,0.0,1.0,0.04627026106734805,0.1,13.0
stocks_QQQ_ETF_cumret_5d,0.0,1.0,0.05372302888122824,0.1,9.0
stocks_QQQ_ETF_skewness_10d,0.0,1.0,0.04817704375311064,0.1,20.0
stocks_QQQ_ETF_kurtosis_10d,0.0,1.0,0.04575929766856557,0.1,13.0
stocks_QQQ_ETF_cumret_10d,0.0,1.0,0.05564262695192119,0.1,12.0
stocks_QQQ_ETF_skewness_20d,0.0,1.0,0.0420426824283297,0.1,29.0
stocks_QQQ_ETF_kurtosis_20d,0.0,1.0,0.037738701606136196,0.1,20.0
stocks_QQQ_ETF_cumret_20d,0.0,1.0,0.0441098608178131,0.1,17.0
stocks_IWM_ETF_cumret_1d,0.0,1.0,0.05869976788928458,0.1,5.0
stocks_IWM_ETF_skewness_5d,0.0,1.0,0.04548448540349011,0.1,8.0
stocks_IWM_ETF_kurtosis_5d,0.0,1.0,0.04533069626069959,0.1,10.0
stocks_IWM_ETF_cumret_5d,0.0,1.0,0.05182193397183991,0.1,7.0
stocks_IWM_ETF_skewness_10d,0.0,1.0,0.04923094227218759,0.1,19.0
stocks_IWM_ETF_kurtosis_10d,0.0,1.0,0.048041075080492004,0.1,20.0
stocks_IWM_ETF_cumret_10d,0.0,1.0,0.05569273634225648,0.1,18.0
stocks_IWM_ETF_skewness_20d,0.0,1.0,0.04272763688175416,0.1,29.0
stocks_IWM_ETF_kurtosis_20d,0.0,1.0,0.04105911952348802,0.1,22.0
stocks_IWM_ETF_cumret_20d,0.0,1.0,0.04488276658744985,0.1,23.0
stocks_VTI_ETF_cumret_1d,0.003382045428005599,0.0074818104661191235,0.11076721117963068,8.22542341339938e-05,23.0
stocks_VTI_ETF_skewness_5d,0.0,1.0,0.04568930305429922,0.1,12.0
stocks_VTI_ETF_kurtosis_5d,0.0,1.0,0.04678606747542741,0.1,6.0
stocks_VTI_ETF_cumret_5d,0.0,1.0,0.05337440300631293,0.1,7.0
stocks_VTI_ETF_skewness_10d,0.0,1.0,0.04674165985512214,0.1,25.0
stocks_VTI_ETF_kurtosis_10d,0.0,1.0,0.04567103739321016,0.1,20.0
stocks_VTI_ETF_cumret_10d,0.0,1.0,0.052749161807352105,0.1,13.0
stocks_VTI_ETF_skewness_20d,0.0,1.0,0.04114081844019204,0.1,29.0
stocks_VTI_ETF_kurtosis_20d,0.0,1.0,0.03854892054989779,0.1,24.0
stocks_VTI_ETF_cumret_20d,0.0,1.0,0.044805795612729515,0.1,14.0
stocks_DXY_cumret_1d,0.0,1.0,0.062282816589508586,0.1,1.0
stocks_DXY_skewness_5d,0.0,1.0,0.047592484163981805,0.1,10.0
stocks_DXY_kurtosis_5d,0.0,1.0,0.04698660588271281,0.1,12.0
stocks_DXY_cumret_5d,0.0,1.0,0.050882497558268354,0.1,9.0
stocks_DXY_skewness_10d,0.0,1.0,0.0507635874976991,0.1,27.0
stocks_DXY_kurtosis_10d,0.0,1.0,0.045128780764371025,0.1,19.0
stocks_DXY_cumret_10d,0.0,1.0,0.054067425597253214,0.1,18.0
stocks_DXY_skewness_20d,0.007749065927089779,-0.08738805700330596,0.10182226661948746,0.009339303768942764,25.0
stocks_DXY_kurtosis_20d,0.0,1.0,0.040136318852546454,0.1,20.0
stocks_DXY_cumret_20d,0.0,1.0,0.043067847620984756,0.1,21.0
stocks_GOLD_cumret_1d,0.0,1.0,0.04955477003455874,0.1,4.0
stocks_GOLD_skewness_5d,0.0,1.0,0.04634982170546896,0.1,14.0
stocks_GOLD_kurtosis_5d,0.0,1.0,0.04722255402734661,0.1,12.0
stocks_GOLD_cumret_5d,0.0,1.0,0.053516572932609266,0.1,14.0
stocks_GOLD_skewness_10d,0.0,1.0,0.0483054845240998,0.1,20.0
stocks_GOLD_kurtosis_10d,0.0,1.0,0.04369906268212828,0.1,18.0
stocks_GOLD_cumret_10d,0.0,1.0,0.05513599180552769,0.1,20.0
stocks_GOLD_skewness_20d,0.0,1.0,0.039750139930137825,0.1,24.0
stocks_GOLD_kurtosis_20d,0.0,1.0,0.038424783114054194,0.1,27.0
stocks_GOLD_cumret_20d,0.0,1.0,0.04321198175396817,0.1,20.0
stocks_OIL_cumret_1d,0.0,1.0,0.05874210437417944,0.1,3.0
stocks_OIL_skewness_5d,0.0,1.0,0.048890386335780724,0.1,8.0
stocks_OIL_kurtosis_5d,0.0,1.0,0.046891391145736684,0.1,12.0
stocks_OIL_cumret_5d,0.0,1.0,0.054819639058292687,0.1,6.0
stocks_OIL_skewness_10d,0.0,1.0,0.0504942082878066,0.1,10.0
stocks_OIL_kurtosis_10d,0.0,1.0,0.046746510240373865,0.1,10.0
stocks_OIL_cumret_10d,0.0,1.0,0.054312095706268694,0.1,11.0
stocks_OIL_skewness_20d,0.005810862712400221,-0.10807180082595876,0.08551675903720704,0.027735301186820882,24.0
stocks_OIL_kurtosis_20d,0.0,1.0,0.04050611109458138,0.1,19.0
stocks_OIL_cumret_20d,0.0,1.0,0.04374294343686852,0.1,16.0
crypto_BTC_cumret_1d,0.0,1.5,0.05957266677214874,0.1,3.0
crypto_BTC_skewness_5d,0.0,1.5,0.05157529599821991,0.1,11.0
crypto_BTC_kurtosis_5d,0.0,1.5,0.05359313759292019,0.1,11.0
crypto_BTC_cumret_5d,0.0,1.5,0.057899655096066045,0.1,7.0
crypto_BTC_skewness_10d,0.0,1.5,0.051541210413970244,0.1,16.0
crypto_BTC_kurtosis_10d,0.0,1.5,0.049688840460900864,0.1,18.0
crypto_BTC_cumret_10d,0.0,1.5,0.055930918358715984,0.1,14.0
crypto_BTC_skewness_20d,-0.03426449807428875,-0.2394632060417308,0.10132026501463726,0.09003756437936494,29.0
crypto_BTC_kurtosis_20d,-0.026391097349897717,-0.10344838469906129,0.09287691483433486,0.019508801795681596,24.0
crypto_BTC_cumret_20d,0.0,1.5,0.051196203807391163,0.1,18.0
crypto_ETH_cumret_1d,0.0,1.5,0.05583781865959944,0.1,4.0
crypto_ETH_skewness_5d,0.0,1.5,0.05252178732792865,0.1,10.0
crypto_ETH_kurtosis_5d,0.0,1.5,0.050518285055463186,0.1,12.0
crypto_ETH_cumret_5d,0.0,1.5,0.057141426263939026,0.1,11.0
crypto_ETH_skewness_10d,0.0,1.5,0.05057082704186126,0.1,20.0
crypto_ETH_kurtosis_10d,0.0,1.5,0.04873197848908669,0.1,15.0
crypto_ETH_cumret_10d,0.0,1.5,0.056180629845814116,0.1,18.0
crypto_ETH_skewness_20d,0.0,1.5,0.048518322305867945,0.1,24.0
crypto_ETH_kurtosis_20d,0.0,1.5,0.04760879139753762,0.1,29.0
crypto_ETH_cumret_20d,0.0,1.5,0.05326484874477136,0.1,22.0
crypto_BNB_cumret_1d,0.0,1.5,0.05940759667901742,0.1,2.0
crypto_BNB_skewness_5d,0.0,1.5,0.050370119391682525,0.1,11.0
crypto_BNB_kurtosis_5d,0.0,1.5,0.049925899301343,0.1,16.0
crypto_BNB_cumret_5d,0.0,1.5,0.0601283655081012,0.1,17.0
crypto_BNB_skewness_10d,0.0,1.5,0.05269234328692394,0.1,17.0
crypto_BNB_kurtosis_10d,0.0,1.5,0.050087027592066805,0.1,15.0
crypto_BNB_cumret_10d,0.0,1.5,0.05661670346681662,0.1,14.0
crypto_BNB_skewness_20d,0.012586332249341052,-0.05438977683364593,0.09248825009564599,0.005667344431730115,30.0
crypto_BNB_kurtosis_20d,0.0,1.5,0.04587570053358583,0.1,28.0
crypto_BNB_cumret_20d,0.0,1.5,0.053646738759687035,0.1,17.0
crypto_XRP_cumret_1d,0.0,1.5,0.0568108009840858,0.1,2.0
crypto_XRP_skewness_5d,0.0,1.5,0.048475944363076603,0.1,12.0
crypto_XRP_kurtosis_5d,0.0,1.5,0.05188114197740309,0.1,13.0
crypto_XRP_cumret_5d,0.0,1.5,0.05775067973261779,0.1,15.0
crypto_XRP_skewness_10d,0.0,1.5,0.0510489526531695,0.1,24.0
crypto_XRP_kurtosis_10d,0.0,1.5,0.049875667336411814,0.1,16.0
crypto_XRP_cumret_10d,0.0,1.5,0.05696873730052687,0.1,14.0
crypto_XRP_skewness_20d,-0.024894601079412177,-0.0716211292043669,0.10513992183623182,0.007829728621093102,29.0
crypto_XRP_kurtosis_20d,0.0,1.5,0.04687051347256134,0.1,27.0
crypto_XRP_cumret_20d,0.0,1.5,0.05415592449658999,0.1,19.0
crypto_ADA_cumret_1d,0.0,1.5,0.05883424275484233,0.1,4.0
crypto_ADA_skewness_5d,0.0,1.5,0.053495174602379444,0.1,6.0
crypto_ADA_kurtosis_5d,0.0,1.5,0.04747682688268026,0.1,9.0
crypto_ADA_cumret_5d,0.0,1.5,0.05780573947847487,0.1,13.0
crypto_ADA_skewness_10d,0.0,1.5,0.05116948400907962,0.1,13.0
crypto_ADA_kurtosis_10d,0.0,1.5,0.051236647780800094,0.1,14.0
crypto_ADA_cumret_10d,0.0,1.5,0.05577837504463286,0.1,16.0
crypto_ADA_skewness_20d,-0.006892888400114286,-0.20407997377191778,0.10577344982693346,0.059851362012322995,29.0
crypto_ADA_kurtosis_20d,0.0,1.5,0.04582751192437047,0.1,24.0
crypto_ADA_cumret_20d,0.0,1.5,0.0539073862508046,0.1,20.0
crypto_SOL_cumret_1d,0.0,1.5,0.05969605819974142,0.1,4.0
crypto_SOL_skewness_5d,0.0,1.5,0.05211391179841668,0.1,9.0
crypto_SOL_kurtosis_5d,0.0,1.5,0.05075229422806,0.1,10.0
crypto_SOL_cumret_5d,0.0,1.5,0.055243508313982295,0.1,11.0
crypto_SOL_skewness_10d,0.0,1.5,0.05018273221591072,0.1,15.0
crypto_SOL_kurtosis_10d,0.0,1.5,0.050088213687771874,0.1,18.0
crypto_SOL_cumret_10d,0.0,1.5,0.057096820567813567,0.1,15.0
crypto_SOL_skewness_20d,0.0347482399373872,0.13396024837982856,0.08302359056153208,0.04420395659187448,32.0
crypto_SOL_kurtosis_20d,0.0,1.5,0.048456978216354724,0.1,28.0
crypto_SOL_cumret_20d,0.0,1.5,0.05545531240702677,0.1,21.0
crypto_DOGE_cumret_1d,0.0,1.5,0.058213672802025634,0.1,3.0
crypto_DOGE_skewness_5d,0.0,1.5,0.05139605952762548,0.1,12.0
crypto_DOGE_kurtosis_5d,0.0,1.5,0.04961174148046418,0.1,13.0
crypto_DOGE_cumret_5d,0.0,1.5,0.05744666864315365,0.1,12.0
crypto_DOGE_skewness_10d,0.0,1.5,0.04958805764025372,0.1,21.0
crypto_DOGE_kurtosis_10d,0.0,1.5,0.05132076494759208,0.1,20.0
crypto_DOGE_cumret_10d,0.0,1.5,0.05533687940343485,0.1,13.0
crypto_DOGE_skewness_20d,-3.778281882287742e-05,-0.14226392960076653,0.0907729483887648,0.04091876324170152,27.0
crypto_DOGE_kurtosis_20d,0.024539073112782504,0.18540460032575556,0.09596190751508166,0.06448335250893811,31.0
crypto_DOGE_cumret_20d,0.0,1.5,0.05272414150432697,0.1,16.0
crypto_MATIC_cumret_1d,0.0,1.5,0.05681076222242757,0.1,4.0
crypto_MATIC_skewness_5d,0.0,1.5,0.051261943343310565,0.1,8.0
crypto_MATIC_kurtosis_5d,0.0,1.5,0.04177431124350948,0.1,13.0
crypto_MATIC_cumret_5d,0.0,1.5,0.05825975085152514,0.1,9.0
crypto_MATIC_skewness_10d,0.0,1.5,0.05007864422810207,0.1,13.0
crypto_MATIC_kurtosis_10d,0.0,1.5,0.04331029467164464,0.1,19.0
crypto_MATIC_cumret_10d,0.0,1.5,0.05805262897617672,0.1,13.0
crypto_MATIC_skewness_20d,-0.018103647647058567,0.0818308263350397,0.10145314769154494,0.011348692875164934,26.0
crypto_MATIC_kurtosis_20d,0.0,1.5,0.04359395624124694,0.1,24.0
crypto_MATIC_cumret_20d,0.0,1.5,0.05350233844440761,0.1,21.0
crypto_DOT_cumret_1d,0.0,1.5,0.05879268718247724,0.1,5.0
crypto_DOT_skewness_5d,0.0,1.5,0.05088951050169009,0.1,12.0
crypto_DOT_kurtosis_5d,0.0,1.5,0.05182400566353134,0.1,15.0
crypto_DOT_cumret_5d,0.0,1.5,0.0565172050665261,0.1,12.0
crypto_DOT_skewness_10d,0.0,1.5,0.05184436707323418,0.1,20.0
crypto_DOT_kurtosis_10d,0.0,1.5,0.051405147033133425,0.1,21.0
crypto_DOT_cumret_10d,0.0,1.5,0.056750064114047954,0.1,13.0
crypto_DOT_skewness_20d,0.0,1.5,0.048843392617018304,0.1,27.0
crypto_DOT_kurtosis_20d,0.0,1.5,0.048937469703434815,0.1,27.0
crypto_DOT_cumret_20d,0.0,1.5,0.05454250091304633,0.1,20.0
crypto_AVAX_cumret_1d,0.0,1.5,0.06087485574484534,0.1,3.0
crypto_AVAX_skewness_5d,0.0,1.5,0.05524024002760298,0.1,12.0
crypto_AVAX_kurtosis_5d,0.0,1.5,0.05245958433290144,0.1,11.0
crypto_AVAX_cumret_5d,0.0,1.5,0.056690495508625975,0.1,15.0
crypto_AVAX_skewness_10d,0.0,1.5,0.049906913414697614,0.1,21.0
crypto_AVAX_kurtosis_10d,0.0,1.5,0.04953473552535295,0.1,23.0
crypto_AVAX_cumret_10d,0.0,1.5,0.057284155406908566,0.1,18.0
crypto_AVAX_skewness_20d,-0.012671473069842036,0.053878092907581145,0.09851188857961951,0.004940211120493365,29.0
crypto_AVAX_kurtosis_20d,0.0,1.5,0.0474833513671038,0.1,28.0
crypto_AVAX_cumret_20d,0.0,1.5,0.05319271425952033,0.1,24.0
fixed_income_Treasury_10Y_Yield_cumret_1d,0.0,1.0,0.05069780104295113,0.1,5.0
fixed_income_Treasury_10Y_Yield_skewness_5d,0.0,1.0,0.0470894833726706,0.1,13.0
fixed_income_Treasury_10Y_Yield_kurtosis_5d,0.0,1.0,0.04671251450964459,0.1,14.0
fixed_income_Treasury_10Y_Yield_cumret_5d,0.0,1.0,0.053718537344145674,0.1,8.0
fixed_income_Treasury_10Y_Yield_skewness_10d,0.0,1.0,0.04908034608798395,0.1,15.0
fixed_income_Treasury_10Y_Yield_kurtosis_10d,0.0,1.0,0.04916008841373438,0.1,15.0
fixed_income_Treasury_10Y_Yield_cumret_10d,0.0,1.0,0.05517891282775594,0.1,11.0
fixed_income_Treasury_10Y_Yield_skewness_20d,0.0,1.0,0.04140666118373212,0.1,27.0
fixed_income_Treasury_10Y_Yield_kurtosis_20d,0.0,1.0,0.03907341230999339,0.1,23.0
fixed_income_Treasury_10Y_Yield_cumret_20d,0.0,1.0,0.041978889149676825,0.1,23.0
fixed_income_Treasury_5Y_Yield_cumret_1d,0.0,1.0,0.061360471651427266,0.1,5.0
fixed_income_Treasury_5Y_Yield_skewness_5d,0.0,1.0,0.04924261484399908,0.1,12.0
fixed_income_Treasury_5Y_Yield_kurtosis_5d,0.0,1.0,0.048152065291906715,0.1,12.0
fixed_income_Treasury_5Y_Yield_cumret_5d,0.0,1.0,0.053297447694600784,0.1,7.0
fixed_income_Treasury_5Y_Yield_skewness_10d,0.0,1.0,0.04778945610551756,0.1,17.0
fixed_income_Treasury_5Y_Yield_kurtosis_10d,0.0,1.0,0.048134097276350866,0.1,14.0
fixed_income_Treasury_5Y_Yield_cumret_10d,0.0,1.0,0.05626452775289754,0.1,11.0
fixed_income_Treasury_5Y_Yield_skewness_20d,-0.003921764209613858,0.11242060077501147,0.08672064200775065,0.03083860169844299,28.0
fixed_income_Treasury_5Y_Yield_kurtosis_20d,0.0,1.0,0.038925220999816705,0.1,26.0
fixed_income_Treasury_5Y_Yield_cumret_20d,0.0,1.0,0.04357534801152609,0.1,19.0
fixed_income_Treasury_30Y_Yield_cumret_1d,0.0,1.0,0.05415016292825044,0.1,4.0
fixed_income_Treasury_30Y_Yield_skewness_5d,0.0,1.0,0.05033417680565911,0.1,13.0
fixed_income_Treasury_30Y_Yield_kurtosis_5d,0.0,1.0,0.04909007500950901,0.1,15.0
fixed_income_Treasury_30Y_Yield_cumret_5d,0.0,1.0,0.05220369835824731,0.1,7.0
fixed_income_Treasury_30Y_Yield_skewness_10d,0.0,1.0,0.05017324757591838,0.1,15.0
fixed_income_Treasury_30Y_Yield_kurtosis_10d,0.0,1.0,0.04787766752663666,0.1,17.0
fixed_income_Treasury_30Y_Yield_cumret_10d,0.0,1.0,0.05481199908949388,0.1,10.0
fixed_income_Treasury_30Y_Yield_skewness_20d,0.0,1.0,0.043145277372657206,0.1,27.0
fixed_income_Treasury_30Y_Yield_kurtosis_20d,0.0,1.0,0.040810780037837176,0.1,18.0
fixed_income_Treasury_30Y_Yield_cumret_20d,0.0,1.0,0.043297938334352803,0.1,20.0
fixed_income_Treasury_Bond_ETF_cumret_1d,0.0,1.0,0.054496308437445996,0.1,3.0
fixed_income_Treasury_Bond_ETF_skewness_5d,0.0,1.0,0.047167622062551824,0.1,14.0
fixed_income_Treasury_Bond_ETF_kurtosis_5d,0.0,1.0,0.04771858612834484,0.1,11.0
fixed_income_Treasury_Bond_ETF_cumret_5d,0.0,1.0,0.055198478178084216,0.1,10.0
fixed_income_Treasury_Bond_ETF_skewness_10d,0.0,1.0,0.04931308501973241,0.1,18.0
fixed_income_Treasury_Bond_ETF_kurtosis_10d,0.0,1.0,0.04787953862692726,0.1,16.0
fixed_income_Treasury_Bond_ETF_cumret_10d,0.0,1.0,0.05684748353997534,0.1,17.0
fixed_income_Treasury_Bond_ETF_skewness_20d,0.0,1.0,0.041523352437357726,0.1,29.0
fixed_income_Treasury_Bond_ETF_kurtosis_20d,0.0,1.0,0.03899579813800962,0.1,24.0
fixed_income_Treasury_Bond_ETF_cumret_20d,0.0,1.0,0.043974393766656385,0.1,25.0
fixed_income_Treasury_7_10Y_ETF_cumret_1d,0.0,1.0,0.05505395229736756,0.1,10.0
fixed_income_Treasury_7_10Y_ETF_skewness_5d,0.0,1.0,0.049358968502150435,0.1,14.0
fixed_income_Treasury_7_10Y_ETF_kurtosis_5d,0.0,1.0,0.047109928500074505,0.1,12.0
fixed_income_Treasury_7_10Y_ETF_cumret_5d,0.0,1.0,0.05583601134429753,0.1,13.0
fixed_income_Treasury_7_10Y_ETF_skewness_10d,0.0,1.0,0.052495877160514605,0.1,18.0
fixed_income_Treasury_7_10Y_ETF_kurtosis_10d,0.0,1.0,0.04968974649849746,0.1,18.0
fixed_income_Treasury_7_10Y_ETF_cumret_10d,0.0,1.0,0.058243475005835314,0.1,10.0
fixed_income_Treasury_7_10Y_ETF_skewness_20d,0.0,1.0,0.04242205064773682,0.1,26.0
fixed_income_Treasury_7_10Y_ETF_kurtosis_20d,0.0005630514103975318,-0.004358501987580793,0.09229957694752497,3.0440559262934208e-05,26.0
fixed_income_Treasury_7_10Y_ETF_cumret_20d,0.0,1.0,0.043824046954013776,0.1,22.0
fixed_income_Treasury_1_3Y_ETF_cumret_1d,0.0,1.0,0.045033860332207444,0.1,3.0
fixed_income_Treasury_1_3Y_ETF_skewness_5d,0.0,1.0,0.04328813557696078,0.1,13.0
fixed_income_Treasury_1_3Y_ETF_kurtosis_5d,0.0,1.0,0.04441825565213238,0.1,14.0
fixed_income_Treasury_1_3Y_ETF_cumret_5d,0.0,1.0,0.04747949586437298,0.1,9.0
fixed_income_Treasury_1_3Y_ETF_skewness_10d,0.0,1.0,0.0447993065320061,0.1,17.0
fixed_income_Treasury_1_3Y_ETF_kurtosis_10d,0.0,1.0,0.0447552595488801,0.1,20.0
fixed_income_Treasury_1_3Y_ETF_cumret_10d,0.0,1.0,0.0514024924037682,0.1,17.0
fixed_income_Treasury_1_3Y_ETF_skewness_20d,-0.01602613613344747,-0.15278630017962996,0.09701397720553408,0.04185915839591148,31.0
fixed_income_Treasury_1_3Y_ETF_kurtosis_20d,0.0,1.0,0.03915825713726997,0.1,26.0
fixed_income_Treasury_1_3Y_ETF_cumret_20d,0.0,1.0,0.04186348796386106,0.1,21.0
fixed_income_Investment_Grade_Bonds_cumret_1d,0.0,1.0,0.05547502430654249,0.1,9.0
fixed_income_Investment_Grade_Bonds_skewness_5d,0.0,1.0,0.05053301356248284,0.1,9.0
fixed_income_Investment_Grade_Bonds_kurtosis_5d,0.0,1.0,0.045533638270523986,0.1,10.0
fixed_income_Investment_Grade_Bonds_cumret_5d,0.0,1.0,0.05402237309102925,0.1,10.0
fixed_income_Investment_Grade_Bonds_skewness_10d,0.0,1.0,0.048778909082087894,0.1,21.0
fixed_income_Investment_Grade_Bonds_kurtosis_10d,0.0,1.0,0.04879927198213602,0.1,25.0
fixed_income_Investment_Grade_Bonds_cumret_10d,0.0,1.0,0.05770984264719858,0.1,16.0
fixed_income_Investment_Grade_Bonds_skewness_20d,0.0,1.0,0.04229137282745336,0.1,29.0
fixed_income_Investment_Grade_Bonds_kurtosis_20d,0.0,1.0,0.039821478127258156,0.1,25.0
fixed_income_Investment_Grade_Bonds_cumret_20d,0.0,1.0,0.04564392446999405,0.1,19.0
fixed_income_High_Yield_Bonds_cumret_1d,0.0,1.0,0.06062796787151578,0.1,3.0
fixed_income_High_Yield_Bonds_skewness_5d,0.0,1.0,0.0472206281287916,0.1,13.0
fixed_income_High_Yield_Bonds_kurtosis_5d,0.0,1.0,0.04640225289296205,0.1,12.0
fixed_income_High_Yield_Bonds_cumret_5d,0.0,1.0,0.053015249775442266,0.1,10.0
fixed_income_High_Yield_Bonds_skewness_10d,0.0,1.0,0.04864061649672218,0.1,20.0
fixed_income_High_Yield_Bonds_kurtosis_10d,0.0,1.0,0.048213889237470914,0.1,18.0
fixed_income_High_Yield_Bonds_cumret_10d,0.0,1.0,0.05619901969181853,0.1,16.0
fixed_income_High_Yield_Bonds_skewness_20d,-0.011753454064598644,0.12539652319006556,0.09253594532735174,0.03032076389425098,31.0
fixed_income_High_Yield_Bonds_kurtosis_20d,-0.0338180326255753,0.09629325738075853,0.09334506168421754,0.021189526684652682,26.0
fixed_income_High_Yield_Bonds_cumret_20d,0.0,1.0,0.04300728611884746,0.1,25.0
stocks_SP500_realized_vol_5d,0.03705884724872868,-0.058189786600944184,0.07777655792528705,0.009024264728054177,38.0
stocks_SP500_exp_vol_5d,-0.09902746554429137,0.14845069426651633,0.06216709026989706,0.0910359356600392,50.0
stocks_SP500_realized_vol_10d,0.024904421359719674,0.0431755022496808,0.08055439526146196,0.005062686243280989,45.0
stocks_SP500_exp_vol_10d,-0.026338589958301833,0.0942792861982123,0.05644806796026679,0.04670716403126307,50.0
stocks_SP500_realized_vol_20d,0.0071511330459192715,0.1071706833290671,0.048577981325487456,0.07875380421951772,50.0
stocks_SP500_exp_vol_20d,-0.005371981588448502,0.05400884702400631,0.03909938065933085,0.0324262621708179,50.0
stocks_SP500_realized_vol_60d,0.002902275224582572,0.01933951247245733,0.01684334092809152,0.022631618409220566,50.0
stocks_SP500_exp_vol_60d,-0.0005800144136558563,0.01553334059425737,0.01738630922231537,0.013825833247429142,50.0
stocks_DJI_realized_vol_5d,0.024323555955002706,0.06711105941984497,0.0770288524441952,0.012372014798219144,35.0
stocks_DJI_exp_vol_5d,-0.09958079330612464,0.04942218447323943,0.08652757804142538,0.005360007961619284,44.0
stocks_DJI_realized_vol_10d,0.023482750175840096,0.18648183430177206,0.06776301718301496,0.11700240787193839,43.0
stocks_DJI_exp_vol_10d,-0.033276735838233366,0.12181513134486692,0.06720755080080687,0.05302559550054442,46.0
stocks_DJI_realized_vol_20d,0.019259279915040572,0.03133614110237715,0.06140533702087295,0.0045482566446237715,49.0
stocks_DJI_exp_vol_20d,-0.004065570378656754,0.07357572119224128,0.05652514242598079,0.02854980454789824,48.0
stocks_DJI_realized_vol_60d,0.0045299126342266925,0.02191078233069313,0.018942108268480282,0.022961155092065977,50.0
stocks_DJI_exp_vol_60d,0.0022227449191556913,-0.002899005810334746,0.027424612966202445,0.00019622515957651299,50.0
stocks_NASDAQ_realized_vol_5d,0.02029156954920583,-0.0021936997316964624,0.0696618850344021,1.4815271755175274e-05,31.0
stocks_NASDAQ_exp_vol_5d,-0.08617693597004424,0.11732999594824138,0.08757644155485332,0.028524913128752827,44.0
stocks_NASDAQ_realized_vol_10d,0.0209804387364892,0.039964638197936164,0.0759193868437855,0.004473555046670685,43.0
stocks_NASDAQ_exp_vol_10d,-0.038727524218917266,-0.07983350924833492,0.05865066154870293,0.028328822631978445,44.0
stocks_NASDAQ_realized_vol_20d,0.012232094298434049,0.09578482181287773,0.053721643572616024,0.05288359030812839,50.0
stocks_NASDAQ_exp_vol_20d,0.0060959978666779305,0.06973574194807287,0.056798479028194446,0.02579355480525891,50.0
stocks_NASDAQ_realized_vol_60d,0.002326487226276007,0.01819406494510961,0.01739755632208124,0.018847010484617344,50.0
stocks_NASDAQ_exp_vol_60d,0.0014753956898820308,0.01159578703432505,0.0190959649033195,0.006434819519465118,50.0
stocks_RUSSELL2000_realized_vol_5d,0.013255570303823879,-0.0017018150335029703,0.08595084562260427,6.364441893169648e-06,34.0
stocks_RUSSELL2000_exp_vol_5d,-0.1040517260040935,0.08394664670501248,0.08881255362905105,0.014900615429619846,46.0
stocks_RUSSELL2000_realized_vol_10d,0.00376262774080238,0.07217187326700665,0.06892906210285578,0.018610171721673896,46.0
stocks_RUSSELL2000_exp_vol_10d,-0.0482252582397346,0.04388362207175185,0.0553936975476961,0.010616636895888765,47.0
stocks_RUSSELL2000_realized_vol_20d,-0.003529416595040384,0.1580533034736035,0.05079496102119668,0.1441332818231006,49.0
stocks_RUSSELL2000_exp_vol_20d,-0.015358875892262045,0.07402831766864316,0.04332412707125169,0.04832978253441966,49.0
stocks_RUSSELL2000_realized_vol_60d,0.0015308708769341643,0.017009960824220176,0.021335223814527626,0.01104112217768094,50.0
stocks_RUSSELL2000_exp_vol_60d,-0.0017036430707986707,0.0007953289847444051,0.03196867952994844,1.0870818994423992e-05,50.0
stocks_SPY_ETF_realized_vol_5d,0.03856113516750219,-0.040528999350991156,0.0735089569909271,0.004795786517876821,38.0
stocks_SPY_ETF_exp_vol_5d,-0.09941529850020844,0.14653367093151906,0.06695404035465558,0.07760026609407134,50.0
stocks_SPY_ETF_realized_vol_10d,0.01506847703663938,0.031947294524300854,0.08224530533521397,0.002630537936426869,45.0
stocks_SPY_ETF_exp_vol_10d,-0.026266987095878252,0.09548037011247204,0.059235524309201704,0.04364222351398739,50.0
stocks_SPY_ETF_realized_vol_20d,0.00698862533136803,0.10906944415501259,0.049277772512138746,0.0792280396671361,50.0
stocks_SPY_ETF_exp_vol_20d,-0.005287606480732597,0.054812062445132675,0.04057670929575809,0.03105423749211378,50.0
stocks_SPY_ETF_realized_vol_60d,0.003160892398407261,0.02077992418650973,0.016538732353320432,0.026979157544461008,50.0
stocks_SPY_ETF_exp_vol_60d,-0.0005765835848199652,0.016301668581787644,0.017871076954705797,0.014404040876707547,50.0
stocks_QQQ_ETF_realized_vol_5d,0.025275164606227845,-0.0348000860112931,0.07325960419760313,0.0032175341340404673,31.0
stocks_QQQ_ETF_exp_vol_5d,-0.09808352786341007,-0.010541451643002447,0.08229346592168797,0.00026835068999453426,44.0
stocks_QQQ_ETF_realized_vol_10d,0.0077174779544276735,-0.0075149214541066125,0.08147149099448242,0.0001434325874716258,44.0
stocks_QQQ_ETF_exp_vol_10d,-0.03453133888092536,-0.04367046238551856,0.0684595457520886,0.006612646730868588,44.0
stocks_QQQ_ETF_realized_vol_20d,0.015398427148618889,0.06205386072736106,0.057407620629220384,0.020109389090904428,50.0
stocks_QQQ_ETF_exp_vol_20d,0.008637506044851603,0.032398441089657184,0.06443683809554242,0.004420571917710836,50.0
stocks_QQQ_ETF_realized_vol_60d,0.001743089565592794,0.014530911846576197,0.019540292189062104,0.009619411654109289,50.0
stocks_QQQ_ETF_exp_vol_60d,0.001815014000077209,0.001963670442349495,0.01995638034856168,0.00017002883293182336,50.0
stocks_IWM_ETF_realized_vol_5d,0.007255937402436679,-0.03920730844093233,0.08232311849084309,0.0038871072543279483,34.0
stocks_IWM_ETF_exp_vol_5d,-0.10770656074431925,0.07645879230938185,0.0837220085039199,0.01392362482594367,46.0
stocks_IWM_ETF_realized_vol_10d,0.002688354933130225,0.06171031743222309,0.06887395884066219,0.013696003898064468,46.0
stocks_IWM_ETF_exp_vol_10d,-0.05001620572660288,0.04080167073093737,0.05205396717998427,0.01039556262295338,47.0
stocks_IWM_ETF_realized_vol_20d,-0.004057761226151865,0.15942622858958738,0.050747671742198366,0.14651308499237659,49.0
stocks_IWM_ETF_exp_vol_20d,-0.01622945641889135,0.07614647010906513,0.042943949445847084,0.051851824691893866,49.0
stocks_IWM_ETF_realized_vol_60d,0.001859393269088388,0.017615296859787962,0.021577986062377496,0.01156982719325772,50.0
stocks_IWM_ETF_exp_vol_60d,-0.001605657850062184,-0.0007981633640476235,0.03405201092519417,9.649762442776044e-06,50.0
stocks_VTI_ETF_realized_vol_5d,0.019851575900692045,-0.07529783459820982,0.07423626974221727,0.016574407041817785,38.0
stocks_VTI_ETF_exp_vol_5d,-0.10600391117422413,0.09873241960791225,0.08078894918681268,0.025561872949388387,50.0
stocks_VTI_ETF_realized_vol_10d,0.017730688779791153,0.09346328252307923,0.07950574668435526,0.022974170807128602,44.0
stocks_VTI_ETF_exp_vol_10d,-0.03152719350143806,0.0744478447187053,0.06509251977214839,0.022459476184312988,50.0
stocks_VTI_ETF_realized_vol_20d,0.003406232096998002,0.12025619371930849,0.05135398204416361,0.08785256767955607,50.0
stocks_VTI_ETF_exp_vol_20d,-0.008316120495222307,0.04812982583002499,0.042218761791511225,0.02231713103421029,50.0
stocks_VTI_ETF_realized_vol_60d,0.002449125138262156,0.01978888072454903,0.016372696958270844,0.025016246928799446,50.0
stocks_VTI_ETF_exp_vol_60d,-0.0017720220908836457,0.015855709465941597,0.01768993850850336,0.013914134830873115,50.0
stocks_DXY_realized_vol_5d,0.0,1.0,0.04195316101165436,0.1,23.0
stocks_DXY_exp_vol_5d,-0.1331573897253713,0.0077862560933402184,0.061109211548535845,0.00025158852147777466,33.0
stocks_DXY_realized_vol_10d,0.025789270206703074,-0.013727020833863958,0.06836762564873636,0.0006847454180959334,42.0
stocks_DXY_exp_vol_10d,-0.03464246747000534,-0.08416875489094625,0.08996923853677373,0.014097951862683034,40.0
stocks_DXY_realized_vol_20d,0.01394231535272398,0.09559278737677705,0.05956802151759785,0.04353771467127898,48.0
stocks_DXY_exp_vol_20d,-0.0014495738614452238,0.07770996843473185,0.05371932423317962,0.035558954130268106,44.0
stocks_DXY_realized_vol_60d,0.011339254424081072,0.04921453238608958,0.02428918158926549,0.06725818897009006,50.0
stocks_DXY_exp_vol_60d,0.014373135617560312,0.08510462533416392,0.04124311723950405,0.06958309130158646,50.0
stocks_GOLD_realized_vol_5d,0.014552142078774217,-0.03266714284681466,0.09078029296096006,0.0025710923809981745,29.0
stocks_GOLD_exp_vol_5d,-0.10753440095041653,0.03588387513062166,0.08258721264189106,0.0034862479647147504,36.0
stocks_GOLD_realized_vol_10d,-0.00010275375820299672,0.04519769244121538,0.07948140423485532,0.005751510650803371,38.0
stocks_GOLD_exp_vol_10d,-0.04735463516951232,0.0025351490919017262,0.06390207066065819,2.7489354956333756e-05,39.0
stocks_GOLD_realized_vol_20d,0.008929216190443855,-0.05492427355024745,0.06476691814441503,0.012543226315638756,48.0
stocks_GOLD_exp_vol_20d,-0.01177217037172254,-0.039827870519744416,0.054374212858801646,0.009371667761096214,43.0
stocks_GOLD_realized_vol_60d,0.00016643859491146602,-0.003286471291403597,0.02994010048971097,0.00020923073331668984,49.0
stocks_GOLD_exp_vol_60d,0.005299640338405781,-0.011097328508917984,0.03286522881414032,0.0019763668727011963,49.0
stocks_OIL_realized_vol_5d,-0.01271769846209492,0.056754889693839836,0.09077929521573967,0.006456473622510561,30.0
stocks_OIL_exp_vol_5d,-0.09926430983518959,-0.07071487769375938,0.09141152875435452,0.01051700392379673,37.0
stocks_OIL_realized_vol_10d,0.008765928249140796,-0.0917464408832075,0.08604450039731108,0.019937449262967033,44.0
stocks_OIL_exp_vol_10d,-0.030794525602151693,0.01886542411866005,0.0638381766859355,0.0015816369085139836,40.0
stocks_OIL_realized_vol_20d,0.017977832575983888,-0.044288683004007824,0.0683143947830559,0.0074523915732018775,49.0
stocks_OIL_exp_vol_20d,0.004342986486105621,0.04975503125406331,0.05724008675434021,0.013066276618716177,45.0
stocks_OIL_realized_vol_60d,0.009754305620412686,-0.033362168586223616,0.025830038214359363,0.028466813097378085,50.0
stocks_OIL_exp_vol_60d,0.011099341441369722,-0.03590318652169109,0.03928207394144687,0.014460193518767817,50.0
crypto_BTC_realized_vol_5d,0.0066514464266282285,0.1296935952689724,0.08609025497150528,0.03754631867318248,31.0
crypto_BTC_exp_vol_5d,-0.06490662976960086,0.010281150014952938,0.11620441348169142,0.00013592552267649438,40.0
crypto_BTC_realized_vol_10d,0.017986563476612386,0.1143979821884781,0.07356674546542047,0.03982039664044501,40.0
crypto_BTC_exp_vol_10d,-0.019425590133033743,0.09663083229241555,0.08258094334172518,0.023428652350371837,42.0
crypto_BTC_realized_vol_20d,0.014619330357695344,0.08532414965767353,0.048398442147908574,0.051680311638127696,47.0
crypto_BTC_exp_vol_20d,-0.0011152968762770808,0.1011818300705121,0.0532848455425298,0.05941116420492765,45.0
crypto_BTC_realized_vol_60d,0.006909801362682659,0.04340374253728746,0.036119594696201004,0.024735116993776063,50.0
crypto_BTC_exp_vol_60d,0.003643464407695654,0.009488601786940108,0.029716279455851514,0.0018176101114616428,49.0
crypto_ETH_realized_vol_5d,-0.009935383211741356,0.055705451074046744,0.0819192732147527,0.008205109970270352,34.0
crypto_ETH_exp_vol_5d,-0.10520960801722382,-0.011462045545567442,0.09726592422346138,0.00025647379781157387,41.0
crypto_ETH_realized_vol_10d,0.004037870662198394,-0.09572473330590708,0.06180738763109429,0.041031854804603474,42.0
crypto_ETH_exp_vol_10d,-0.045162582219286276,-0.013129052121456682,0.06525772025592229,0.0007257240300849732,44.0
crypto_ETH_realized_vol_20d,-0.008370585281040628,0.0522583309480736,0.046094970752331176,0.022952044332874344,45.0
crypto_ETH_exp_vol_20d,-0.014884179707918528,0.01151480224699181,0.04713456822701259,0.0010635522827371346,47.0
crypto_ETH_realized_vol_60d,0.004545994971291478,0.007579694701054588,0.03436099033307712,0.0008685162792811951,49.0
crypto_ETH_exp_vol_60d,-0.002086516795537957,0.03856454866877476,0.025110240700808997,0.04100114251923048,48.0
crypto_BNB_realized_vol_5d,0.03956251747730229,0.15420304297642587,0.07374920029969075,0.06225885510345763,40.0
crypto_BNB_exp_vol_5d,-0.08758533439131293,0.019870179860433254,0.1021762536999421,0.0006021665468376458,44.0
crypto_BNB_realized_vol_10d,0.004075124976518421,0.09676999320580024,0.07766268568079875,0.025099737895584506,45.0
crypto_BNB_exp_vol_10d,-0.037613921482583815,0.15999196131633936,0.06595839555601157,0.09294392278490438,46.0
crypto_BNB_realized_vol_20d,-0.003868525491417171,0.03581474058367614,0.03692601193204332,0.016523350438722884,49.0
crypto_BNB_exp_vol_20d,-0.01489250450719001,0.03320425903228567,0.047924724461356025,0.008500337325650476,49.0
crypto_BNB_realized_vol_60d,-0.0012590563404133149,0.007178996030446319,0.022583216893537157,0.0017717744009448921,50.0
crypto_BNB_exp_vol_60d,-0.003089751695122577,0.02450378455219078,0.02537660623967968,0.01611266510733822,50.0
crypto_XRP_realized_vol_5d,0.0208044277988899,0.06441113273416951,0.08532231446699153,0.008583998045781693,32.0
crypto_XRP_exp_vol_5d,-0.09936640835925215,-0.014342830712861757,0.0992858602285266,0.00037381100541988843,38.0
crypto_XRP_realized_vol_10d,0.01727543925196106,0.029723074630334096,0.082017944186169,0.0021755239029089823,43.0
crypto_XRP_exp_vol_10d,-0.029170088782946524,-0.010611736484347432,0.08444216519536042,0.0002860487149489721,45.0
crypto_XRP_realized_vol_20d,-0.012387458710313,0.010962778425191501,0.052597828446255705,0.0007623848408864209,48.0
crypto_XRP_exp_vol_20d,-0.015249588760175915,0.001206098232048845,0.043939065198893214,1.319314586778475e-05,47.0
crypto_XRP_realized_vol_60d,-0.004767897079001232,-0.03149252207841951,0.024629886151977917,0.027468327443589624,49.0
crypto_XRP_exp_vol_60d,-0.005428252202621316,-0.0022803268532971643,0.020154456180542,0.00022110287306009724,49.0
crypto_ADA_realized_vol_5d,-0.007637127491585178,0.0994805841323673,0.09452440825168776,0.019851242366945132,36.0
crypto_ADA_exp_vol_5d,-0.09794168023654638,0.10271932138462408,0.09643603688363248,0.020385840566060853,37.0
crypto_ADA_realized_vol_10d,0.019080991237899015,-0.024334134530658448,0.07195715604671332,0.00201767543841469,41.0
crypto_ADA_exp_vol_10d,-0.021218949527268192,0.09835549564969709,0.08540276033009621,0.023513216702539586,43.0
crypto_ADA_realized_vol_20d,0.008577730851706737,0.0660486504816122,0.062087147885675036,0.019488437912421608,48.0
crypto_ADA_exp_vol_20d,0.0005644537155198007,0.05061005485923949,0.06025780734831225,0.012137763494303067,47.0
crypto_ADA_realized_vol_60d,-0.0003070453926556559,-0.006236150600286148,0.029637027386502975,0.0007643112094463111,49.0
crypto_ADA_exp_vol_60d,0.002425699238938818,-0.009771391362917848,0.032543952046823255,0.0015550156300653262,49.0
crypto_SOL_realized_vol_5d,-0.001221347547242749,0.06732282484863922,0.0787034042859125,0.0135587047454091,33.0
crypto_SOL_exp_vol_5d,-0.06927864851195395,-0.008727400565281068,0.11522310116310312,9.935227322199758e-05,42.0
crypto_SOL_realized_vol_10d,0.02524068354132671,-0.0934327948908383,0.06561939183407695,0.035627033475885916,42.0
crypto_SOL_exp_vol_10d,-0.029645365427410364,0.0029208758293184766,0.06551979612724006,3.419041701435699e-05,44.0
crypto_SOL_realized_vol_20d,-0.0001085682348502088,-0.0012539595491995554,0.046714780939426305,1.2636135847787777e-05,48.0
crypto_SOL_exp_vol_20d,-0.005007541863330158,0.02271586056257551,0.048519554614271126,0.0038293044138948407,48.0
crypto_SOL_realized_vol_60d,0.0037318397093197534,0.02455826177270184,0.02929947148479376,0.01218911695248881,50.0
crypto_SOL_exp_vol_60d,-0.00012716487601422452,-0.007047388643531268,0.03009860000700131,0.0009462177867933796,49.0
crypto_DOGE_realized_vol_5d,0.007508420255773439,0.008772773200467966,0.07135499176209831,0.00022013390716812964,30.0
crypto_DOGE_exp_vol_5d,-0.08913436993192934,0.1343993956323624,0.10329325428272819,0.026170970627741763,39.0
crypto_DOGE_realized_vol_10d,0.015322410407025413,0.07348617251531699,0.07523241813482133,0.014683928885218744,42.0
crypto_DOGE_exp_vol_10d,-0.03626134123618274,0.1745462090773868,0.06413049431488789,0.110239015356426,41.0
crypto_DOGE_realized_vol_20d,0.004528202291022522,0.12612428523023697,0.0575224811697701,0.07754023257591369,47.0
crypto_DOGE_exp_vol_20d,-0.008774630682086965,0.03293650974593907,0.048468981246718446,0.007717336842660516,46.0
crypto_DOGE_realized_vol_60d,0.005727644120648497,0.03933834688375843,0.0266547381439607,0.03684694112405429,50.0
crypto_DOGE_exp_vol_60d,0.006512381289287822,0.03595881367659448,0.03687580950856686,0.01642695119467663,50.0
crypto_MATIC_realized_vol_5d,0.02720950254397767,0.13539146438668692,0.09835733002001554,0.028994209886419653,26.0
crypto_MATIC_exp_vol_5d,-0.06695022861622461,0.1470081622365416,0.11620464257900953,0.02625676262607568,43.0
crypto_MATIC_realized_vol_10d,0.019212536166240232,0.16960833876821543,0.0638444448263669,0.10823548929986537,39.0
crypto_MATIC_exp_vol_10d,-0.020225806719086185,0.1340609365042861,0.07817798324952967,0.04851558900871633,46.0
crypto_MATIC_realized_vol_20d,-0.0022900057334622635,0.09119371401766553,0.046619860439583015,0.06164033116821199,43.0
crypto_MATIC_exp_vol_20d,-0.011789692121450288,0.07039867275785627,0.03934257080791116,0.05259944550543749,46.0
crypto_MATIC_realized_vol_60d,0.006073179404872706,0.0032155501184763305,0.04163060270067961,0.00010357976305586103,46.0
crypto_MATIC_exp_vol_60d,-0.0025178263004612044,0.012781979845670418,0.01991153284895895,0.0070054198767419695,48.0
crypto_DOT_realized_vol_5d,0.007991868718633057,-0.003465993034432527,0.08333469040405175,2.8776516975859145e-05,34.0
crypto_DOT_exp_vol_5d,-0.09265870763498613,0.015313645773006866,0.09412477019486945,0.0004474563821376121,39.0
crypto_DOT_realized_vol_10d,0.01140668127310354,-0.06265923165938635,0.07109228740471478,0.012826415453172868,42.0
crypto_DOT_exp_vol_10d,-0.030602745819633716,0.02041672057042491,0.0671894230598674,0.0014888874139231678,43.0
crypto_DOT_realized_vol_20d,0.0033387195743079558,0.07046055012803486,0.04966415362036738,0.03470108489263901,49.0
crypto_DOT_exp_vol_20d,0.00229855264501941,0.01794133189060702,0.06127442071783074,0.0014789263698461452,49.0
crypto_DOT_realized_vol_60d,-0.0007307482230906397,0.01635046095759774,0.030745665978638814,0.004942686329502122,50.0
crypto_DOT_exp_vol_60d,0.0019868515845927874,0.024219063939680204,0.026323650562984965,0.014649937888850051,50.0
crypto_AVAX_realized_vol_5d,0.02069222007489662,0.1340258490626586,0.08923835802414988,0.03898463514558992,36.0
crypto_AVAX_exp_vol_5d,-0.08463048926753888,0.16288999682936114,0.08439420381967987,0.06590552794569304,39.0
crypto_AVAX_realized_vol_10d,0.008528634506438657,0.04793135750101446,0.04709987560673405,0.018042215193114552,42.0
crypto_AVAX_exp_vol_10d,-0.025836520067969722,0.056491395099579005,0.07386642661079201,0.010384726123813581,44.0
crypto_AVAX_realized_vol_20d,0.011736607729369724,0.03617885827992912,0.04305343623097549,0.012454504123560084,49.0
crypto_AVAX_exp_vol_20d,-0.004604573856947395,0.005123683642784824,0.05642411301147275,0.0001439346629599214,47.0
crypto_AVAX_realized_vol_60d,0.0026127242313216184,0.02334622942102125,0.025252683847438104,0.014790060856587406,50.0
crypto_AVAX_exp_vol_60d,0.004983237641875398,0.03841616582250106,0.02960036519863795,0.02873392009732012,50.0
fixed_income_Treasury_10Y_Yield_realized_vol_5d,0.025243159805000134,0.09462843580965763,0.09589920932162876,0.01851073715456797,32.0
fixed_income_Treasury_10Y_Yield_exp_vol_5d,-0.06796251596822886,-0.22998222984766012,0.10492146135089422,0.08145863855322322,41.0
fixed_income_Treasury_10Y_Yield_realized_vol_10d,0.03153621752074946,-0.08114995942669072,0.07430201285049441,0.021587110007872834,41.0
fixed_income_Treasury_10Y_Yield_exp_vol_10d,-0.0175287307701768,-0.12348788550688596,0.07252578103430884,0.04852738052973149,44.0
fixed_income_Treasury_10Y_Yield_realized_vol_20d,0.006838146957477277,-0.0030972622706686216,0.05084658991638008,6.486553275175666e-05,48.0
fixed_income_Treasury_10Y_Yield_exp_vol_20d,-0.0023325511582612223,-0.07911603234256252,0.04613262733294734,0.048773398856239214,46.0
fixed_income_Treasury_10Y_Yield_realized_vol_60d,0.0035078019778706643,-0.021698520724104643,0.02624145104375925,0.011866508198448367,50.0
fixed_income_Treasury_10Y_Yield_exp_vol_60d,0.006609054211558727,-0.06997356345144475,0.03606737197315484,0.06200976206313613,50.0
fixed_income_Treasury_5Y_Yield_realized_vol_5d,0.009032895272223758,0.1369540122730256,0.10074306663533839,0.031295751791726056,26.0
fixed_income_Treasury_5Y_Yield_exp_vol_5d,-0.06844162271448616,-0.2835474289267314,0.11409200803538665,0.09520771403654149,37.0
fixed_income_Treasury_5Y_Yield_realized_vol_10d,0.022708376079495222,-0.14653160631637807,0.07468559690725479,0.0647478601419832,38.0
fixed_income_Treasury_5Y_Yield_exp_vol_10d,-0.01890369556455985,-0.21635054020167785,0.08137071620684386,0.10530704533311763,41.0
fixed_income_Treasury_5Y_Yield_realized_vol_20d,0.01185984854090346,-0.0031905741582425266,0.05742271905493021,5.397051979816325e-05,48.0
fixed_income_Treasury_5Y_Yield_exp_vol_20d,0.004383810777174654,-0.10928589970001931,0.05864330611895656,0.05708851059186548,46.0
fixed_income_Treasury_5Y_Yield_realized_vol_60d,0.004454176313378114,-0.023488695021113455,0.027643758994055714,0.012522002080187944,50.0
fixed_income_Treasury_5Y_Yield_exp_vol_60d,0.00811998478673653,-0.07114645790151701,0.03959486785045191,0.05366561993016661,50.0
fixed_income_Treasury_30Y_Yield_realized_vol_5d,0.017842403582845792,0.05565007536130699,0.08634668119711139,0.00827965567855693,32.0
fixed_income_Treasury_30Y_Yield_exp_vol_5d,-0.07277239162824588,-0.14208413071302003,0.10778632877934487,0.030853666074468156,41.0
fixed_income_Treasury_30Y_Yield_realized_vol_10d,0.027133110761670694,-0.05669234414402475,0.07192535278890978,0.011181628108659747,44.0
fixed_income_Treasury_30Y_Yield_exp_vol_10d,-0.026885011069373965,-0.13230342772967418,0.06675300846314837,0.06684107401084705,43.0
fixed_income_Treasury_30Y_Yield_realized_vol_20d,0.0035033946215138213,-0.06034825443326157,0.05489057902703052,0.020591589653831233,49.0
fixed_income_Treasury_30Y_Yield_exp_vol_20d,-0.0006951984221794683,-0.09126145128598795,0.05025850494709077,0.054252013066798055,47.0
fixed_income_Treasury_30Y_Yield_realized_vol_60d,0.0037957495557633726,-0.03442848691423528,0.025075426430236785,0.03204906212454439,50.0
fixed_income_Treasury_30Y_Yield_exp_vol_60d,0.004733481067499347,-0.09424209953245404,0.033246203673277165,0.12367795162570983,50.0
fixed_income_Treasury_Bond_ETF_realized_vol_5d,0.010139148047899778,0.20380484522866818,0.07587553240324364,0.11800593972420148,36.0
fixed_income_Treasury_Bond_ETF_exp_vol_5d,-0.0893273812520791,-0.043883817017847264,0.09827808933226274,0.0036452295652360522,40.0
fixed_income_Treasury_Bond_ETF_realized_vol_10d,0.021231595437405822,-0.07156870909496628,0.05764073938138443,0.02822356439373186,43.0
fixed_income_Treasury_Bond_ETF_exp_vol_10d,-0.02129401614707012,-0.04442333215681364,0.08322667872024335,0.0051294484536632545,46.0
fixed_income_Treasury_Bond_ETF_realized_vol_20d,0.00043627748855115737,0.05303798148480239,0.05523001477376172,0.015787192799452843,49.0
fixed_income_Treasury_Bond_ETF_exp_vol_20d,-0.002426358209018458,-0.024277643861647626,0.05711705019197473,0.003148631252792633,48.0
fixed_income_Treasury_Bond_ETF_realized_vol_60d,0.003191979905046427,-0.022299509564188844,0.025732229641277936,0.01301869565125402,50.0
fixed_income_Treasury_Bond_ETF_exp_vol_60d,0.0008434283183546759,-0.03215832199498375,0.02522280170899307,0.027496876134403436,49.0
fixed_income_Treasury_7_10Y_ETF_realized_vol_5d,0.03327676244842732,0.06612018444353893,0.10865279773252988,0.007077673284669461,36.0
fixed_income_Treasury_7_10Y_ETF_exp_vol_5d,-0.06783671487499048,-0.17948588909068625,0.10434330173742527,0.05143381796794677,41.0
fixed_income_Treasury_7_10Y_ETF_realized_vol_10d,0.016999092033929727,-0.09382379853410011,0.0840366988223344,0.022266085342181552,43.0
fixed_income_Treasury_7_10Y_ETF_exp_vol_10d,-0.023786402537908497,-0.1454551053813592,0.06923751374522193,0.07345248208828015,44.0
fixed_income_Treasury_7_10Y_ETF_realized_vol_20d,0.005403848338027666,0.04555763748070036,0.0463111265408224,0.016867914482735058,47.0
fixed_income_Treasury_7_10Y_ETF_exp_vol_20d,-0.005391029548814492,-0.0890176146494255,0.04682614070773225,0.060268732908726586,46.0
fixed_income_Treasury_7_10Y_ETF_realized_vol_60d,0.0063654503442997145,-0.010432463994524346,0.02691979407626957,0.0026309281068811474,50.0
fixed_income_Treasury_7_10Y_ETF_exp_vol_60d,0.008639239818147492,-0.04945666661367526,0.04158096828013569,0.024245100498421657,50.0
fixed_income_Treasury_1_3Y_ETF_realized_vol_5d,0.025238555762161007,0.0164237650736194,0.08396277533276017,0.0007040890837606284,27.0
fixed_income_Treasury_1_3Y_ETF_exp_vol_5d,-0.07374629978793039,-0.1073719937839067,0.1071139243777297,0.017765236823191644,33.0
fixed_income_Treasury_1_3Y_ETF_realized_vol_10d,0.01880062803973244,-0.022277198262576688,0.07357466389090132,0.0015719745816074049,37.0
fixed_income_Treasury_1_3Y_ETF_exp_vol_10d,-0.020821209719705646,0.005406992933486965,0.08370836147809291,7.592907911169178e-05,37.0
fixed_income_Treasury_1_3Y_ETF_realized_vol_20d,0.020236231180421012,-0.006552867224406328,0.06863027785610451,0.00016271555878255572,47.0
fixed_income_Treasury_1_3Y_ETF_exp_vol_20d,0.00997661150837337,-0.06215089797756779,0.06984777196350558,0.013978932112451159,44.0
fixed_income_Treasury_1_3Y_ETF_realized_vol_60d,0.010330784360707449,-0.038145856933403326,0.04021783092249889,0.015555058779933795,50.0
fixed_income_Treasury_1_3Y_ETF_exp_vol_60d,0.013699155713341692,-0.03932742024716836,0.04702373719071933,0.012019796702074093,49.0
fixed_income_Investment_Grade_Bonds_realized_vol_5d,0.005078836558649982,-0.059188794789970564,0.0959683604457795,0.006959805184011403,33.0
fixed_income_Investment_Grade_Bonds_exp_vol_5d,-0.07828000949237597,0.11541522396000643,0.10881246879366044,0.01864360504892737,40.0
fixed_income_Investment_Grade_Bonds_realized_vol_10d,0.02538514886265839,-0.007925180228238932,0.07507073284634092,0.00019618556617639893,43.0
fixed_income_Investment_Grade_Bonds_exp_vol_10d,-0.016033035309609922,0.02692450561280353,0.08053391658488598,0.0019679168336182995,46.0
fixed_income_Investment_Grade_Bonds_realized_vol_20d,0.005015762961761073,0.03548414380601179,0.04856342993974433,0.009273515819714584,48.0
fixed_income_Investment_Grade_Bonds_exp_vol_20d,-0.0008174212836561516,-0.03455225718664967,0.055501128113111226,0.006730174557847524,48.0
fixed_income_Investment_Grade_Bonds_realized_vol_60d,0.002099257577056105,0.005343698677403192,0.028192905021999178,0.0006305987060034601,50.0
fixed_income_Investment_Grade_Bonds_exp_vol_60d,0.003141232458556953,-0.0427660376997198,0.029172305369458106,0.03637373653164622,50.0
fixed_income_High_Yield_Bonds_realized_vol_5d,0.020256008642751865,-0.006176733601872933,0.08301158197087194,9.33638827470551e-05,38.0
fixed_income_High_Yield_Bonds_exp_vol_5d,-0.0918414757622418,-0.09015384605121976,0.09601204743562315,0.014588306254774364,44.0
fixed_income_High_Yield_Bonds_realized_vol_10d,0.014004189871125033,-0.0541413208574479,0.07106386217078788,0.009958902718008367,42.0
fixed_income_High_Yield_Bonds_exp_vol_10d,-0.028709032879583804,-0.06042750765047608,0.07446369131890176,0.011133842363217905,47.0
fixed_income_High_Yield_Bonds_realized_vol_20d,0.003498282438069173,0.012598067111166478,0.04525358277180801,0.001314178623178619,49.0
fixed_income_High_Yield_Bonds_exp_vol_20d,-0.008501124799780678,-0.05872477847471236,0.04793230261604898,0.02485305997152154,49.0
fixed_income_High_Yield_Bonds_realized_vol_60d,0.002332616901180964,0.03262265256271787,0.021994018637597,0.03720373338856309,50.0
fixed_income_High_Yield_Bonds_exp_vol_60d,-0.0007246068532442266,0.020086226076415765,0.022377063114473152,0.013954371891686579,50.0
volatility_percentile,0.008836596701815328,-0.01146605909800438,0.07704029912604357,0.00038374283225195427,32.0
bull_market,0.0,0.0,1e-08,0.0,35.0
bear_market,0.0,1.0,1e-08,0.1,12.0
trend_strength,0.024056337303336246,0.13722916757718034,0.08198020268447977,0.041381294874157204,32.0
