,mean_car,median_car,std_car,min_car,max_car,positive_events,negative_events,total_events,category,metric,t_statistic,p_value,significant_5pct,significant_1pct,asymmetry_ratio,asymmetry_score,time_window,pos_neg_ratio
stocks_SP500_cumret_1d,0.0,0.0,0.0,0.0,0.0,0.0,0.0,7.0,stocks,SP500_cumret_1d,,,False,False,0.0,0.0,1d,0.0
stocks_SP500_skewness_20d,0.0199634553825804,0.0076759268471914,0.0775616088584265,-0.0449201763092004,0.1094221441451392,2.0,2.0,4.0,stocks,SP500_skewness_20d,0.5147767220512347,0.6422346923250914,False,False,0.9995002498750625,0.0,20d,0.99999950000025
stocks_DJI_skewness_20d,-0.0439797478261945,-0.0641610078412043,0.1770087571881913,-0.3215941901696592,0.1556173063670309,2.0,4.0,6.0,stocks,DJI_skewness_20d,-0.6086023251150254,0.5693741776913823,False,False,0.4998750312421894,0.3333333333333333,20d,0.49999987500003124
stocks_RUSSELL2000_kurtosis_10d,0.040031077907653,0.0200326793975665,0.049256325437176,0.008097282161715,0.1119616706737639,4.0,0.0,4.0,stocks,RUSSELL2000_kurtosis_10d,1.6254187681422014,0.20254363276337406,False,False,4000.0,1.0,10d,4000000.0
stocks_SPY_ETF_cumret_1d,-0.0088758037473575,-0.0318379264441549,0.0554276454385167,-0.0745157354066811,0.0656478686096909,2.0,3.0,5.0,stocks,SPY_ETF_cumret_1d,-0.35806862039727055,0.7383884239640759,False,False,0.6664445184938355,0.2,1d,0.6666664444445185
stocks_SPY_ETF_skewness_20d,0.0094185754039119,0.005541217046004,0.0707101635096728,-0.051572223918627,0.0781640914422665,2.0,2.0,4.0,stocks,SPY_ETF_skewness_20d,0.26639948025642696,0.8071924773710621,False,False,0.9995002498750625,0.0,20d,0.99999950000025
stocks_QQQ_ETF_kurtosis_10d,0.1173204108542287,0.1286293896753679,0.0912408227746891,-0.0393125933788193,0.2185997387601231,5.0,1.0,6.0,stocks,QQQ_ETF_kurtosis_10d,3.1496334016648246,0.025389419658460977,True,False,4.9950049950049955,0.6666666666666666,10d,4.999995000005001
stocks_VTI_ETF_cumret_1d,0.0015863969965016,0.0155340821101499,0.0540058778012839,-0.0546441831628313,0.0630043997413422,3.0,2.0,5.0,stocks,VTI_ETF_cumret_1d,0.06568343424638759,0.9507816521856924,False,False,1.4992503748125938,0.2,1d,1.499999250000375
stocks_VTI_ETF_skewness_20d,0.0629925354293973,0.0397252759346951,0.086829986927507,-0.0046229527636614,0.1771425426118604,2.0,2.0,4.0,stocks,VTI_ETF_skewness_20d,1.4509396501922494,0.24269586017201683,False,False,0.9995002498750625,0.0,20d,0.99999950000025
stocks_OIL_kurtosis_5d,-0.0478856004230289,-0.0330748186682799,0.0337042292260376,-0.1073674363945482,-0.0284992413586049,0.0,5.0,5.0,stocks,OIL_kurtosis_5d,-3.1769145934530396,0.033634351694048936,True,False,0.0,1.0,5d,0.0
stocks_OIL_cumret_5d,2.849705406863616e-05,0.0132597103931675,0.0229171337491023,-0.0264339296241291,0.0132597103931675,2.0,1.0,3.0,stocks,OIL_cumret_5d,0.0021537748155285195,0.9984770529889311,False,False,1.9980019980019983,0.3333333333333333,5d,1.9999980000020001
stocks_OIL_skewness_20d,-0.0573260273511716,-0.047192635139246,0.059500005622955,-0.1260481108263014,0.0241566647267072,1.0,5.0,6.0,stocks,OIL_skewness_20d,-2.359991642371024,0.06475170195655022,False,False,0.1999600079984003,0.6666666666666666,20d,0.199999960000008
stocks_OIL_cumret_20d,0.1867709052226372,0.2369345383935942,0.132856239676181,-0.004139500443604,0.2773540445469643,3.0,1.0,4.0,stocks,OIL_cumret_20d,2.8116241386609446,0.06720233583881208,False,False,2.997002997002997,0.5,20d,2.9999970000030003
crypto_BTC_kurtosis_20d,0.0104499685311837,0.0615091141193807,0.1319474565291505,-0.1926418376577909,0.1200747974629082,4.0,2.0,6.0,crypto,BTC_kurtosis_20d,0.19399457483203875,0.8538153680815075,False,False,1.999000499750125,0.3333333333333333,20d,1.9999990000005
crypto_ETH_kurtosis_20d,0.1037839011904024,0.1975361820397183,0.1976838117430592,-0.1920266471389365,0.2120898878211098,3.0,1.0,4.0,crypto,ETH_kurtosis_20d,1.0499989885392962,0.37084019142717417,False,False,2.997002997002997,0.5,20d,2.9999970000030003
crypto_BNB_kurtosis_5d,0.0937317562070219,0.0894968572991302,0.1254683421535174,-0.0555832995793421,0.2515166098091696,3.0,1.0,4.0,crypto,BNB_kurtosis_5d,1.494110061521909,0.2320024209421736,False,False,2.997002997002997,0.5,5d,2.9999970000030003
crypto_BNB_cumret_10d,0.2529610157584769,0.2364046296590977,0.0286765019138518,0.2364046296590977,0.2860737879572353,3.0,0.0,3.0,crypto,BNB_cumret_10d,15.278757951166808,0.004256417156827119,True,True,3000.0,1.0,10d,3000000.0
crypto_BNB_kurtosis_20d,0.0950739764990637,0.0589663924932911,0.0630818394307983,0.0349693377925438,0.1634658576677133,5.0,0.0,5.0,crypto,BNB_kurtosis_20d,3.370096310782762,0.028041224372057805,True,False,5000.0,1.0,20d,5000000.0
crypto_XRP_skewness_10d,0.1112961649138655,0.2195091284453182,0.1597214855197776,-0.1091231700749196,0.2358307485380139,3.0,2.0,5.0,crypto,XRP_skewness_10d,1.5581234395144312,0.1942040009017234,False,False,1.4992503748125938,0.2,10d,1.499999250000375
crypto_XRP_skewness_20d,-0.1026630338944147,-0.1173330223794802,0.0742684783519021,-0.2087169198291354,-0.0314849584778891,0.0,5.0,5.0,crypto,XRP_skewness_20d,-3.0909684385420952,0.03653994538800309,True,False,0.0,1.0,20d,0.0
crypto_XRP_kurtosis_20d,0.1841381922021894,0.2791482956829724,0.1975112733244616,-0.1406075595138348,0.3597915074994818,4.0,1.0,5.0,crypto,XRP_kurtosis_20d,2.0846684246808653,0.10546450840038468,False,False,3.9960039960039966,0.6,20d,3.9999960000040002
crypto_ADA_cumret_1d,0.1368859481446893,-0.0014475112544778,0.2396005800661241,-0.0014475112544778,0.4135528669430238,1.0,2.0,3.0,crypto,ADA_cumret_1d,0.9895360727566199,0.4266984191536676,False,False,0.49975012493753124,0.3333333333333333,1d,0.499999750000125
crypto_ADA_kurtosis_20d,-0.013756525992881,0.0243548973069694,0.2096231864688253,-0.3019893914915537,0.2204275072566385,3.0,3.0,6.0,crypto,ADA_kurtosis_20d,-0.16074781556144052,0.8785849293001164,False,False,0.9996667777407531,0.0,20d,0.9999996666667778
crypto_SOL_cumret_20d,-0.0439254142917473,0.0464759269712043,0.2387034374676185,-0.3972415546512973,0.1285880435418991,3.0,1.0,4.0,crypto,SOL_cumret_20d,-0.36803336187989366,0.7372827610857018,False,False,2.997002997002997,0.5,20d,2.9999970000030003
crypto_DOGE_kurtosis_5d,0.1732377540559089,0.243205148248982,0.2206872721234769,-0.1302093627878749,0.3367500825135467,3.0,1.0,4.0,crypto,DOGE_kurtosis_5d,1.5699840991190512,0.21444079288588158,False,False,2.997002997002997,0.5,5d,2.9999970000030003
crypto_DOGE_kurtosis_20d,-0.0168009014180548,-0.0312048291517466,0.0453721211369738,-0.0775650363975407,0.0355916831017035,2.0,3.0,5.0,crypto,DOGE_kurtosis_20d,-0.8279965034173588,0.4542136253766249,False,False,0.6664445184938355,0.2,20d,0.6666664444445185
crypto_AVAX_cumret_10d,0.0578745221448067,-0.0185040700603878,0.1322916023099811,-0.0185040700603878,0.2106317065551958,1.0,2.0,3.0,crypto,AVAX_cumret_10d,0.757732245042226,0.5277215211394517,False,False,0.49975012493753124,0.3333333333333333,10d,0.499999750000125
fixed_income_Treasury_10Y_Yield_skewness_5d,0.1541258335135399,0.1399875704950895,0.024488189878728,0.1399875704950895,0.1824023595504404,3.0,0.0,3.0,fixed,income_Treasury_10Y_Yield_skewness_5d,10.90132736336899,0.008310006306754492,True,True,3000.0,1.0,5d,3000000.0
fixed_income_Treasury_10Y_Yield_kurtosis_5d,0.0586820996467936,0.1165332063047196,0.1002010560056139,-0.0570201136690582,0.1165332063047196,2.0,1.0,3.0,fixed,income_Treasury_10Y_Yield_kurtosis_5d,1.0143643404054707,0.41716047516035104,False,False,1.9980019980019983,0.3333333333333333,5d,1.9999980000020001
fixed_income_Treasury_10Y_Yield_cumret_5d,0.0246197061198708,0.0246197061198708,0.0,0.0246197061198708,0.0246197061198708,2.0,0.0,2.0,fixed,income_Treasury_10Y_Yield_cumret_5d,inf,0.0,True,True,2000.0,1.0,5d,2000000.0
fixed_income_Treasury_10Y_Yield_skewness_20d,-0.0054337088125195,0.109822462320852,0.2154544323251826,-0.3680672403719285,0.1577952889397449,3.0,2.0,5.0,fixed,income_Treasury_10Y_Yield_skewness_20d,-0.056393095020645524,0.9577331772772175,False,False,1.4992503748125938,0.2,20d,1.499999250000375
fixed_income_Treasury_10Y_Yield_kurtosis_20d,0.1535516870325054,0.1184427204520418,0.0608105139186006,0.1184427204520418,0.2237696201934325,3.0,0.0,3.0,fixed,income_Treasury_10Y_Yield_kurtosis_20d,4.373574673028102,0.04850665629195894,True,False,3000.0,1.0,20d,3000000.0
fixed_income_Treasury_10Y_Yield_cumret_20d,0.0092537635264735,-0.0309207040635891,0.1073066482998666,-0.0690795722625532,0.1679360344956255,1.0,3.0,4.0,fixed,income_Treasury_10Y_Yield_cumret_20d,0.17247325628164278,0.8740447164517549,False,False,0.33322225924691773,0.5,20d,0.33333322222225925
fixed_income_Treasury_5Y_Yield_skewness_5d,0.0736227982691232,0.1055465445509411,0.0552935505280466,0.0097753057054873,0.1055465445509411,3.0,0.0,3.0,fixed,income_Treasury_5Y_Yield_skewness_5d,2.306207975066352,0.1475192013909261,False,False,3000.0,1.0,5d,3000000.0
fixed_income_Treasury_5Y_Yield_kurtosis_5d,-0.0465925994192036,0.0599727295187805,0.1845765640458784,-0.2597232572951718,0.0599727295187805,2.0,1.0,3.0,fixed,income_Treasury_5Y_Yield_kurtosis_5d,-0.43722099751897964,0.704631792733827,False,False,1.9980019980019983,0.3333333333333333,5d,1.9999980000020001
fixed_income_Treasury_5Y_Yield_skewness_20d,-0.0513376129221201,-0.0139121444955329,0.0894055451569496,-0.1920779054787942,0.0210529582496628,3.0,3.0,6.0,fixed,income_Treasury_5Y_Yield_skewness_20d,-1.406523007616061,0.2185750029730964,False,False,0.9996667777407531,0.0,20d,0.9999996666667778
fixed_income_Treasury_5Y_Yield_kurtosis_20d,0.0066948665510037,0.050766148616488,0.1247218422493497,-0.1696638958927623,0.0949110648638011,3.0,1.0,4.0,fixed,income_Treasury_5Y_Yield_kurtosis_20d,0.10735676173895847,0.9212829179080095,False,False,2.997002997002997,0.5,20d,2.9999970000030003
fixed_income_Treasury_30Y_Yield_skewness_5d,0.0334449701967763,0.1061871426572695,0.1259931385545118,-0.11203937472421,0.1061871426572695,2.0,1.0,3.0,fixed,income_Treasury_30Y_Yield_skewness_5d,0.45977414566413316,0.6908198148067966,False,False,1.9980019980019983,0.3333333333333333,5d,1.9999980000020001
fixed_income_Treasury_30Y_Yield_kurtosis_5d,0.037448297064795,0.1124729004564429,0.1299464248920386,-0.1126009097185009,0.1124729004564429,2.0,1.0,3.0,fixed,income_Treasury_30Y_Yield_kurtosis_5d,0.49914688477998526,0.6671723601543573,False,False,1.9980019980019983,0.3333333333333333,5d,1.9999980000020001
fixed_income_Treasury_30Y_Yield_cumret_5d,0.138141309602647,0.138141309602647,0.0,0.138141309602647,0.138141309602647,2.0,0.0,2.0,fixed,income_Treasury_30Y_Yield_cumret_5d,inf,0.0,True,True,2000.0,1.0,5d,2000000.0
fixed_income_Treasury_30Y_Yield_skewness_20d,0.0270062683366242,0.0533818296132432,0.0658910011586238,-0.0689290823554951,0.0701904964755056,3.0,1.0,4.0,fixed,income_Treasury_30Y_Yield_skewness_20d,0.8197255425398746,0.4724347166743228,False,False,2.997002997002997,0.5,20d,2.9999970000030003
fixed_income_Treasury_30Y_Yield_kurtosis_20d,0.0800948653149896,0.1238835780203174,0.0758442752036645,-0.0074825600956659,0.1238835780203174,2.0,1.0,3.0,fixed,income_Treasury_30Y_Yield_kurtosis_20d,1.829121259032684,0.2088827896609391,False,False,1.9980019980019983,0.3333333333333333,20d,1.9999980000020001
fixed_income_Treasury_Bond_ETF_skewness_5d,0.0089778636432183,0.0511987916554055,0.0731287924598163,-0.075463992381156,0.0511987916554055,2.0,1.0,3.0,fixed,income_Treasury_Bond_ETF_skewness_5d,0.21264013052074104,0.85131208965548,False,False,1.9980019980019983,0.3333333333333333,5d,1.9999980000020001
fixed_income_Treasury_Bond_ETF_kurtosis_5d,0.1030864684751674,0.1641017035537358,0.1056814871918393,-0.0189440016819694,0.1641017035537358,2.0,1.0,3.0,fixed,income_Treasury_Bond_ETF_kurtosis_5d,1.6895201393950952,0.23318236705907225,False,False,1.9980019980019983,0.3333333333333333,5d,1.9999980000020001
fixed_income_Treasury_Bond_ETF_cumret_5d,0.1167002749674639,0.191407660874778,0.1293969880921231,-0.0327144968471642,0.191407660874778,2.0,1.0,3.0,fixed,income_Treasury_Bond_ETF_cumret_5d,1.5620982256325822,0.25867358413351327,False,False,1.9980019980019983,0.3333333333333333,5d,1.9999980000020001
fixed_income_Treasury_Bond_ETF_skewness_20d,0.0083082297699661,0.0274885687460039,0.0850761719115891,-0.0929802433224089,0.1291498114118546,3.0,2.0,5.0,fixed,income_Treasury_Bond_ETF_skewness_20d,0.2183662724932852,0.8378321471766506,False,False,1.4992503748125938,0.2,20d,1.499999250000375
fixed_income_Treasury_Bond_ETF_kurtosis_20d,-0.0070830075603661,-0.0020311449649546,0.0808142979606649,-0.0868083560789347,0.0625386157673796,2.0,2.0,4.0,fixed,income_Treasury_Bond_ETF_kurtosis_20d,-0.17529095071304446,0.8720145432072592,False,False,0.9995002498750625,0.0,20d,0.99999950000025
fixed_income_Treasury_7_10Y_ETF_skewness_5d,0.0242884645652919,0.1245025200622053,0.1600711374806157,-0.2038738095636455,0.1605539675707585,3.0,2.0,5.0,fixed,income_Treasury_7_10Y_ETF_skewness_5d,0.33929075967030276,0.7514559246018064,False,False,1.4992503748125938,0.2,5d,1.499999250000375
fixed_income_Treasury_7_10Y_ETF_kurtosis_5d,0.0438998624945428,0.1123580392933544,0.180224878775016,-0.1642139685184094,0.2727666491597027,3.0,2.0,5.0,fixed,income_Treasury_7_10Y_ETF_kurtosis_5d,0.5446699557125696,0.614923747037277,False,False,1.4992503748125938,0.2,5d,1.499999250000375
fixed_income_Treasury_7_10Y_ETF_cumret_5d,-0.0193860528558595,-0.0473593095868764,0.0935999271459843,-0.1260241029188722,0.0951365303107933,2.0,4.0,6.0,fixed,income_Treasury_7_10Y_ETF_cumret_5d,-0.5073287882950842,0.6335024754216843,False,False,0.4998750312421894,0.3333333333333333,5d,0.49999987500003124
fixed_income_Treasury_7_10Y_ETF_skewness_20d,0.0540284894437414,0.1011262013011236,0.1734368368730539,-0.1810027284350183,0.2837070577180405,3.0,2.0,5.0,fixed,income_Treasury_7_10Y_ETF_skewness_20d,0.6965727540699025,0.5244282239344842,False,False,1.4992503748125938,0.2,20d,1.499999250000375
fixed_income_Treasury_7_10Y_ETF_kurtosis_20d,-0.0270533484084557,-0.012763095539656,0.0316239705164208,-0.0741171974396565,-0.0085700051148546,0.0,4.0,4.0,fixed,income_Treasury_7_10Y_ETF_kurtosis_20d,-1.7109393897523526,0.1856175674394558,False,False,0.0,1.0,20d,0.0
fixed_income_Treasury_7_10Y_ETF_cumret_20d,-0.0304634983169387,-0.0429053111377043,0.1364432032569066,-0.1589758361576021,0.1976887862086949,1.0,4.0,5.0,fixed,income_Treasury_7_10Y_ETF_cumret_20d,-0.4992440183397504,0.6438173196130081,False,False,0.2499375156210947,0.6,20d,0.24999993750001562
fixed_income_Treasury_1_3Y_ETF_skewness_20d,-0.0271262225030098,-0.0102537815487632,0.0571667332022823,-0.0876546142779387,0.0513824219494896,1.0,4.0,5.0,fixed,income_Treasury_1_3Y_ETF_skewness_20d,-1.0610380214465849,0.34848866020516933,False,False,0.2499375156210947,0.6,20d,0.24999993750001562
fixed_income_Investment_Grade_Bonds_skewness_5d,0.10841321657479,0.0501050606821902,0.1009926885016295,0.0501050606821902,0.2250295283599898,3.0,0.0,3.0,fixed,income_Investment_Grade_Bonds_skewness_5d,1.8593147890748039,0.20407178910475832,False,False,3000.0,1.0,5d,3000000.0
fixed_income_Investment_Grade_Bonds_kurtosis_5d,0.0964317996309239,0.0646753640431204,0.055003759905364,0.0646753640431204,0.1599446708065309,3.0,0.0,3.0,fixed,income_Investment_Grade_Bonds_kurtosis_5d,3.036606528597939,0.09348886603637774,False,False,3000.0,1.0,5d,3000000.0
fixed_income_Investment_Grade_Bonds_cumret_5d,0.2792194847581121,0.3054755952014035,0.0454769172969206,0.2267072638715291,0.3054755952014035,3.0,0.0,3.0,fixed,income_Investment_Grade_Bonds_cumret_5d,10.634457276570977,0.008726803804948835,True,True,3000.0,1.0,5d,3000000.0
fixed_income_Investment_Grade_Bonds_skewness_10d,0.0222628513356227,0.0222628513356227,0.0,0.0222628513356227,0.0222628513356227,2.0,0.0,2.0,fixed,income_Investment_Grade_Bonds_skewness_10d,inf,0.0,True,True,2000.0,1.0,10d,2000000.0
fixed_income_Investment_Grade_Bonds_kurtosis_10d,-0.0890221029890659,-0.0390187245750531,0.098876998000777,-0.2120189528590494,0.0192031610494357,1.0,4.0,5.0,fixed,income_Investment_Grade_Bonds_kurtosis_10d,-2.0132030483163974,0.11438039579568993,False,False,0.2499375156210947,0.6,10d,0.24999993750001562
fixed_income_Investment_Grade_Bonds_cumret_10d,0.1004043156595865,0.2428359715732365,0.2466988646486099,-0.1844589961677134,0.2428359715732365,2.0,1.0,3.0,fixed,income_Investment_Grade_Bonds_cumret_10d,0.7049297785350274,0.5538889077537319,False,False,1.9980019980019983,0.3333333333333333,10d,1.9999980000020001
fixed_income_Investment_Grade_Bonds_skewness_20d,0.0568183445146751,0.0080472000948415,0.0993152169242843,-0.0337016358884671,0.1948903690220139,4.0,2.0,6.0,fixed,income_Investment_Grade_Bonds_skewness_20d,1.401355768036253,0.22002257165943018,False,False,1.999000499750125,0.3333333333333333,20d,1.9999990000005
fixed_income_Investment_Grade_Bonds_kurtosis_20d,0.0654044551470938,-0.0034430131578768,0.152645347813969,-0.0240799839210448,0.3337789470938541,2.0,3.0,5.0,fixed,income_Investment_Grade_Bonds_kurtosis_20d,0.9580954142046517,0.3922706118764139,False,False,0.6664445184938355,0.2,20d,0.6666664444445185
fixed_income_High_Yield_Bonds_cumret_5d,0.258090627447568,0.2896770045769065,0.0547092100150457,0.1949178731888912,0.2896770045769065,3.0,0.0,3.0,fixed,income_High_Yield_Bonds_cumret_5d,8.170947443283877,0.014649719493598834,True,False,3000.0,1.0,5d,3000000.0
fixed_income_High_Yield_Bonds_kurtosis_20d,0.0730321595836896,0.0371624121560554,0.0734899519939373,0.0152637340834036,0.1817513065258031,5.0,0.0,5.0,fixed,income_High_Yield_Bonds_kurtosis_20d,2.222138795058879,0.09039703843574198,False,False,5000.0,1.0,20d,5000000.0
stocks_SP500_kurtosis_10d,0.058680168165906,0.0495607185836259,0.0574591466980291,0.0022660153786265,0.1333332201177457,4.0,0.0,4.0,stocks,SP500_kurtosis_10d,2.0425005082060776,0.13372457207158428,False,False,4000.0,1.0,10d,4000000.0
stocks_SP500_cumret_10d,0.0787534635030313,0.0787534635030313,0.1500430769377637,-0.0273430136697563,0.1848499406758189,1.0,1.0,2.0,stocks,SP500_cumret_10d,0.7422816063418793,0.5934908953352629,False,False,0.9990009990009991,0.0,10d,0.9999990000010001
stocks_SP500_kurtosis_20d,0.1440376451860855,0.235047418157439,0.2591265635579418,-0.1483163690256682,0.3453818864264857,2.0,1.0,3.0,stocks,SP500_kurtosis_20d,0.962774777851341,0.43724657718163007,False,False,1.9980019980019983,0.3333333333333333,20d,1.9999980000020001
stocks_SP500_cumret_20d,0.2236208969641672,0.2236208969641672,0.049132258140962,0.188879144057685,0.2583626498706495,2.0,0.0,2.0,stocks,SP500_cumret_20d,6.4366613154526116,0.09812085593053,False,False,2000.0,1.0,20d,2000000.0
stocks_DJI_skewness_10d,0.1904856680475854,0.1904856680475854,0.0001899468974871,0.1903513553083069,0.1906199807868639,2.0,0.0,2.0,stocks,DJI_skewness_10d,1418.2248762914894,0.0004488848542330004,True,True,2000.0,1.0,10d,2000000.0
stocks_DJI_kurtosis_10d,0.0270364271831931,-0.0080693137962096,0.1231817733950741,-0.0747817185306659,0.1639603138764551,1.0,2.0,3.0,stocks,DJI_kurtosis_10d,0.3801574230161178,0.7404037238183037,False,False,0.49975012493753124,0.3333333333333333,10d,0.499999750000125
stocks_DJI_kurtosis_20d,0.0118230082757295,-0.0777772446467455,0.2937497529007751,-0.2266925255016401,0.3399387949755741,1.0,2.0,3.0,stocks,DJI_kurtosis_20d,0.0697125727924885,0.9507655486738531,False,False,0.49975012493753124,0.3333333333333333,20d,0.499999750000125
stocks_NASDAQ_cumret_5d,0.1769291995818006,0.1769291995818006,,0.1769291995818006,0.1769291995818006,1.0,0.0,1.0,stocks,NASDAQ_cumret_5d,,,False,False,1000.0,1.0,5d,1000000.0
stocks_NASDAQ_skewness_10d,0.0745362287141225,0.0825479087186955,0.0987747022832105,-0.0500398558535686,0.1830889532726678,3.0,1.0,4.0,stocks,NASDAQ_skewness_10d,1.5092169754237161,0.22838308939994878,False,False,2.997002997002997,0.5,10d,2.9999970000030003
stocks_NASDAQ_cumret_10d,-0.0513421002235475,0.0548536996566301,0.2584592010791215,-0.3459829522204387,0.137102951893166,2.0,1.0,3.0,stocks,NASDAQ_cumret_10d,-0.34406639726188204,0.7636039838222797,False,False,1.9980019980019983,0.3333333333333333,10d,1.9999980000020001
stocks_NASDAQ_cumret_20d,0.1118574290245088,0.1118574290245088,0.0343854034746839,0.0875432770537243,0.1361715809952933,2.0,0.0,2.0,stocks,NASDAQ_cumret_20d,4.600507110382264,0.1362606967427189,False,False,2000.0,1.0,20d,2000000.0
stocks_RUSSELL2000_kurtosis_5d,0.1351139386057801,0.1351139386057801,,0.1351139386057801,0.1351139386057801,1.0,0.0,1.0,stocks,RUSSELL2000_kurtosis_5d,,,False,False,1000.0,1.0,5d,1000000.0
stocks_SPY_ETF_kurtosis_10d,0.1279614773790026,0.1047435120108725,0.1335258693664235,-0.0044597868242297,0.3068186723184954,3.0,1.0,4.0,stocks,SPY_ETF_kurtosis_10d,1.916654472817533,0.15113367450701687,False,False,2.997002997002997,0.5,10d,2.9999970000030003
stocks_SPY_ETF_cumret_10d,-0.058813208161716,-0.0189427157973541,0.2920840284890015,-0.3687843789762284,0.2112874702884343,1.0,2.0,3.0,stocks,SPY_ETF_cumret_10d,-0.34876081797143704,0.7605623489825022,False,False,0.49975012493753124,0.3333333333333333,10d,0.499999750000125
stocks_SPY_ETF_cumret_20d,0.2258227493525813,0.2258227493525813,0.0615255363953026,0.1823176253513231,0.2693278733538395,2.0,0.0,2.0,stocks,SPY_ETF_cumret_20d,5.190716140610249,0.12116144473867796,False,False,2000.0,1.0,20d,2000000.0
stocks_QQQ_ETF_kurtosis_5d,0.0028426406484922,0.0028426406484922,0.3315677816053684,-0.2316111861476439,0.2372964674446284,1.0,1.0,2.0,stocks,QQQ_ETF_kurtosis_5d,0.012124522287981042,0.9922816675748194,False,False,0.9990009990009991,0.0,5d,0.9999990000010001
stocks_QQQ_ETF_cumret_5d,0.1380801806944244,0.1380801806944244,,0.1380801806944244,0.1380801806944244,1.0,0.0,1.0,stocks,QQQ_ETF_cumret_5d,,,False,False,1000.0,1.0,5d,1000000.0
stocks_QQQ_ETF_skewness_10d,0.0859452516779652,0.0850213183057049,0.0814892881055568,0.0051121041691888,0.1686262659312623,4.0,0.0,4.0,stocks,QQQ_ETF_skewness_10d,2.109363173393695,0.12544298639914708,False,False,4000.0,1.0,10d,4000000.0
stocks_QQQ_ETF_cumret_10d,-0.0620118961546916,0.0653230842852707,0.2490957811019698,-0.3490357389372679,0.0976769661879221,2.0,1.0,3.0,stocks,QQQ_ETF_cumret_10d,-0.431190581945836,0.7083569668616532,False,False,1.9980019980019983,0.3333333333333333,10d,1.9999980000020001
stocks_QQQ_ETF_skewness_20d,0.1085734567599111,0.0909935487492892,0.1344863632173546,-0.01625841386378,0.2509852353942242,2.0,1.0,3.0,stocks,QQQ_ETF_skewness_20d,1.3983183050137036,0.29690072003815615,False,False,1.9980019980019983,0.3333333333333333,20d,1.9999980000020001
stocks_QQQ_ETF_cumret_20d,0.1196876177269027,0.1196876177269027,,0.1196876177269027,0.1196876177269027,1.0,0.0,1.0,stocks,QQQ_ETF_cumret_20d,,,False,False,1000.0,1.0,20d,1000000.0
stocks_IWM_ETF_kurtosis_5d,0.0634458323997845,0.0634458323997845,,0.0634458323997845,0.0634458323997845,1.0,0.0,1.0,stocks,IWM_ETF_kurtosis_5d,,,False,False,1000.0,1.0,5d,1000000.0
stocks_VTI_ETF_cumret_10d,0.1302090450162034,0.1302090450162034,0.2207868945076609,-0.0259108652872825,0.2863289553196894,1.0,1.0,2.0,stocks,VTI_ETF_cumret_10d,0.8340322817447586,0.5574533650762596,False,False,0.9990009990009991,0.0,10d,0.9999990000010001
stocks_VTI_ETF_kurtosis_20d,0.0442789258740088,0.0442789258740088,0.2948534584771566,-0.1642139540714946,0.2527718058195124,1.0,1.0,2.0,stocks,VTI_ETF_kurtosis_20d,0.21237620145869035,0.8667765281787563,False,False,0.9990009990009991,0.0,20d,0.9999990000010001
stocks_VTI_ETF_cumret_20d,0.2432998725384222,0.2432998725384222,0.0725285734260736,0.1920144264390592,0.2945853186377853,2.0,0.0,2.0,stocks,VTI_ETF_cumret_20d,4.744033464524038,0.13225760048788282,False,False,2000.0,1.0,20d,2000000.0
stocks_DXY_skewness_5d,0.2050628908297077,0.2050628908297077,,0.2050628908297077,0.2050628908297077,1.0,0.0,1.0,stocks,DXY_skewness_5d,,,False,False,1000.0,1.0,5d,1000000.0
stocks_DXY_kurtosis_5d,0.0581408823021509,0.0581408823021509,,0.0581408823021509,0.0581408823021509,1.0,0.0,1.0,stocks,DXY_kurtosis_5d,,,False,False,1000.0,1.0,5d,1000000.0
stocks_DXY_cumret_5d,-0.0017856565584704,-0.0017856565584704,,-0.0017856565584704,-0.0017856565584704,0.0,1.0,1.0,stocks,DXY_cumret_5d,,,False,False,0.0,1.0,5d,0.0
stocks_DXY_skewness_10d,0.3067600157375777,0.3067600157375777,,0.3067600157375777,0.3067600157375777,1.0,0.0,1.0,stocks,DXY_skewness_10d,,,False,False,1000.0,1.0,10d,1000000.0
stocks_DXY_skewness_20d,0.0119005421129372,-0.0059361606431555,0.1192874760613584,-0.1539842800029593,0.1571640290266013,2.0,3.0,5.0,stocks,DXY_skewness_20d,0.22307808004872906,0.8344036449524281,False,False,0.6664445184938355,0.2,20d,0.6666664444445185
stocks_DXY_kurtosis_20d,0.040582795585943,0.040582795585943,0.1009349223955669,-0.0307889724985002,0.1119545636703863,1.0,1.0,2.0,stocks,DXY_kurtosis_20d,0.5686113245496118,0.6708549941177204,False,False,0.9990009990009991,0.0,20d,0.9999990000010001
stocks_DXY_cumret_20d,0.156423795284802,0.1819977351973525,0.0983997955322277,0.0477619070297549,0.2395117436272985,3.0,0.0,3.0,stocks,DXY_cumret_20d,2.753399633409749,0.1104731100822165,False,False,3000.0,1.0,20d,3000000.0
stocks_OIL_kurtosis_20d,-0.100342296152074,-0.0521648089563003,0.109037254669987,-0.2629856919397692,-0.0340538747559262,0.0,4.0,4.0,stocks,OIL_kurtosis_20d,-1.8405139868161717,0.16295450475125728,False,False,0.0,1.0,20d,0.0
crypto_BTC_skewness_5d,-0.0184180060654335,-0.0184180060654335,0.149888252841754,-0.1244050060700416,0.0875689939391745,1.0,1.0,2.0,crypto,BTC_skewness_5d,-0.17377608635618266,0.8904645547276089,False,False,0.9990009990009991,0.0,5d,0.9999990000010001
crypto_BTC_kurtosis_5d,0.0312047452122433,0.1394585485501093,0.2117794279902025,-0.2128204494111613,0.166976136497782,2.0,1.0,3.0,crypto,BTC_kurtosis_5d,0.25520988822081186,0.8224079256512549,False,False,1.9980019980019983,0.3333333333333333,5d,1.9999980000020001
crypto_BTC_kurtosis_10d,-0.0535174863070898,-0.0535174863070898,0.1708876488882133,-0.1743533016569712,0.0673183290427916,1.0,1.0,2.0,crypto,BTC_kurtosis_10d,-0.4428942375414884,0.7345747024492213,False,False,0.9990009990009991,0.0,10d,0.9999990000010001
crypto_BTC_skewness_20d,-0.0071030469909191,-0.0223468720958729,0.1006478506662833,-0.0958614232721899,0.112142979500259,2.0,2.0,4.0,crypto,BTC_skewness_20d,-0.14114652114073603,0.8966990850502974,False,False,0.9995002498750625,0.0,20d,0.99999950000025
crypto_ETH_skewness_5d,0.1418281553162724,0.1418281553162724,,0.1418281553162724,0.1418281553162724,1.0,0.0,1.0,crypto,ETH_skewness_5d,,,False,False,1000.0,1.0,5d,1000000.0
crypto_ETH_kurtosis_5d,0.084397540739875,0.084397540739875,0.0284440522285313,0.0642845585246562,0.1045105229550938,2.0,0.0,2.0,crypto,ETH_kurtosis_5d,4.196172394365976,0.1489363692639818,False,False,2000.0,1.0,5d,2000000.0
crypto_ETH_cumret_5d,0.10644109571177,0.10644109571177,,0.10644109571177,0.10644109571177,1.0,0.0,1.0,crypto,ETH_cumret_5d,,,False,False,1000.0,1.0,5d,1000000.0
crypto_ETH_skewness_10d,0.0618677432260263,0.1409077580014001,0.2013703816395974,-0.1670316126923507,0.2117270843690296,2.0,1.0,3.0,crypto,ETH_skewness_10d,0.5321441700840044,0.6478242254461652,False,False,1.9980019980019983,0.3333333333333333,10d,1.9999980000020001
crypto_ETH_cumret_10d,0.0917548904698931,0.2014918165124979,0.2707980383169051,-0.2166878868131734,0.2904607417103548,2.0,1.0,3.0,crypto,ETH_cumret_10d,0.5868732769429781,0.6167107815238557,False,False,1.9980019980019983,0.3333333333333333,10d,1.9999980000020001
crypto_ETH_skewness_20d,-0.0542239620475296,-0.0542239620475296,0.316608511915442,-0.2780999878043205,0.1696520637092612,1.0,1.0,2.0,crypto,ETH_skewness_20d,-0.24220530922965441,0.8487205933370108,False,False,0.9990009990009991,0.0,20d,0.9999990000010001
crypto_ETH_cumret_20d,-0.0478413528971018,-0.0478413528971018,0.2692658944907661,-0.238241092833784,0.1425583870395803,1.0,1.0,2.0,crypto,ETH_cumret_20d,-0.2512679529552485,0.8432822448565587,False,False,0.9990009990009991,0.0,20d,0.9999990000010001
crypto_XRP_kurtosis_5d,0.155235433546701,0.2020150220561887,0.1994460356240089,-0.0634425418668003,0.3271338204507147,2.0,1.0,3.0,crypto,XRP_kurtosis_5d,1.3481123211932198,0.31001149615252377,False,False,1.9980019980019983,0.3333333333333333,5d,1.9999980000020001
crypto_ADA_kurtosis_5d,0.1871305373244615,0.1871305373244615,,0.1871305373244615,0.1871305373244615,1.0,0.0,1.0,crypto,ADA_kurtosis_5d,,,False,False,1000.0,1.0,5d,1000000.0
crypto_ADA_skewness_10d,0.2814713108617579,0.2814713108617579,0.1492653352830379,0.1759247800870382,0.3870178416364777,2.0,0.0,2.0,crypto,ADA_skewness_10d,2.666798319146415,0.22839016983025995,False,False,2000.0,1.0,10d,2000000.0
crypto_ADA_kurtosis_10d,0.0883399072706047,0.0551859834905085,0.0722394209044769,0.0386285071647348,0.1712052311565707,3.0,0.0,3.0,crypto,ADA_kurtosis_10d,2.118084638731208,0.16834083202821382,False,False,3000.0,1.0,10d,3000000.0
crypto_ADA_cumret_10d,0.1457463480015376,0.1457463480015376,0.0362121475192345,0.1201404929293593,0.171352203073716,2.0,0.0,2.0,crypto,ADA_cumret_10d,5.691914899569051,0.11071642222914146,False,False,2000.0,1.0,10d,2000000.0
crypto_ADA_skewness_20d,-0.0371926555073912,-0.040757166264963,0.1301387263162569,-0.1654043877789446,0.0981480982793058,2.0,2.0,4.0,crypto,ADA_skewness_20d,-0.5715847474487707,0.6076211455156231,False,False,0.9995002498750625,0.0,20d,0.99999950000025
crypto_ADA_cumret_20d,0.0276744380857462,0.0011584032067871,0.3484898853254513,-0.3068000208051704,0.388664931855622,2.0,1.0,3.0,crypto,ADA_cumret_20d,0.13754641053833438,0.9031967781030192,False,False,1.9980019980019983,0.3333333333333333,20d,1.9999980000020001
crypto_SOL_skewness_10d,0.1548384758993942,0.1548384758993942,,0.1548384758993942,0.1548384758993942,1.0,0.0,1.0,crypto,SOL_skewness_10d,,,False,False,1000.0,1.0,10d,1000000.0
crypto_SOL_kurtosis_10d,0.1110231694981899,0.1747202384192544,0.1213232794227499,-0.0288825289452986,0.1872317990206141,2.0,1.0,3.0,crypto,SOL_kurtosis_10d,1.585003070335218,0.25383604495811984,False,False,1.9980019980019983,0.3333333333333333,10d,1.9999980000020001
crypto_SOL_cumret_10d,0.2836258413067533,0.2836258413067533,0.1292573825885396,0.1922270695599729,0.3750246130535336,2.0,0.0,2.0,crypto,SOL_cumret_10d,3.1031690676603043,0.19846221034106004,False,False,2000.0,1.0,10d,2000000.0
crypto_DOGE_skewness_10d,0.170730097631631,0.170730097631631,0.0432053018715313,0.1401793356950594,0.2012808595682027,2.0,0.0,2.0,crypto,DOGE_skewness_10d,5.5884071888647044,0.1127248760842281,False,False,2000.0,1.0,10d,2000000.0
crypto_DOGE_kurtosis_10d,0.0437812698502116,0.1434765232952383,0.2390895272545392,-0.2290225058639766,0.2168897921193732,2.0,1.0,3.0,crypto,DOGE_kurtosis_10d,0.3171673166584098,0.7811647632495031,False,False,1.9980019980019983,0.3333333333333333,10d,1.9999980000020001
crypto_DOGE_skewness_20d,-0.0464132310581586,-0.0346349634317755,0.08297514757722,-0.1595561844882918,0.0488106761531172,2.0,3.0,5.0,crypto,DOGE_skewness_20d,-1.250773788680067,0.27918527110147995,False,False,0.6664445184938355,0.2,20d,0.6666664444445185
crypto_DOGE_cumret_20d,-0.0228247865010155,-0.0228247865010155,,-0.0228247865010155,-0.0228247865010155,0.0,1.0,1.0,crypto,DOGE_cumret_20d,,,False,False,0.0,1.0,20d,0.0
crypto_MATIC_skewness_10d,0.1177251082079278,0.1177251082079278,0.3040330138370475,-0.0972586975808319,0.3327089139966876,1.0,1.0,2.0,crypto,MATIC_skewness_10d,0.5475998890986372,0.681054354705505,False,False,0.9990009990009991,0.0,10d,0.9999990000010001
crypto_MATIC_skewness_20d,-0.0572900294522429,-0.0633019059645006,0.0882050225657697,-0.155964767638805,0.0534084617588344,1.0,3.0,4.0,crypto,MATIC_skewness_20d,-1.2990196654510198,0.28476253225715387,False,False,0.33322225924691773,0.5,20d,0.33333322222225925
crypto_MATIC_kurtosis_20d,0.0067444535546627,-0.0758673791012668,0.2432364104712335,-0.1844263283214117,0.2805270680866666,1.0,2.0,3.0,crypto,MATIC_kurtosis_20d,0.048026264667089646,0.9660598678556975,False,False,0.49975012493753124,0.3333333333333333,20d,0.499999750000125
crypto_DOT_cumret_5d,0.1900908266529038,0.1900908266529038,0.2701735186274307,-0.0009507004655824,0.3811323537713901,1.0,1.0,2.0,crypto,DOT_cumret_5d,0.9950235926192486,0.501587987618294,False,False,0.9990009990009991,0.0,5d,0.9999990000010001
crypto_DOT_skewness_20d,-0.0560949578795547,-0.0206813394406907,0.2271937785914446,-0.3361600223470232,0.1531428697101857,2.0,2.0,4.0,crypto,DOT_skewness_20d,-0.4938071652078862,0.6553342948979102,False,False,0.9995002498750625,0.0,20d,0.99999950000025
crypto_DOT_kurtosis_20d,0.1130978549840662,0.1349960870509387,0.2141391466636868,-0.1111489982809473,0.3154464761822074,2.0,1.0,3.0,crypto,DOT_kurtosis_20d,0.9147847748133312,0.45687201373240116,False,False,1.9980019980019983,0.3333333333333333,20d,1.9999980000020001
crypto_DOT_cumret_20d,0.0082103150453629,0.0082103150453629,0.1864197502916868,-0.1236083545329916,0.1400289846237175,1.0,1.0,2.0,crypto,DOT_cumret_20d,0.06228491815025177,0.9603993457879267,False,False,0.9990009990009991,0.0,20d,0.9999990000010001
fixed_income_Treasury_Bond_ETF_skewness_10d,0.0292247556567265,0.0084158303616691,0.2053319842390688,-0.1649104238744718,0.2441688604829824,2.0,1.0,3.0,fixed,income_Treasury_Bond_ETF_skewness_10d,0.2465215627454349,0.8282725002620284,False,False,1.9980019980019983,0.3333333333333333,10d,1.9999980000020001
fixed_income_Treasury_7_10Y_ETF_cumret_1d,0.1177850689956233,0.1177850689956233,,0.1177850689956233,0.1177850689956233,1.0,0.0,1.0,fixed,income_Treasury_7_10Y_ETF_cumret_1d,,,False,False,1000.0,1.0,1d,1000000.0
fixed_income_Treasury_1_3Y_ETF_kurtosis_5d,0.0281538246335748,0.032186222470868,0.1718792558284163,-0.1457061504595131,0.1979814018893696,2.0,1.0,3.0,fixed,income_Treasury_1_3Y_ETF_kurtosis_5d,0.28370994776365444,0.8033057754152062,False,False,1.9980019980019983,0.3333333333333333,5d,1.9999980000020001
fixed_income_High_Yield_Bonds_skewness_10d,0.1709553279339984,0.1709553279339984,,0.1709553279339984,0.1709553279339984,1.0,0.0,1.0,fixed,income_High_Yield_Bonds_skewness_10d,,,False,False,1000.0,1.0,10d,1000000.0
fixed_income_High_Yield_Bonds_kurtosis_10d,0.0710482689736556,0.0710482689736556,0.2656161464721036,-0.116770709389408,0.2588672473367194,1.0,1.0,2.0,fixed,income_High_Yield_Bonds_kurtosis_10d,0.3782805635132125,0.7697704864647936,False,False,0.9990009990009991,0.0,10d,0.9999990000010001
stocks_DJI_cumret_1d,-0.095891527646398,-0.095891527646398,0.1882473758913734,-0.2290025236797612,0.0372194683869651,1.0,1.0,2.0,stocks,DJI_cumret_1d,-0.7203877253113155,0.6025720543038182,False,False,0.9990009990009991,0.0,1d,0.9999990000010001
stocks_DJI_cumret_5d,0.2289300012437382,0.2289300012437382,,0.2289300012437382,0.2289300012437382,1.0,0.0,1.0,stocks,DJI_cumret_5d,,,False,False,1000.0,1.0,5d,1000000.0
stocks_NASDAQ_kurtosis_10d,0.1059125374959715,0.1802579491753458,0.1513606543793435,-0.0682441729421042,0.2057238362546729,2.0,1.0,3.0,stocks,NASDAQ_kurtosis_10d,1.2119787460868803,0.3492718650035407,False,False,1.9980019980019983,0.3333333333333333,10d,1.9999980000020001
stocks_RUSSELL2000_skewness_10d,0.2136325181650591,0.2136325181650591,,0.2136325181650591,0.2136325181650591,1.0,0.0,1.0,stocks,RUSSELL2000_skewness_10d,,,False,False,1000.0,1.0,10d,1000000.0
stocks_RUSSELL2000_cumret_10d,0.1294995079491762,0.1294995079491762,,0.1294995079491762,0.1294995079491762,1.0,0.0,1.0,stocks,RUSSELL2000_cumret_10d,,,False,False,1000.0,1.0,10d,1000000.0
stocks_RUSSELL2000_kurtosis_20d,-0.2933099614506159,-0.2933099614506159,,-0.2933099614506159,-0.2933099614506159,0.0,1.0,1.0,stocks,RUSSELL2000_kurtosis_20d,,,False,False,0.0,1.0,20d,0.0
stocks_IWM_ETF_skewness_10d,0.2237246246603765,0.2237246246603765,,0.2237246246603765,0.2237246246603765,1.0,0.0,1.0,stocks,IWM_ETF_skewness_10d,,,False,False,1000.0,1.0,10d,1000000.0
stocks_IWM_ETF_kurtosis_10d,0.0372818525615187,0.0372818525615187,0.0990219592811924,-0.0327372463325905,0.1073009514556281,1.0,1.0,2.0,stocks,IWM_ETF_kurtosis_10d,0.5324526186476701,0.6885201539808563,False,False,0.9990009990009991,0.0,10d,0.9999990000010001
stocks_IWM_ETF_cumret_10d,0.142154962926836,0.142154962926836,,0.142154962926836,0.142154962926836,1.0,0.0,1.0,stocks,IWM_ETF_cumret_10d,,,False,False,1000.0,1.0,10d,1000000.0
stocks_IWM_ETF_kurtosis_20d,-0.2304725899196439,-0.2304725899196439,0.1071315072643684,-0.3062260051850147,-0.1547191746542732,0.0,2.0,2.0,stocks,IWM_ETF_kurtosis_20d,-3.042405271264384,0.20216708867696576,False,False,0.0,1.0,20d,0.0
stocks_VTI_ETF_kurtosis_10d,0.0355503243459142,0.0194819116507763,0.1024178634989793,-0.0578835596048447,0.145052620991811,2.0,1.0,3.0,stocks,VTI_ETF_kurtosis_10d,0.6012131662294427,0.6087643360931732,False,False,1.9980019980019983,0.3333333333333333,10d,1.9999980000020001
stocks_GOLD_cumret_5d,-0.0291105860834183,-0.0291105860834183,,-0.0291105860834183,-0.0291105860834183,0.0,1.0,1.0,stocks,GOLD_cumret_5d,,,False,False,0.0,1.0,5d,0.0
stocks_GOLD_skewness_10d,0.0606283230412249,0.0606283230412249,0.1677628429610224,-0.0579979208476478,0.1792545669300977,1.0,1.0,2.0,stocks,GOLD_skewness_10d,0.5110869319778899,0.6992113132266753,False,False,0.9990009990009991,0.0,10d,0.9999990000010001
stocks_OIL_skewness_10d,-0.1985800928723181,-0.2153407384785405,0.0809399144359473,-0.2698275310451721,-0.1105720090932417,0.0,3.0,3.0,stocks,OIL_skewness_10d,-4.249458535056774,0.051164580348697086,False,False,0.0,1.0,10d,0.0
stocks_OIL_cumret_10d,-0.0001253420999977,0.0626519904532807,0.2550912810920786,-0.2807444571129805,0.2177164403597066,2.0,1.0,3.0,stocks,OIL_cumret_10d,-0.0008510635275104934,0.9993982073174477,False,False,1.9980019980019983,0.3333333333333333,10d,1.9999980000020001
crypto_BTC_skewness_10d,-0.0839446575710615,-0.0839446575710615,0.0586978243771817,-0.1254502872290638,-0.0424390279130592,0.0,2.0,2.0,crypto,BTC_skewness_10d,-2.0224884735576376,0.29232945977802616,False,False,0.0,1.0,10d,0.0
crypto_BTC_cumret_10d,0.0070185892927198,0.0070185892927198,0.1642565628963629,-0.1091283401856929,0.1231655187711327,1.0,1.0,2.0,crypto,BTC_cumret_10d,0.06042853930137069,0.961576720533416,False,False,0.9990009990009991,0.0,10d,0.9999990000010001
crypto_BNB_cumret_1d,-0.0069525615118611,-0.0069525615118611,,-0.0069525615118611,-0.0069525615118611,0.0,1.0,1.0,crypto,BNB_cumret_1d,,,False,False,0.0,1.0,1d,0.0
crypto_BNB_skewness_10d,0.1697257013915822,0.1697257013915822,0.1016573668894457,0.0978430879064863,0.2416083148766781,2.0,0.0,2.0,crypto,BNB_skewness_10d,2.361150953794594,0.25504154819836256,False,False,2000.0,1.0,10d,2000000.0
crypto_BNB_kurtosis_10d,0.2611466256154607,0.2611466256154607,0.0047602111479925,0.2577806480328354,0.264512603198086,2.0,0.0,2.0,crypto,BNB_kurtosis_10d,77.58418444717603,0.008205081049532215,True,True,2000.0,1.0,10d,2000000.0
crypto_XRP_kurtosis_10d,-0.0409686937115653,-0.0409686937115653,0.2747819180136335,-0.2352688512864515,0.1533314638633208,1.0,1.0,2.0,crypto,XRP_kurtosis_10d,-0.2108526015774092,0.8677049083667145,False,False,0.9990009990009991,0.0,10d,0.9999990000010001
crypto_XRP_cumret_10d,0.1993899707216293,0.1993899707216293,0.0247152616883675,0.1819136415829845,0.2168662998602741,2.0,0.0,2.0,crypto,XRP_cumret_10d,11.409144857584876,0.05565684453158948,False,False,2000.0,1.0,10d,2000000.0
crypto_SOL_skewness_20d,-0.2073409206235417,-0.2073409206235417,,-0.2073409206235417,-0.2073409206235417,0.0,1.0,1.0,crypto,SOL_skewness_20d,,,False,False,0.0,1.0,20d,0.0
crypto_SOL_kurtosis_20d,-0.0247531680171251,-0.1319963151784615,0.246470531267016,-0.178211722402035,0.3431916806904574,1.0,3.0,4.0,crypto,SOL_kurtosis_20d,-0.20086107568217587,0.8536539657858282,False,False,0.33322225924691773,0.5,20d,0.33333322222225925
crypto_DOT_kurtosis_10d,0.0760561580573388,0.0760561580573388,,0.0760561580573388,0.0760561580573388,1.0,0.0,1.0,crypto,DOT_kurtosis_10d,,,False,False,1000.0,1.0,10d,1000000.0
crypto_DOT_cumret_10d,-0.0576977722372226,-0.0576977722372226,,-0.0576977722372226,-0.0576977722372226,0.0,1.0,1.0,crypto,DOT_cumret_10d,,,False,False,0.0,1.0,10d,0.0
crypto_AVAX_cumret_1d,0.1637592739035501,0.1637592739035501,,0.1637592739035501,0.1637592739035501,1.0,0.0,1.0,crypto,AVAX_cumret_1d,,,False,False,1000.0,1.0,1d,1000000.0
crypto_AVAX_skewness_5d,-0.1350533675292064,-0.1350533675292064,0.0664878181930617,-0.1820673546398187,-0.0880393804185942,0.0,2.0,2.0,crypto,AVAX_skewness_5d,-2.872621018325023,0.21326366427425425,False,False,0.0,1.0,5d,0.0
crypto_AVAX_skewness_20d,0.0093273609813649,-0.0479089010826361,0.1395823602081201,-0.0925391546312688,0.168430138658,1.0,2.0,3.0,crypto,AVAX_skewness_20d,0.11574143821734632,0.9184311639363627,False,False,0.49975012493753124,0.3333333333333333,20d,0.499999750000125
fixed_income_Treasury_10Y_Yield_skewness_10d,0.0098794399796583,-0.0364308071496338,0.1099008284658206,-0.0692870512572203,0.1353561783458293,1.0,2.0,3.0,fixed,income_Treasury_10Y_Yield_skewness_10d,0.15570121020895836,0.8905638819030703,False,False,0.49975012493753124,0.3333333333333333,10d,0.499999750000125
fixed_income_Treasury_10Y_Yield_kurtosis_10d,-0.0346332341501126,-0.0346332341501126,,-0.0346332341501126,-0.0346332341501126,0.0,1.0,1.0,fixed,income_Treasury_10Y_Yield_kurtosis_10d,,,False,False,0.0,1.0,10d,0.0
fixed_income_Treasury_10Y_Yield_cumret_10d,-0.0342713222040726,-0.0342713222040726,,-0.0342713222040726,-0.0342713222040726,0.0,1.0,1.0,fixed,income_Treasury_10Y_Yield_cumret_10d,,,False,False,0.0,1.0,10d,0.0
fixed_income_Treasury_5Y_Yield_cumret_1d,-0.1008375906049992,-0.1008375906049992,,-0.1008375906049992,-0.1008375906049992,0.0,1.0,1.0,fixed,income_Treasury_5Y_Yield_cumret_1d,,,False,False,0.0,1.0,1d,0.0
fixed_income_Treasury_5Y_Yield_cumret_5d,-0.0904844417535598,-0.0904844417535598,0.0433981000821134,-0.1211715326122346,-0.0597973508948849,0.0,2.0,2.0,fixed,income_Treasury_5Y_Yield_cumret_5d,-2.948615825797022,0.2081551688268699,False,False,0.0,1.0,5d,0.0
fixed_income_Treasury_5Y_Yield_kurtosis_10d,-0.0686417350537311,-0.0686417350537311,0.0308736959155939,-0.090472734795939,-0.0468107353115232,0.0,2.0,2.0,fixed,income_Treasury_5Y_Yield_kurtosis_10d,-3.144232323956277,0.19603203942210223,False,False,0.0,1.0,10d,0.0
fixed_income_Treasury_5Y_Yield_cumret_10d,0.0336047847950983,0.0336047847950983,,0.0336047847950983,0.0336047847950983,1.0,0.0,1.0,fixed,income_Treasury_5Y_Yield_cumret_10d,,,False,False,1000.0,1.0,10d,1000000.0
fixed_income_Treasury_5Y_Yield_cumret_20d,0.0194839140005984,-0.0277213507558892,0.1974377650054038,-0.1500725028132199,0.2362455955709044,1.0,2.0,3.0,fixed,income_Treasury_5Y_Yield_cumret_20d,0.17092540010476398,0.8800106997875443,False,False,0.49975012493753124,0.3333333333333333,20d,0.499999750000125
fixed_income_Treasury_30Y_Yield_kurtosis_10d,-0.0607402225235838,-0.0607402225235838,,-0.0607402225235838,-0.0607402225235838,0.0,1.0,1.0,fixed,income_Treasury_30Y_Yield_kurtosis_10d,,,False,False,0.0,1.0,10d,0.0
fixed_income_Treasury_Bond_ETF_cumret_10d,-0.0588773192751126,-0.0588773192751126,,-0.0588773192751126,-0.0588773192751126,0.0,1.0,1.0,fixed,income_Treasury_Bond_ETF_cumret_10d,,,False,False,0.0,1.0,10d,0.0
fixed_income_Treasury_7_10Y_ETF_skewness_10d,0.1129233964278132,0.1129233964278132,,0.1129233964278132,0.1129233964278132,1.0,0.0,1.0,fixed,income_Treasury_7_10Y_ETF_skewness_10d,,,False,False,1000.0,1.0,10d,1000000.0
fixed_income_Treasury_7_10Y_ETF_kurtosis_10d,-0.1050796348102887,-0.1050796348102887,0.1641115363137792,-0.2211240150087043,0.0109647453881269,1.0,1.0,2.0,fixed,income_Treasury_7_10Y_ETF_kurtosis_10d,-0.9055124826434584,0.5315418521894877,False,False,0.9990009990009991,0.0,10d,0.9999990000010001
fixed_income_Treasury_7_10Y_ETF_cumret_10d,-0.0013993544322432,-0.0013993544322432,0.0345346807031965,-0.0258190613435856,0.0230203524790992,1.0,1.0,2.0,fixed,income_Treasury_7_10Y_ETF_cumret_10d,-0.05730430906986966,0.9635587972791351,False,False,0.9990009990009991,0.0,10d,0.9999990000010001
fixed_income_Treasury_1_3Y_ETF_skewness_5d,0.11193105836811,0.0423369082760437,0.2084622908332212,-0.0528314251245465,0.3462876919528328,2.0,1.0,3.0,fixed,income_Treasury_1_3Y_ETF_skewness_5d,0.9300016768674417,0.4505492614169644,False,False,1.9980019980019983,0.3333333333333333,5d,1.9999980000020001
fixed_income_Treasury_1_3Y_ETF_cumret_5d,-0.0128130305709747,0.0593209795080035,0.1818646404072436,-0.219678925750009,0.1219188545290813,2.0,1.0,3.0,fixed,income_Treasury_1_3Y_ETF_cumret_5d,-0.12202932850589195,0.9140316827207504,False,False,1.9980019980019983,0.3333333333333333,5d,1.9999980000020001
fixed_income_Treasury_1_3Y_ETF_kurtosis_10d,-0.0436018132376357,-0.016908584924358,0.1249057703114004,-0.1796963606915229,0.0657995059029739,1.0,2.0,3.0,fixed,income_Treasury_1_3Y_ETF_kurtosis_10d,-0.6046202320472087,0.6068890190872378,False,False,0.49975012493753124,0.3333333333333333,10d,0.499999750000125
fixed_income_Treasury_1_3Y_ETF_cumret_10d,0.0050829049693598,-0.0064931919245599,0.0333599564016616,-0.0209470002678457,0.0426889071004852,1.0,2.0,3.0,fixed,income_Treasury_1_3Y_ETF_cumret_10d,0.26390471111458036,0.8165578462323628,False,False,0.49975012493753124,0.3333333333333333,10d,0.499999750000125
fixed_income_Treasury_1_3Y_ETF_kurtosis_20d,-0.0679127669067108,-0.0679127669067108,0.1383541900538037,-0.1657439528993278,0.0299184190859062,1.0,1.0,2.0,fixed,income_Treasury_1_3Y_ETF_kurtosis_20d,-0.6941832118015616,0.6136918632400166,False,False,0.9990009990009991,0.0,20d,0.9999990000010001
fixed_income_Treasury_1_3Y_ETF_cumret_20d,-0.0477910616066082,-0.0477910616066082,0.2006810575908088,-0.1896939982847573,0.0941118750715407,1.0,1.0,2.0,fixed,income_Treasury_1_3Y_ETF_cumret_20d,-0.33678698077266317,0.7931904955269797,False,False,0.9990009990009991,0.0,20d,0.9999990000010001
fixed_income_Investment_Grade_Bonds_cumret_20d,-0.0968072281650501,-0.1033684369503029,0.2064132937208145,-0.2998616928448731,0.1128084453000257,1.0,2.0,3.0,fixed,income_Investment_Grade_Bonds_cumret_20d,-0.8123267387446926,0.5019187915524479,False,False,0.49975012493753124,0.3333333333333333,20d,0.499999750000125
stocks_SP500_skewness_10d,0.2224693621909519,0.2224693621909519,,0.2224693621909519,0.2224693621909519,1.0,0.0,1.0,stocks,SP500_skewness_10d,,,False,False,1000.0,1.0,10d,1000000.0
stocks_DJI_cumret_10d,0.0566711950230509,0.0566711950230509,,0.0566711950230509,0.0566711950230509,1.0,0.0,1.0,stocks,DJI_cumret_10d,,,False,False,1000.0,1.0,10d,1000000.0
stocks_NASDAQ_skewness_20d,0.0802144325140484,0.0802144325140484,0.1295403024221773,-0.0113843937656292,0.1718132587937262,1.0,1.0,2.0,stocks,NASDAQ_skewness_20d,0.8757146327304516,0.5421210300918888,False,False,0.9990009990009991,0.0,20d,0.9999990000010001
stocks_RUSSELL2000_cumret_1d,-0.0125242746661343,-0.0125242746661343,,-0.0125242746661343,-0.0125242746661343,0.0,1.0,1.0,stocks,RUSSELL2000_cumret_1d,,,False,False,0.0,1.0,1d,0.0
stocks_RUSSELL2000_cumret_20d,0.118035538615914,0.065640760922774,0.2050621108541146,-0.0557459708263354,0.3442118257513036,2.0,1.0,3.0,stocks,RUSSELL2000_cumret_20d,0.9969835438150082,0.4238125176145262,False,False,1.9980019980019983,0.3333333333333333,20d,1.9999980000020001
stocks_SPY_ETF_skewness_10d,0.2180608029635855,0.2180608029635855,,0.2180608029635855,0.2180608029635855,1.0,0.0,1.0,stocks,SPY_ETF_skewness_10d,,,False,False,1000.0,1.0,10d,1000000.0
stocks_IWM_ETF_cumret_1d,-0.0357121600119361,-0.0357121600119361,,-0.0357121600119361,-0.0357121600119361,0.0,1.0,1.0,stocks,IWM_ETF_cumret_1d,,,False,False,0.0,1.0,1d,0.0
stocks_IWM_ETF_cumret_20d,0.1065013645657198,0.0254602956208342,0.2055106188849553,-0.0461331509415883,0.3401769490179136,2.0,1.0,3.0,stocks,IWM_ETF_cumret_20d,0.8975972896393554,0.46412635898907184,False,False,1.9980019980019983,0.3333333333333333,20d,1.9999980000020001
stocks_VTI_ETF_skewness_10d,0.2167837452417522,0.2167837452417522,,0.2167837452417522,0.2167837452417522,1.0,0.0,1.0,stocks,VTI_ETF_skewness_10d,,,False,False,1000.0,1.0,10d,1000000.0
stocks_DXY_cumret_10d,0.0427374130659446,0.0427374130659446,,0.0427374130659446,0.0427374130659446,1.0,0.0,1.0,stocks,DXY_cumret_10d,,,False,False,1000.0,1.0,10d,1000000.0
stocks_GOLD_skewness_5d,0.1894610708799662,0.1894610708799662,,0.1894610708799662,0.1894610708799662,1.0,0.0,1.0,stocks,GOLD_skewness_5d,,,False,False,1000.0,1.0,5d,1000000.0
stocks_GOLD_kurtosis_5d,0.1437154725018065,0.1437154725018065,,0.1437154725018065,0.1437154725018065,1.0,0.0,1.0,stocks,GOLD_kurtosis_5d,,,False,False,1000.0,1.0,5d,1000000.0
stocks_GOLD_kurtosis_10d,-0.0003255168854569,-0.0003255168854569,,-0.0003255168854569,-0.0003255168854569,0.0,1.0,1.0,stocks,GOLD_kurtosis_10d,,,False,False,0.0,1.0,10d,0.0
stocks_GOLD_cumret_10d,0.1019411241369273,0.1019411241369273,0.0812449188325537,0.0444922910934779,0.1593899571803767,2.0,0.0,2.0,stocks,GOLD_cumret_10d,1.774468143849463,0.32670440375764565,False,False,2000.0,1.0,10d,2000000.0
stocks_GOLD_skewness_20d,0.1550589035228529,0.1550589035228529,,0.1550589035228529,0.1550589035228529,1.0,0.0,1.0,stocks,GOLD_skewness_20d,,,False,False,1000.0,1.0,20d,1000000.0
stocks_GOLD_kurtosis_20d,-0.0941344895666702,-0.0941344895666702,0.3744589971826875,-0.3589169857508628,0.1706480066175224,1.0,1.0,2.0,stocks,GOLD_kurtosis_20d,-0.35551628571847416,0.7825430185545443,False,False,0.9990009990009991,0.0,20d,0.9999990000010001
stocks_GOLD_cumret_20d,0.1603557852422026,0.1603557852422026,,0.1603557852422026,0.1603557852422026,1.0,0.0,1.0,stocks,GOLD_cumret_20d,,,False,False,1000.0,1.0,20d,1000000.0
crypto_XRP_cumret_5d,0.1170531642631781,0.1170531642631781,0.2219110345535631,-0.0398616330897686,0.2739679616161249,1.0,1.0,2.0,crypto,XRP_cumret_5d,0.7459663858207822,0.5919810972940529,False,False,0.9990009990009991,0.0,5d,0.9999990000010001
crypto_XRP_cumret_20d,0.3864644162964564,0.3864644162964564,,0.3864644162964564,0.3864644162964564,1.0,0.0,1.0,crypto,XRP_cumret_20d,,,False,False,1000.0,1.0,20d,1000000.0
crypto_SOL_cumret_1d,0.0710272555438885,0.0710272555438885,,0.0710272555438885,0.0710272555438885,1.0,0.0,1.0,crypto,SOL_cumret_1d,,,False,False,1000.0,1.0,1d,1000000.0
crypto_SOL_cumret_5d,0.3765512945354315,0.3765512945354315,,0.3765512945354315,0.3765512945354315,1.0,0.0,1.0,crypto,SOL_cumret_5d,,,False,False,1000.0,1.0,5d,1000000.0
crypto_DOGE_cumret_5d,0.128639138307542,0.128639138307542,,0.128639138307542,0.128639138307542,1.0,0.0,1.0,crypto,DOGE_cumret_5d,,,False,False,1000.0,1.0,5d,1000000.0
crypto_DOGE_cumret_10d,0.0977987308605797,0.0977987308605797,,0.0977987308605797,0.0977987308605797,1.0,0.0,1.0,crypto,DOGE_cumret_10d,,,False,False,1000.0,1.0,10d,1000000.0
crypto_MATIC_cumret_5d,-0.0892842660701019,-0.0892842660701019,0.3149774023499203,-0.3120069231922542,0.1334383910520502,1.0,1.0,2.0,crypto,MATIC_cumret_5d,-0.40087644078857215,0.7572812626345904,False,False,0.9990009990009991,0.0,5d,0.9999990000010001
crypto_MATIC_cumret_10d,0.134913366430556,0.134913366430556,,0.134913366430556,0.134913366430556,1.0,0.0,1.0,crypto,MATIC_cumret_10d,,,False,False,1000.0,1.0,10d,1000000.0
crypto_MATIC_cumret_20d,0.0591908270237918,0.0591908270237918,0.3438849532561642,-0.1839725553716608,0.3023542094192445,1.0,1.0,2.0,crypto,MATIC_cumret_20d,0.24341998552862182,0.8479903595671137,False,False,0.9990009990009991,0.0,20d,0.9999990000010001
crypto_AVAX_kurtosis_5d,-0.107181974783199,-0.107181974783199,0.1990838936429715,-0.2479555460031656,0.0335915964367675,1.0,1.0,2.0,crypto,AVAX_kurtosis_5d,-0.7613785304609572,0.5857237038806158,False,False,0.9990009990009991,0.0,5d,0.9999990000010001
crypto_AVAX_cumret_5d,-0.0467615102540597,-0.0467615102540597,0.1545108173334859,-0.1560171569572436,0.062494136449124,1.0,1.0,2.0,crypto,AVAX_cumret_5d,-0.4280008554715463,0.7425448201486131,False,False,0.9990009990009991,0.0,5d,0.9999990000010001
crypto_AVAX_skewness_10d,0.2482083328017076,0.2482083328017076,,0.2482083328017076,0.2482083328017076,1.0,0.0,1.0,crypto,AVAX_skewness_10d,,,False,False,1000.0,1.0,10d,1000000.0
crypto_AVAX_kurtosis_10d,0.050466139757856,0.0614158764776541,0.1571948427851164,-0.1119172881122329,0.2018998309081467,2.0,1.0,3.0,crypto,AVAX_kurtosis_10d,0.556060978679604,0.63407566954952,False,False,1.9980019980019983,0.3333333333333333,10d,1.9999980000020001
fixed_income_Treasury_30Y_Yield_cumret_20d,0.0629046732233775,0.0629046732233775,,0.0629046732233775,0.0629046732233775,1.0,0.0,1.0,fixed,income_Treasury_30Y_Yield_cumret_20d,,,False,False,1000.0,1.0,20d,1000000.0
fixed_income_Treasury_Bond_ETF_cumret_20d,-0.1230025351275295,-0.1861401338125788,0.1484383559755379,-0.2294343816129673,0.0465669100429576,1.0,2.0,3.0,fixed,income_Treasury_Bond_ETF_cumret_20d,-1.43525330027076,0.287691539511989,False,False,0.49975012493753124,0.3333333333333333,20d,0.499999750000125
fixed_income_High_Yield_Bonds_skewness_5d,0.1972668106843738,0.1972668106843738,,0.1972668106843738,0.1972668106843738,1.0,0.0,1.0,fixed,income_High_Yield_Bonds_skewness_5d,,,False,False,1000.0,1.0,5d,1000000.0
fixed_income_High_Yield_Bonds_kurtosis_5d,0.1866145406311563,0.1866145406311563,,0.1866145406311563,0.1866145406311563,1.0,0.0,1.0,fixed,income_High_Yield_Bonds_kurtosis_5d,,,False,False,1000.0,1.0,5d,1000000.0
fixed_income_High_Yield_Bonds_skewness_20d,0.0201637664478225,0.0958403598798538,0.1944902562995122,-0.2007899302222719,0.1654408696858856,2.0,1.0,3.0,fixed,income_High_Yield_Bonds_skewness_20d,0.1795702706350374,0.8740360259396938,False,False,1.9980019980019983,0.3333333333333333,20d,1.9999980000020001
fixed_income_High_Yield_Bonds_cumret_20d,0.0706439487704879,0.1280726150751374,0.1470345177774846,-0.0964380490759746,0.180297280312301,2.0,1.0,3.0,fixed,income_High_Yield_Bonds_cumret_20d,0.8321781195824398,0.49284957977818067,False,False,1.9980019980019983,0.3333333333333333,20d,1.9999980000020001
stocks_RUSSELL2000_cumret_5d,0.0107968777417815,0.0107968777417815,,0.0107968777417815,0.0107968777417815,1.0,0.0,1.0,stocks,RUSSELL2000_cumret_5d,,,False,False,1000.0,1.0,5d,1000000.0
stocks_RUSSELL2000_skewness_20d,-0.1939268715917323,-0.1939268715917323,0.1536017747813017,-0.3025397281418795,-0.085314015041585,0.0,2.0,2.0,stocks,RUSSELL2000_skewness_20d,-1.785487259532623,0.32502146659787456,False,False,0.0,1.0,20d,0.0
stocks_IWM_ETF_skewness_20d,-0.1844273296436223,-0.1844273296436223,0.1695314841788171,-0.3043041917310838,-0.0645504675561607,0.0,2.0,2.0,stocks,IWM_ETF_skewness_20d,-1.5384731167643109,0.3669296724719633,False,False,0.0,1.0,20d,0.0
crypto_BTC_cumret_5d,-0.3893854926291683,-0.3893854926291683,,-0.3893854926291683,-0.3893854926291683,0.0,1.0,1.0,crypto,BTC_cumret_5d,,,False,False,0.0,1.0,5d,0.0
crypto_BTC_cumret_20d,-0.0365631983046162,-0.0365631983046162,0.2357934311933031,-0.2032943324606445,0.1301679358514119,1.0,1.0,2.0,crypto,BTC_cumret_20d,-0.21929436568457628,0.8625683397491424,False,False,0.9990009990009991,0.0,20d,0.9999990000010001
crypto_DOGE_skewness_5d,-0.1794929222106264,-0.1794929222106264,,-0.1794929222106264,-0.1794929222106264,0.0,1.0,1.0,crypto,DOGE_skewness_5d,,,False,False,0.0,1.0,5d,0.0
crypto_MATIC_skewness_5d,-0.3563528669315694,-0.3563528669315694,,-0.3563528669315694,-0.3563528669315694,0.0,1.0,1.0,crypto,MATIC_skewness_5d,,,False,False,0.0,1.0,5d,0.0
crypto_MATIC_kurtosis_5d,-0.1073626923244043,-0.1073626923244043,0.2707118334372065,-0.2987848654952962,0.0840594808464875,1.0,1.0,2.0,crypto,MATIC_kurtosis_5d,-0.5608686316007729,0.6745922251808532,False,False,0.9990009990009991,0.0,5d,0.9999990000010001
crypto_AVAX_kurtosis_20d,-0.1643634418205528,-0.1643634418205528,0.0960734752962375,-0.2322976476946806,-0.096429235946425,0.0,2.0,2.0,crypto,AVAX_kurtosis_20d,-2.419450403602191,0.2495126674583401,False,False,0.0,1.0,20d,0.0
crypto_AVAX_cumret_20d,-0.2268256225559751,-0.2268256225559751,,-0.2268256225559751,-0.2268256225559751,0.0,1.0,1.0,crypto,AVAX_cumret_20d,,,False,False,0.0,1.0,20d,0.0
stocks_DJI_kurtosis_5d,0.126813535860669,0.126813535860669,,0.126813535860669,0.126813535860669,1.0,0.0,1.0,stocks,DJI_kurtosis_5d,,,False,False,1000.0,1.0,5d,1000000.0
stocks_NASDAQ_cumret_1d,0.0414278947459729,0.0414278947459729,,0.0414278947459729,0.0414278947459729,1.0,0.0,1.0,stocks,NASDAQ_cumret_1d,,,False,False,1000.0,1.0,1d,1000000.0
stocks_NASDAQ_kurtosis_20d,-0.0514925347396815,-0.0514925347396815,,-0.0514925347396815,-0.0514925347396815,0.0,1.0,1.0,stocks,NASDAQ_kurtosis_20d,,,False,False,0.0,1.0,20d,0.0
stocks_SPY_ETF_kurtosis_20d,-0.1362183552923183,-0.1362183552923183,,-0.1362183552923183,-0.1362183552923183,0.0,1.0,1.0,stocks,SPY_ETF_kurtosis_20d,,,False,False,0.0,1.0,20d,0.0
stocks_QQQ_ETF_kurtosis_20d,-0.0397275490425551,-0.0397275490425551,,-0.0397275490425551,-0.0397275490425551,0.0,1.0,1.0,stocks,QQQ_ETF_kurtosis_20d,,,False,False,0.0,1.0,20d,0.0
stocks_OIL_skewness_5d,-0.0166659044009045,-0.0166659044009045,,-0.0166659044009045,-0.0166659044009045,0.0,1.0,1.0,stocks,OIL_skewness_5d,,,False,False,0.0,1.0,5d,0.0
crypto_ETH_kurtosis_10d,0.0582657653399009,0.0582657653399009,,0.0582657653399009,0.0582657653399009,1.0,0.0,1.0,crypto,ETH_kurtosis_10d,,,False,False,1000.0,1.0,10d,1000000.0
crypto_BNB_skewness_5d,-0.0531082625271488,-0.0531082625271488,,-0.0531082625271488,-0.0531082625271488,0.0,1.0,1.0,crypto,BNB_skewness_5d,,,False,False,0.0,1.0,5d,0.0
crypto_BNB_cumret_5d,0.0008258534151325,0.0008258534151325,,0.0008258534151325,0.0008258534151325,1.0,0.0,1.0,crypto,BNB_cumret_5d,,,False,False,1000.0,1.0,5d,1000000.0
crypto_XRP_skewness_5d,-0.0924242585680077,-0.0924242585680077,,-0.0924242585680077,-0.0924242585680077,0.0,1.0,1.0,crypto,XRP_skewness_5d,,,False,False,0.0,1.0,5d,0.0
crypto_MATIC_kurtosis_10d,-0.0039220889377867,-0.0039220889377867,,-0.0039220889377867,-0.0039220889377867,0.0,1.0,1.0,crypto,MATIC_kurtosis_10d,,,False,False,0.0,1.0,10d,0.0
crypto_DOT_kurtosis_5d,0.094012998325648,0.094012998325648,,0.094012998325648,0.094012998325648,1.0,0.0,1.0,crypto,DOT_kurtosis_5d,,,False,False,1000.0,1.0,5d,1000000.0
