Date,VIX_Index,NASDAQ_Volatility,VIX_ETN,Ultra_VIX_Short_Term
2020-09-01,26.1200008392334,34.66999816894531,1745.280029296875,11620.0
2020-09-02,26.56999969482422,36.79999923706055,1788.1600341796875,12040.0
2020-09-03,33.599998474121094,42.09000015258789,2029.43994140625,14450.0
2020-09-04,30.75,41.7400016784668,1850.8800048828125,12650.0
2020-09-08,31.459999084472656,41.02000045776367,1809.9200439453125,12160.0
2020-09-09,28.809999465942383,38.25,1717.1199951171875,11220.0
2020-09-10,29.709999084472656,37.91999816894531,1736.3199462890625,11390.0
2020-09-11,26.8700008392334,35.27000045776367,1633.280029296875,10400.0
2020-09-14,25.850000381469727,33.560001373291016,1604.47998046875,10115.0
2020-09-15,25.59000015258789,33.790000915527344,1601.9200439453125,10095.0
2020-09-16,26.040000915527344,35.47999954223633,1597.43994140625,10030.0
2020-09-17,26.459999084472656,36.27000045776367,1560.9599609375,9725.0
2020-09-18,25.829999923706055,36.040000915527344,1559.6800537109375,9705.0
2020-09-21,27.780000686645508,36.43000030517578,1610.239990234375,10150.0
2020-09-22,26.860000610351562,35.2400016784668,1623.0400390625,10275.0
2020-09-23,28.579999923706055,37.25,1708.800048828125,11105.0
2020-09-24,28.510000228881836,36.9900016784668,1676.1600341796875,10800.0
2020-09-25,26.3799991607666,34.93000030517578,1634.56005859375,10390.0
2020-09-28,26.190000534057617,34.65999984741211,1623.0400390625,10325.0
2020-09-29,26.270000457763672,35.25,1596.1600341796875,10015.0
2020-09-30,26.3700008392334,35.41999816894531,1593.5999755859375,9960.0
2020-10-01,26.700000762939453,34.9900016784668,1600.6400146484375,10055.0
2020-10-02,27.6299991607666,36.439998626708984,1649.9200439453125,10515.0
2020-10-05,27.959999084472656,35.66999816894531,1598.0799560546875,10015.0
2020-10-06,29.479999542236328,36.66999816894531,1620.47998046875,10205.0
2020-10-07,28.059999465942383,35.61000061035156,1567.3599853515625,9730.0
2020-10-08,26.360000610351562,34.43000030517578,1504.6400146484375,9165.0
2020-10-09,25.0,32.599998474121094,1426.56005859375,8445.0
2020-10-12,25.06999969482422,33.439998626708984,1398.4000244140625,8195.0
2020-10-13,26.06999969482422,34.47999954223633,1417.5999755859375,8335.0
2020-10-14,26.399999618530273,34.040000915527344,1402.8800048828125,8220.0
2020-10-15,26.969999313354492,34.540000915527344,1415.0400390625,8335.0
2020-10-16,27.40999984741211,35.02000045776367,1425.280029296875,8395.0
2020-10-19,29.18000030517578,36.13999938964844,1487.3599853515625,8965.0
2020-10-20,29.350000381469727,35.25,1486.719970703125,8950.0
2020-10-21,28.649999618530273,35.08000183105469,1451.52001953125,8635.0
2020-10-22,28.110000610351562,34.279998779296875,1417.5999755859375,8340.0
2020-10-23,27.549999237060547,33.45000076293945,1418.8800048828125,8360.0
2020-10-26,32.459999084472656,37.40999984741211,1546.8800048828125,9495.0
2020-10-27,33.349998474121094,36.560001373291016,1553.280029296875,9535.0
2020-10-28,40.279998779296875,43.38999938964844,1774.719970703125,11570.0
2020-10-29,37.59000015258789,40.08000183105469,1648.0,10340.0
2020-10-30,38.02000045776367,41.29999923706055,1697.9200439453125,10790.0
2020-11-02,37.130001068115234,40.900001525878906,1660.1600341796875,10440.0
2020-11-03,35.54999923706055,38.380001068115234,1568.6400146484375,9590.0
2020-11-04,29.56999969482422,33.36000061035156,1430.4000244140625,8335.0
2020-11-05,27.579999923706055,32.81999969482422,1406.719970703125,8105.0
2020-11-06,24.860000610351562,30.010000228881836,1313.280029296875,7335.0
2020-11-09,25.75,31.31999969482422,1284.47998046875,7090.0
2020-11-10,24.799999237060547,32.529998779296875,1246.0799560546875,6745.0
2020-11-11,23.450000762939453,30.290000915527344,1215.3599853515625,6530.0
2020-11-12,25.350000381469727,30.90999984741211,1301.1199951171875,7185.0
2020-11-13,23.100000381469727,29.030000686645508,1221.1199951171875,6525.0
2020-11-16,22.450000762939453,27.3700008392334,1186.56005859375,6300.0
2020-11-17,22.709999084472656,27.309999465942383,1171.199951171875,6125.0
2020-11-18,23.84000015258789,27.469999313354492,1205.760009765625,6440.0
2020-11-19,23.110000610351562,26.809999465942383,1192.9599609375,6300.0
2020-11-20,23.700000762939453,26.90999984741211,1190.4000244140625,6255.0
2020-11-23,22.65999984741211,26.639999389648438,1175.0400390625,6150.0
2020-11-24,21.639999389648438,25.989999771118164,1155.199951171875,5995.0
2020-11-25,21.25,25.690000534057617,1112.9599609375,5650.0
2020-11-27,20.84000015258789,26.1200008392334,1120.6400146484375,5720.0
2020-11-30,20.56999969482422,26.68000030517578,1099.52001953125,5575.0
2020-12-01,20.770000457763672,27.40999984741211,1110.4000244140625,5645.0
2020-12-02,21.170000076293945,27.549999237060547,1104.6400146484375,5595.0
2020-12-03,21.280000686645508,27.389999389648438,1114.8800048828125,5675.0
2020-12-04,20.790000915527344,27.020000457763672,1095.0400390625,5530.0
2020-12-07,21.299999237060547,27.200000762939453,1101.43994140625,5560.0
2020-12-08,20.68000030517578,26.079999923706055,1061.760009765625,5285.0
2020-12-09,22.270000457763672,29.31999969482422,1100.800048828125,5570.0
2020-12-10,22.520000457763672,29.149999618530273,1111.0400390625,5640.0
2020-12-11,23.309999465942383,29.0,1152.0,5970.0
2020-12-14,24.719999313354492,29.440000534057617,1178.239990234375,6180.0
2020-12-15,22.889999389648438,28.100000381469727,1123.8399658203125,5740.0
2020-12-16,22.5,27.850000381469727,1087.3599853515625,5455.0
2020-12-17,21.93000030517578,27.040000915527344,1072.0,5340.0
2020-12-18,21.56999969482422,26.90999984741211,1093.1199951171875,5510.0
2020-12-21,25.15999984741211,28.350000381469727,1180.1600341796875,6125.0
2020-12-22,24.229999542236328,27.940000534057617,1159.0400390625,5985.0
2020-12-23,23.309999465942383,27.329999923706055,1112.3199462890625,5630.0
2020-12-24,21.530000686645508,25.940000534057617,1080.3199462890625,5380.0
2020-12-28,21.700000762939453,25.90999984741211,1076.47998046875,5345.0
2020-12-29,23.079999923706055,26.81999969482422,1115.52001953125,5640.0
2020-12-30,22.770000457763672,26.290000915527344,1075.199951171875,5350.0
2020-12-31,22.75,26.93000030517578,1074.56005859375,5325.0
2021-01-04,26.969999313354492,30.1299991607666,1168.0,6015.0
2021-01-05,25.34000015258789,28.420000076293945,1128.9599609375,5735.0
2021-01-06,25.06999969482422,29.270000457763672,1123.199951171875,5675.0
2021-01-07,22.3700008392334,26.989999771118164,1056.0,5175.0
2021-01-08,21.559999465942383,27.93000030517578,1046.4000244140625,5105.0
2021-01-11,24.079999923706055,28.920000076293945,1109.760009765625,5545.0
2021-01-12,23.329999923706055,28.329999923706055,1072.0,5285.0
2021-01-13,22.209999084472656,27.360000610351562,1055.3599853515625,5160.0
2021-01-14,23.25,28.549999237060547,1067.52001953125,5245.0
2021-01-15,24.34000015258789,29.170000076293945,1095.0400390625,5450.0
2021-01-19,23.239999771118164,27.709999084472656,1064.3199462890625,5210.0
2021-01-20,21.579999923706055,26.790000915527344,1043.8399658203125,5065.0
2021-01-21,21.31999969482422,27.010000228881836,1035.52001953125,5000.0
2021-01-22,21.90999984741211,28.06999969482422,1049.5999755859375,5095.0
2021-01-25,23.190000534057617,28.729999542236328,1091.8399658203125,5425.0
2021-01-26,23.020000457763672,29.200000762939453,1100.800048828125,5275.0
2021-01-27,37.209999084472656,39.61000061035156,1296.0,6935.0
2021-01-28,30.209999084472656,35.04999923706055,1266.56005859375,6720.0
2021-01-29,33.09000015258789,37.439998626708984,1349.1199951171875,7320.0
2021-02-01,30.239999771118164,34.2400016784668,1272.3199462890625,6720.0
2021-02-02,25.559999465942383,29.489999771118164,1164.1600341796875,5860.0
2021-02-03,22.90999984741211,29.030000686645508,1104.0,5415.0
2021-02-04,21.770000457763672,27.09000015258789,1056.0,5060.0
2021-02-05,20.8700008392334,25.459999084472656,1054.0799560546875,5025.0
2021-02-08,21.239999771118164,26.18000030517578,1045.1199951171875,4990.0
2021-02-09,21.6299991607666,26.600000381469727,1049.5999755859375,5005.0
2021-02-10,21.989999771118164,27.40999984741211,1066.8800048828125,5125.0
2021-02-11,21.25,27.06999969482422,1041.9200439453125,4955.0
2021-02-12,19.969999313354492,26.360000610351562,1007.3599853515625,4710.0
2021-02-16,21.459999084472656,28.520000457763672,1018.239990234375,4780.0
2021-02-17,21.5,28.260000228881836,997.1199951171875,4620.0
2021-02-18,22.489999771118164,27.59000015258789,1002.239990234375,4675.0
2021-02-19,22.049999237060547,27.739999771118164,966.4000244140625,4405.0
2021-02-22,23.450000762939453,31.020000457763672,1006.719970703125,4680.0
2021-02-23,23.110000610351562,30.6200008392334,965.1199951171875,4395.0
2021-02-24,21.34000015258789,28.670000076293945,926.719970703125,4140.0
2021-02-25,28.889999389648438,36.15999984741211,1074.56005859375,5115.0
2021-02-26,27.950000762939453,34.060001373291016,1025.9200439453125,4770.0
2021-03-01,23.350000381469727,28.670000076293945,949.760009765625,4260.0
2021-03-02,24.100000381469727,30.110000610351562,958.0800170898438,4305.0
2021-03-03,26.670000076293945,33.91999816894531,999.0399780273438,4580.0
2021-03-04,28.56999969482422,34.83000183105469,1041.280029296875,4875.0
2021-03-05,24.65999984741211,31.889999389648438,967.6799926757812,4360.0
2021-03-08,25.469999313354492,33.869998931884766,984.9600219726562,4460.0
2021-03-09,24.030000686645508,32.150001525878906,945.280029296875,4200.0
2021-03-10,22.559999465942383,31.520000457763672,933.1199951171875,4125.0
2021-03-11,21.90999984741211,30.040000915527344,910.0800170898438,3950.0
2021-03-12,20.690000534057617,30.100000381469727,892.7999877929688,3870.0
2021-03-15,20.030000686645508,28.719999313354492,842.239990234375,3530.0
2021-03-16,19.790000915527344,29.270000457763672,842.239990234375,3530.0
2021-03-17,19.229999542236328,27.979999542236328,805.760009765625,3290.0
2021-03-18,21.579999923706055,30.610000610351562,850.5599975585938,3570.0
2021-03-19,20.950000762939453,29.649999618530273,817.280029296875,3360.0
2021-03-22,18.8799991607666,26.700000762939453,764.1599731445312,3025.0
2021-03-23,20.299999237060547,27.829999923706055,800.0,3250.0
2021-03-24,21.200000762939453,28.969999313354492,807.0399780273438,3280.0
2021-03-25,19.809999465942383,27.6299991607666,782.719970703125,3140.0
2021-03-26,18.860000610351562,25.639999389648438,751.3599853515625,2945.0
2021-03-29,20.739999771118164,26.940000534057617,768.6400146484375,3055.0
2021-03-30,19.610000610351562,26.389999389648438,735.3599853515625,2855.0
2021-03-31,19.399999618530273,24.889999389648438,729.5999755859375,2825.0
2021-04-01,17.329999923706055,23.209999084472656,707.2000122070312,2695.0
2021-04-05,17.90999984741211,23.93000030517578,689.280029296875,2570.0
2021-04-06,18.1200008392334,23.860000610351562,689.280029296875,2600.0
2021-04-07,17.15999984741211,23.43000030517578,671.3599853515625,2495.0
2021-04-08,16.950000762939453,23.489999771118164,661.1199951171875,2430.0
2021-04-09,16.690000534057617,23.229999542236328,659.8400268554688,2425.0
2021-04-12,16.90999984741211,22.489999771118164,650.239990234375,2385.0
2021-04-13,16.649999618530273,22.110000610351562,645.760009765625,2345.0
2021-04-14,16.989999771118164,22.639999389648438,659.8400268554688,2420.0
2021-04-15,16.56999969482422,21.68000030517578,638.0800170898438,2305.0
2021-04-16,16.25,20.510000228881836,627.8400268554688,2240.0
2021-04-19,17.290000915527344,22.81999969482422,650.8800048828125,2370.0
2021-04-20,18.68000030517578,24.3700008392334,665.5999755859375,2440.0
2021-04-21,17.5,22.81999969482422,629.760009765625,2255.0
2021-04-22,18.709999084472656,24.0,668.7999877929688,2465.0
2021-04-23,17.329999923706055,22.31999969482422,642.719970703125,2320.0
2021-04-26,17.639999389648438,22.56999969482422,637.1199951171875,2285.0
2021-04-27,17.559999465942383,22.709999084472656,624.1599731445312,2225.0
2021-04-28,17.280000686645508,22.360000610351562,621.9199829101562,2210.0
2021-04-29,17.610000610351562,22.420000076293945,617.1199951171875,2185.0
2021-04-30,18.610000610351562,22.899999618530273,642.5599975585938,2315.0
2021-05-03,18.309999465942383,23.34000015258789,620.0,2195.0
2021-05-04,19.479999542236328,25.700000762939453,643.3599853515625,2320.0
2021-05-05,19.149999618530273,25.65999984741211,627.0399780273438,2235.0
2021-05-06,18.389999389648438,24.829999923706055,623.2000122070312,2210.0
2021-05-07,16.690000534057617,22.790000915527344,587.8400268554688,2030.0
2021-05-10,19.65999984741211,26.59000015258789,613.5999755859375,2160.0
2021-05-11,21.84000015258789,27.860000610351562,659.3599853515625,2390.0
2021-05-12,27.59000015258789,31.8700008392334,774.3200073242188,3030.0
2021-05-13,23.1299991607666,29.020000457763672,700.0,2590.0
2021-05-14,18.809999465942383,24.989999771118164,617.6799926757812,2125.0
2021-05-17,19.719999313354492,25.59000015258789,637.9199829101562,2235.0
2021-05-18,21.34000015258789,26.139999389648438,647.2000122070312,2275.0
2021-05-19,22.18000030517578,26.65999984741211,677.5999755859375,2445.0
2021-05-20,20.670000076293945,24.239999771118164,639.8400268554688,2245.0
2021-05-21,20.149999618530273,24.299999237060547,631.6799926757812,2190.0
2021-05-24,18.399999618530273,22.760000228881836,603.6799926757812,2045.0
2021-05-25,18.84000015258789,23.399999618530273,603.2000122070312,2045.0
2021-05-26,17.360000610351562,22.350000381469727,574.4000244140625,1906.0
2021-05-27,16.739999771118164,22.1200008392334,546.5599975585938,1763.5
2021-05-28,16.760000228881836,21.440000534057617,555.2000122070312,1808.0
2021-06-01,17.899999618530273,22.68000030517578,568.47998046875,1860.5
2021-06-02,17.479999542236328,22.010000228881836,553.760009765625,1799.0
2021-06-03,18.040000915527344,23.25,564.0,1842.0
2021-06-04,16.420000076293945,21.219999313354492,534.239990234375,1707.0
2021-06-07,16.420000076293945,21.3700008392334,524.6400146484375,1653.5
2021-06-08,17.06999969482422,21.579999923706055,530.239990234375,1684.0
2021-06-09,17.889999389648438,22.010000228881836,538.8800048828125,1728.5
2021-06-10,16.100000381469727,19.979999542236328,507.67999267578125,1575.5
2021-06-11,15.649999618530273,19.15999984741211,493.1199951171875,1502.0
2021-06-14,16.389999389648438,20.059999465942383,497.760009765625,1524.0
2021-06-15,17.020000457763672,20.93000030517578,508.6400146484375,1575.0
2021-06-16,18.149999618530273,21.459999084472656,513.1199951171875,1597.0
2021-06-17,17.75,20.350000381469727,510.239990234375,1586.0
2021-06-18,20.700000762939453,22.43000030517578,555.0399780273438,1794.5
2021-06-21,17.889999389648438,20.780000686645508,520.6400146484375,1623.0
2021-06-22,16.65999984741211,20.0,493.9200134277344,1500.0
2021-06-23,16.31999969482422,19.81999969482422,484.6400146484375,1458.0
2021-06-24,15.970000267028809,19.600000381469727,475.20001220703125,1410.5
2021-06-25,15.619999885559082,19.309999465942383,466.3999938964844,1377.0
2021-06-28,15.760000228881836,19.579999923706055,466.3999938964844,1375.5
2021-06-29,16.020000457763672,20.09000015258789,476.32000732421875,1417.0
2021-06-30,15.829999923706055,20.139999389648438,471.3599853515625,1399.0
2021-07-01,15.479999542236328,20.06999969482422,463.67999267578125,1364.0
2021-07-02,15.069999694824219,19.280000686645508,462.55999755859375,1356.5
2021-07-06,16.440000534057617,21.0,473.1199951171875,1402.0
2021-07-07,16.200000762939453,21.110000610351562,474.0799865722656,1408.0
2021-07-08,19.0,23.600000381469727,504.79998779296875,1544.5
2021-07-09,16.18000030517578,21.229999542236328,470.8800048828125,1398.0
2021-07-12,16.170000076293945,19.68000030517578,467.8399963378906,1378.0
2021-07-13,17.1200008392334,20.8700008392334,473.44000244140625,1401.5
2021-07-14,16.329999923706055,19.989999771118164,462.55999755859375,1353.5
2021-07-15,17.010000228881836,20.110000610351562,469.2799987792969,1384.5
2021-07-16,18.450000762939453,21.059999465942383,488.79998779296875,1468.0
2021-07-19,22.5,23.440000534057617,558.5599975585938,1782.5
2021-07-20,19.729999542236328,21.68000030517578,511.5199890136719,1555.0
2021-07-21,17.90999984741211,20.399999618530273,479.0400085449219,1408.0
2021-07-22,17.690000534057617,19.780000686645508,487.5199890136719,1442.0
2021-07-23,17.200000762939453,19.059999465942383,485.2799987792969,1434.0
2021-07-26,17.579999923706055,20.3700008392334,477.6000061035156,1402.0
2021-07-27,19.360000610351562,22.84000015258789,493.760009765625,1469.0
2021-07-28,18.309999465942383,20.959999084472656,479.8399963378906,1414.5
2021-07-29,17.700000762939453,20.549999237060547,471.8399963378906,1375.0
2021-07-30,18.239999771118164,20.809999465942383,483.3599853515625,1427.0
2021-08-02,19.459999084472656,21.489999771118164,502.0799865722656,1507.5
2021-08-03,18.040000915527344,20.520000457763672,476.9599914550781,1395.5
2021-08-04,17.969999313354492,20.68000030517578,476.32000732421875,1391.5
2021-08-05,17.280000686645508,20.190000534057617,464.79998779296875,1341.0
2021-08-06,16.149999618530273,19.610000610351562,452.79998779296875,1289.5
2021-08-09,16.719999313354492,19.690000534057617,448.1600036621094,1270.0
2021-08-10,16.790000915527344,20.3799991607666,440.4800109863281,1237.5
2021-08-11,16.170000076293945,20.1299991607666,428.4800109863281,1187.0
2021-08-12,15.59000015258789,19.399999618530273,419.8399963378906,1147.5
2021-08-13,15.449999809265137,18.520000457763672,420.4800109863281,1151.0
2021-08-16,16.1200008392334,19.049999237060547,421.1199951171875,1157.0
2021-08-17,17.90999984741211,21.170000076293945,435.20001220703125,1211.0
2021-08-18,21.56999969482422,24.350000381469727,465.1199951171875,1335.0
2021-08-19,21.670000076293945,23.520000457763672,480.239990234375,1401.5
2021-08-20,18.559999465942383,20.969999313354492,444.1600036621094,1245.0
2021-08-23,17.149999618530273,19.799999237060547,428.9599914550781,1180.0
2021-08-24,17.219999313354492,19.860000610351562,427.3599853515625,1175.0
2021-08-25,16.790000915527344,19.600000381469727,418.0799865722656,1135.0
2021-08-26,18.84000015258789,21.3700008392334,436.0,1207.0
2021-08-27,16.389999389648438,18.540000915527344,413.6000061035156,1115.5
2021-08-30,16.190000534057617,19.079999923706055,409.44000244140625,1098.0
2021-08-31,16.479999542236328,19.479999542236328,407.8399963378906,1090.5
2021-09-01,16.110000610351562,19.84000015258789,397.1199951171875,1054.5
2021-09-02,16.40999984741211,20.030000686645508,396.32000732421875,1046.5
2021-09-03,16.40999984741211,19.75,399.0400085449219,1062.0
2021-09-07,18.139999389648438,20.959999084472656,408.79998779296875,1093.5
2021-09-08,17.959999084472656,20.809999465942383,408.1600036621094,1094.0
2021-09-09,18.799999237060547,21.450000762939453,416.79998779296875,1130.5
2021-09-10,20.950000762939453,22.75,432.9599914550781,1193.0
2021-09-13,19.3700008392334,21.600000381469727,417.44000244140625,1128.5
2021-09-14,19.459999084472656,21.68000030517578,423.3599853515625,1155.0
2021-09-15,18.18000030517578,20.1200008392334,406.8800048828125,1085.0
2021-09-16,18.690000534057617,20.170000076293945,402.8800048828125,1069.0
2021-09-17,20.809999465942383,22.270000457763672,428.9599914550781,1174.0
2021-09-20,25.709999084472656,27.229999542236328,475.8399963378906,1365.5
2021-09-21,24.360000610351562,26.420000076293945,461.760009765625,1293.0
2021-09-22,20.8700008392334,22.969999313354492,433.1199951171875,1184.0
2021-09-23,18.6299991607666,21.219999313354492,405.760009765625,1074.0
2021-09-24,17.75,20.93000030517578,393.2799987792969,1024.5
2021-09-27,18.760000228881836,21.829999923706055,397.1199951171875,1037.0
2021-09-28,23.25,27.350000381469727,438.55999755859375,1196.5
2021-09-29,22.559999465942383,26.709999084472656,444.9599914550781,1226.5
2021-09-30,23.139999389648438,26.649999618530273,445.2799987792969,1227.5
2021-10-01,21.100000381469727,24.8700008392334,429.1199951171875,1160.5
2021-10-04,22.959999084472656,27.719999313354492,441.1199951171875,1208.5
2021-10-05,21.299999237060547,25.450000762939453,424.79998779296875,1149.5
2021-10-06,21.0,24.8700008392334,419.3599853515625,1122.0
2021-10-07,19.540000915527344,23.219999313354492,404.1600036621094,1062.5
2021-10-08,18.770000457763672,23.15999984741211,396.6400146484375,1029.5
2021-10-11,20.0,23.489999771118164,401.9200134277344,1050.5
2021-10-12,19.850000381469727,23.40999984741211,393.760009765625,1018.5
2021-10-13,18.639999389648438,21.229999542236328,386.239990234375,989.5
2021-10-14,16.860000610351562,19.09000015258789,364.9599914550781,908.0
2021-10-15,16.299999237060547,18.510000228881836,364.6400146484375,908.5
2021-10-18,16.309999465942383,18.829999923706055,357.9200134277344,879.0
2021-10-19,15.699999809265137,18.309999465942383,354.3999938964844,868.5
2021-10-20,15.489999771118164,18.729999542236328,351.20001220703125,855.5
2021-10-21,15.010000228881836,18.6299991607666,339.5199890136719,817.0
2021-10-22,15.430000305175781,19.1200008392334,347.20001220703125,839.0
2021-10-25,15.239999771118164,18.799999237060547,336.9599914550781,803.0
2021-10-26,15.979999542236328,19.3799991607666,343.5199890136719,824.5
2021-10-27,16.979999542236328,20.1200008392334,351.20001220703125,853.5
2021-10-28,16.530000686645508,19.75,340.32000732421875,815.0
2021-10-29,16.260000228881836,19.639999389648438,343.0400085449219,822.0
2021-11-01,16.40999984741211,19.729999542236328,337.6000061035156,806.5
2021-11-02,16.030000686645508,19.729999542236328,328.4800109863281,775.0
2021-11-03,15.100000381469727,19.43000030517578,317.1199951171875,731.5
2021-11-04,15.4399995803833,20.260000228881836,320.79998779296875,747.0
2021-11-05,16.479999542236328,21.56999969482422,333.2799987792969,787.5
2021-11-08,17.219999313354492,21.8799991607666,333.760009765625,788.5
2021-11-09,17.780000686645508,22.690000534057617,339.3599853515625,809.5
2021-11-10,18.729999542236328,23.270000457763672,345.6000061035156,831.0
2021-11-11,17.65999984741211,22.3700008392334,338.239990234375,806.0
2021-11-12,16.290000915527344,21.420000076293945,325.760009765625,762.0
2021-11-15,16.489999771118164,21.709999084472656,321.9200134277344,747.5
2021-11-16,16.3700008392334,21.280000686645508,323.0400085449219,751.0
2021-11-17,17.110000610351562,21.559999465942383,328.32000732421875,769.5
2021-11-18,17.59000015258789,21.389999389648438,331.3599853515625,781.5
2021-11-19,17.90999984741211,21.75,335.3599853515625,796.5
2021-11-22,19.170000076293945,23.5,341.2799987792969,815.5
2021-11-23,19.3799991607666,24.43000030517578,333.6000061035156,788.0
2021-11-24,18.579999923706055,23.81999969482422,328.79998779296875,770.5
2021-11-26,28.6200008392334,28.450000762939453,418.55999755859375,1059.0
2021-11-29,22.959999084472656,24.6299991607666,352.79998779296875,842.0
2021-11-30,27.190000534057617,27.389999389648438,407.3599853515625,1026.0
2021-12-01,31.1200008392334,30.950000762939453,436.79998779296875,1138.0
2021-12-02,27.950000762939453,29.780000686645508,411.5199890136719,1040.0
2021-12-03,30.670000076293945,33.40999984741211,447.3599853515625,1175.0
2021-12-06,27.18000030517578,30.170000076293945,412.4800109863281,1036.5
2021-12-07,21.889999389648438,25.790000915527344,366.3999938964844,864.0
2021-12-08,19.899999618530273,24.81999969482422,344.32000732421875,789.5
2021-12-09,21.579999923706055,26.420000076293945,355.20001220703125,821.0
2021-12-10,18.690000534057617,23.950000762939453,332.4800109863281,746.0
2021-12-13,20.309999465942383,24.040000915527344,346.239990234375,787.0
2021-12-14,21.889999389648438,25.309999465942383,350.8800048828125,808.5
2021-12-15,19.290000915527344,23.420000076293945,326.8800048828125,724.0
2021-12-16,20.56999969482422,25.239999771118164,340.6400146484375,767.5
2021-12-17,21.56999969482422,26.549999237060547,351.5199890136719,805.0
2021-12-20,22.8700008392334,27.8799991607666,364.4800109863281,847.5
2021-12-21,21.010000228881836,24.959999084472656,346.55999755859375,787.5
2021-12-22,18.6299991607666,22.149999618530273,326.55999755859375,718.5
2021-12-23,17.959999084472656,21.31999969482422,322.8800048828125,707.5
2021-12-27,17.68000030517578,21.719999313354492,315.20001220703125,680.5
2021-12-28,17.540000915527344,21.540000915527344,307.3599853515625,655.5
2021-12-29,16.950000762939453,21.280000686645508,299.3599853515625,632.0
2021-12-30,17.329999923706055,21.3799991607666,299.3599853515625,630.0
2021-12-31,17.219999313354492,21.200000762939453,296.4800109863281,621.5
2022-01-03,16.600000381469727,21.170000076293945,286.3999938964844,590.5
2022-01-04,16.90999984741211,22.31999969482422,286.0799865722656,588.5
2022-01-05,19.729999542236328,25.979999542236328,308.6400146484375,659.0
2022-01-06,19.610000610351562,25.809999465942383,310.0799865722656,662.5
2022-01-07,18.760000228881836,25.649999618530273,301.1199951171875,633.5
2022-01-10,19.399999618530273,25.829999923706055,295.5199890136719,617.5
2022-01-11,18.40999984741211,24.280000686645508,285.1199951171875,583.5
2022-01-12,17.6200008392334,23.440000534057617,282.0799865722656,575.5
2022-01-13,20.309999465942383,27.049999237060547,299.8399963378906,627.5
2022-01-14,19.190000534057617,25.719999313354492,295.20001220703125,614.0
2022-01-18,22.790000915527344,29.360000610351562,318.239990234375,684.0
2022-01-19,23.850000381469727,29.020000457763672,325.760009765625,710.0
2022-01-20,25.59000015258789,30.610000610351562,339.8399963378906,755.5
2022-01-21,28.850000381469727,34.060001373291016,371.20001220703125,860.0
2022-01-24,29.899999618530273,35.54999923706055,379.5199890136719,884.0
2022-01-25,31.15999984741211,38.20000076293945,381.760009765625,897.5
2022-01-26,31.959999084472656,38.099998474121094,389.1199951171875,921.5
2022-01-27,30.489999771118164,36.63999938964844,391.8399963378906,932.5
2022-01-28,27.65999984741211,33.310001373291016,367.20001220703125,847.5
2022-01-31,24.829999923706055,30.15999984741211,342.55999755859375,761.0
2022-02-01,21.959999084472656,28.0,317.44000244140625,678.5
2022-02-02,22.09000015258789,29.579999923706055,310.7200012207031,655.5
2022-02-03,24.350000381469727,31.239999771118164,348.4800109863281,773.5
2022-02-04,23.219999313354492,30.31999969482422,336.0,732.0
2022-02-07,22.860000610351562,30.020000457763672,326.7200012207031,701.5
2022-02-08,21.440000534057617,28.329999923706055,312.0,654.5
2022-02-09,19.959999084472656,26.8700008392334,299.3599853515625,617.0
2022-02-10,23.90999984741211,30.06999969482422,327.3599853515625,703.0
2022-02-11,27.360000610351562,34.15999984741211,371.8399963378906,833.0
2022-02-14,28.329999923706055,34.06999969482422,372.9599914550781,846.5
2022-02-15,25.700000762939453,31.15999984741211,342.239990234375,744.5
2022-02-16,24.290000915527344,29.450000762939453,328.4800109863281,701.5
2022-02-17,28.110000610351562,33.209999084472656,367.3599853515625,821.0
2022-02-18,27.75,33.04999923706055,375.20001220703125,850.5
2022-02-22,28.809999465942383,33.130001068115234,373.760009765625,841.0
2022-02-23,31.020000457763672,35.27000045776367,395.20001220703125,914.0
2022-02-24,30.31999969482422,34.02000045776367,382.79998779296875,872.0
2022-02-25,27.59000015258789,31.190000534057617,367.20001220703125,818.5
2022-02-28,30.149999618530273,32.720001220703125,384.0,877.0
2022-03-01,33.31999969482422,35.220001220703125,426.7200012207031,1017.0
2022-03-02,30.739999771118164,33.04999923706055,399.3599853515625,922.0
2022-03-03,30.479999542236328,33.34000015258789,401.760009765625,932.0
2022-03-04,31.979999542236328,34.88999938964844,419.20001220703125,992.5
2022-03-07,36.45000076293945,38.72999954223633,455.8399963378906,1120.0
2022-03-08,35.130001068115234,38.02000045776367,450.3999938964844,1100.5
2022-03-09,32.45000076293945,35.34000015258789,432.4800109863281,1037.5
2022-03-10,30.229999542236328,34.22999954223633,413.2799987792969,968.5
2022-03-11,30.75,34.849998474121094,421.44000244140625,996.0
2022-03-14,31.770000457763672,36.54999923706055,460.9599914550781,1044.0
2022-03-15,29.829999923706055,34.650001525878906,459.20001220703125,998.5
2022-03-16,26.670000076293945,30.809999465942383,415.20001220703125,852.5
2022-03-17,25.670000076293945,29.510000228881836,418.3999938964844,831.0
2022-03-18,23.8700008392334,27.760000228881836,400.0,766.5
2022-03-21,23.530000686645508,28.65999984741211,416.1600036621094,754.5
2022-03-22,22.940000534057617,27.709999084472656,407.1199951171875,736.0
2022-03-23,23.56999969482422,28.84000015258789,407.8399963378906,732.5
2022-03-24,21.670000076293945,27.889999389648438,403.20001220703125,707.0
2022-03-25,20.809999465942383,27.34000015258789,403.20001220703125,679.5
2022-03-28,19.6299991607666,26.530000686645508,411.67999267578125,662.5
2022-03-29,18.899999618530273,25.8700008392334,397.6000061035156,616.5
2022-03-30,19.329999923706055,26.399999618530273,400.0,627.5
2022-03-31,20.559999465942383,26.989999771118164,411.20001220703125,673.0
2022-04-01,19.6299991607666,25.90999984741211,400.4800109863281,637.5
2022-04-04,18.56999969482422,24.93000030517578,390.8800048828125,589.0
2022-04-05,21.030000686645508,27.399999618530273,396.9599914550781,661.0
2022-04-06,22.100000381469727,28.90999984741211,390.0799865722656,682.0
2022-04-07,21.549999237060547,28.479999542236328,384.79998779296875,656.5
2022-04-08,21.15999984741211,28.059999465942383,394.7200012207031,655.0
2022-04-11,24.3700008392334,30.75,417.6000061035156,708.0
2022-04-12,24.260000228881836,30.3799991607666,411.8399963378906,720.0
2022-04-13,21.81999969482422,26.850000381469727,393.44000244140625,647.0
2022-04-14,22.700000762939453,28.860000610351562,399.8399963378906,667.0
2022-04-18,22.170000076293945,29.530000686645508,404.9599914550781,656.0
2022-04-19,21.3700008392334,29.100000381469727,395.67999267578125,606.5
2022-04-20,20.31999969482422,28.469999313354492,390.239990234375,585.0
2022-04-21,22.68000030517578,31.3700008392334,397.760009765625,651.0
2022-04-22,28.209999084472656,35.38999938964844,418.3999938964844,769.5
2022-04-25,27.020000457763672,33.83000183105469,396.79998779296875,742.5
2022-04-26,33.52000045776367,38.93000030517578,421.6000061035156,861.5
2022-04-27,31.600000381469727,36.90999984741211,435.20001220703125,887.5
2022-04-28,29.989999771118164,35.4900016784668,416.6400146484375,818.0
2022-04-29,33.400001525878906,38.25,443.3599853515625,913.5
2022-05-02,32.34000015258789,37.810001373291016,440.0,892.0
2022-05-03,29.25,36.0,432.79998779296875,815.5
2022-05-04,25.420000076293945,31.979999542236328,397.6000061035156,703.0
2022-05-05,31.200000762939453,37.189998626708984,432.0,888.0
2022-05-06,30.190000534057617,37.400001525878906,433.1199951171875,869.0
2022-05-09,34.75,41.43000030517578,448.1600036621094,974.5
2022-05-10,32.9900016784668,40.08000183105469,432.8800048828125,925.0
2022-05-11,32.560001373291016,40.66999816894531,436.4800109863281,915.0
2022-05-12,31.770000457763672,41.36000061035156,430.8800048828125,891.0
2022-05-13,28.8700008392334,37.61000061035156,415.5199890136719,805.5
2022-05-16,27.469999313354492,37.439998626708984,395.0400085449219,754.5
2022-05-17,26.100000381469727,33.880001068115234,396.6400146484375,726.0
2022-05-18,30.959999084472656,38.810001373291016,417.44000244140625,882.5
2022-05-19,29.350000381469727,36.150001525878906,405.67999267578125,799.0
2022-05-20,29.43000030517578,36.18000030517578,400.79998779296875,800.5
2022-05-23,28.479999542236328,35.18000030517578,384.9599914550781,787.0
2022-05-24,29.450000762939453,36.16999816894531,384.4800109863281,787.5
2022-05-25,28.3700008392334,35.380001068115234,378.3999938964844,764.0
2022-05-26,27.5,33.630001068115234,372.1600036621094,754.5
2022-05-27,25.719999313354492,32.0,359.3599853515625,710.5
2022-05-31,26.190000534057617,33.0099983215332,360.9599914550781,692.0
2022-06-01,25.690000534057617,32.599998474121094,356.1600036621094,684.5
2022-06-02,24.719999313354492,31.440000534057617,347.20001220703125,663.0
2022-06-03,24.790000915527344,31.75,350.239990234375,673.0
2022-06-06,25.06999969482422,32.15999984741211,352.4800109863281,659.0
2022-06-07,24.020000457763672,31.030000686645508,346.7200012207031,634.5
2022-06-08,23.959999084472656,30.690000534057617,348.79998779296875,632.5
2022-06-09,26.09000015258789,32.72999954223633,370.0799865722656,677.5
2022-06-10,27.75,33.970001220703125,373.2799987792969,739.5
2022-06-13,34.02000045776367,40.36000061035156,413.44000244140625,890.0
2022-06-14,32.689998626708984,38.5099983215332,405.2799987792969,849.0
2022-06-15,29.6200008392334,35.349998474121094,383.5199890136719,777.5
2022-06-16,32.95000076293945,38.66999816894531,406.3999938964844,847.5
2022-06-17,31.1299991607666,36.65999984741211,394.55999755859375,809.5
2022-06-21,30.190000534057617,36.060001373291016,392.0,789.0
2022-06-22,28.950000762939453,35.939998626708984,381.44000244140625,742.5
2022-06-23,29.049999237060547,35.29999923706055,374.3999938964844,739.5
2022-06-24,27.229999542236328,33.77000045776367,369.9200134277344,719.5
2022-06-27,26.950000762939453,33.560001373291016,361.6000061035156,685.5
2022-06-28,28.360000610351562,35.43000030517578,364.4800109863281,713.5
2022-06-29,28.15999984741211,35.33000183105469,365.44000244140625,718.5
2022-06-30,28.709999084472656,36.209999084472656,369.2799987792969,726.5
2022-07-01,26.700000762939453,34.27000045776367,360.6400146484375,699.5
2022-07-05,27.540000915527344,34.86000061035156,360.79998779296875,700.5
2022-07-06,26.729999542236328,33.75,354.55999755859375,682.5
2022-07-07,26.079999923706055,32.810001373291016,357.2799987792969,672.0
2022-07-08,24.639999389648438,31.18000030517578,351.8399963378906,649.5
2022-07-11,26.170000076293945,32.93000030517578,355.3599853515625,676.5
2022-07-12,27.290000915527344,33.970001220703125,359.67999267578125,687.0
2022-07-13,26.81999969482422,33.66999816894531,358.55999755859375,669.5
2022-07-14,26.399999618530273,32.63999938964844,357.1199951171875,672.5
2022-07-15,24.229999542236328,30.389999389648438,344.6400146484375,622.0
2022-07-18,25.299999237060547,31.579999923706055,350.55999755859375,647.0
2022-07-19,24.5,30.65999984741211,349.6000061035156,634.5
2022-07-20,23.8799991607666,30.579999923706055,345.1199951171875,612.5
2022-07-21,23.110000610351562,29.309999465942383,339.20001220703125,591.5
2022-07-22,23.030000686645508,29.190000534057617,342.3999938964844,584.5
2022-07-25,23.360000610351562,29.420000076293945,338.3999938964844,575.0
2022-07-26,24.690000534057617,30.90999984741211,346.7200012207031,595.5
2022-07-27,23.239999771118164,29.59000015258789,340.9599914550781,566.5
2022-07-28,22.329999923706055,28.479999542236328,333.1199951171875,524.5
2022-07-29,21.329999923706055,27.25,335.0400085449219,516.0
2022-08-01,22.84000015258789,28.75,348.79998779296875,541.0
2022-08-02,23.93000030517578,30.0,346.3999938964844,551.5
2022-08-03,21.950000762939453,27.979999542236328,351.20001220703125,510.5
2022-08-04,21.440000534057617,27.809999465942383,341.1199951171875,511.0
2022-08-05,21.149999618530273,27.1299991607666,344.0,494.0
2022-08-08,21.290000915527344,27.649999618530273,353.1199951171875,495.5
2022-08-09,21.770000457763672,28.40999984741211,351.0400085449219,501.5
2022-08-10,19.739999771118164,25.719999313354492,343.0400085449219,458.5
2022-08-11,20.200000762939453,26.1299991607666,347.0400085449219,463.0
2022-08-12,19.530000686645508,25.18000030517578,352.79998779296875,455.5
2022-08-15,19.950000762939453,25.399999618530273,343.8399963378906,445.5
2022-08-16,19.690000534057617,25.549999237060547,340.6400146484375,449.0
2022-08-17,19.899999618530273,26.329999923706055,337.6000061035156,447.0
2022-08-18,19.559999465942383,25.520000457763672,338.239990234375,437.5
2022-08-19,20.600000381469727,26.739999771118164,338.55999755859375,468.5
2022-08-22,23.799999237060547,29.649999618530273,339.5199890136719,514.0
2022-08-23,24.110000610351562,29.690000534057617,322.239990234375,502.5
2022-08-24,22.81999969482422,28.959999084472656,316.79998779296875,476.0
2022-08-25,21.780000686645508,28.079999923706055,315.20001220703125,454.5
2022-08-26,25.559999465942383,31.719999313354492,322.3999938964844,520.5
2022-08-29,26.209999084472656,32.29999923706055,315.3599853515625,515.5
2022-08-30,26.209999084472656,32.119998931884766,311.67999267578125,528.5
2022-08-31,25.8700008392334,32.189998626708984,307.8399963378906,511.5
2022-09-01,25.559999465942383,32.2599983215332,311.0400085449219,506.5
2022-09-02,25.469999313354492,32.31999969482422,305.44000244140625,514.0
2022-09-06,26.90999984741211,33.59000015258789,308.0,530.0
2022-09-07,24.639999389648438,31.559999465942383,296.79998779296875,486.5
2022-09-08,23.610000610351562,30.479999542236328,291.5199890136719,475.0
2022-09-09,22.790000915527344,29.229999542236328,295.5199890136719,467.5
2022-09-12,23.8700008392334,29.809999465942383,290.3999938964844,463.5
2022-09-13,27.270000457763672,33.18000030517578,304.1600036621094,526.0
2022-09-14,26.15999984741211,32.56999969482422,305.44000244140625,523.0
2022-09-15,26.270000457763672,32.650001525878906,306.3999938964844,520.5
2022-09-16,26.299999237060547,32.83000183105469,316.9599914550781,520.0
2022-09-19,25.760000228881836,32.36000061035156,287.8399963378906,497.0
2022-09-20,27.15999984741211,33.29999923706055,294.55999755859375,523.0
2022-09-21,27.989999771118164,33.869998931884766,301.760009765625,546.0
2022-09-22,27.350000381469727,32.91999816894531,302.55999755859375,543.5
2022-09-23,29.920000076293945,34.880001068115234,317.1199951171875,591.5
2022-09-26,32.2599983215332,36.93000030517578,328.9599914550781,624.0
2022-09-27,32.599998474121094,37.150001525878906,335.20001220703125,636.5
2022-09-28,30.18000030517578,35.5099983215332,321.1199951171875,597.5
2022-09-29,31.84000015258789,36.90999984741211,329.9200134277344,624.5
2022-09-30,31.6200008392334,36.61000061035156,339.3599853515625,642.5
2022-10-03,30.100000381469727,35.560001373291016,322.3999938964844,600.0
2022-10-04,29.06999969482422,34.41999816894531,310.239990234375,565.5
2022-10-05,28.549999237060547,34.33000183105469,312.32000732421875,572.5
2022-10-06,30.520000457763672,35.84000015258789,321.44000244140625,597.5
2022-10-07,31.360000610351562,36.86000061035156,334.55999755859375,635.5
2022-10-10,32.45000076293945,38.56999969482422,342.8800048828125,658.5
2022-10-11,33.630001068115234,39.380001068115234,348.1600036621094,674.5
2022-10-12,33.56999969482422,39.5099983215332,344.6400146484375,662.5
2022-10-13,31.940000534057617,38.27000045776367,335.67999267578125,634.5
2022-10-14,32.02000045776367,37.75,343.20001220703125,657.0
2022-10-17,31.3700008392334,37.06999969482422,333.44000244140625,630.5
2022-10-18,30.5,36.11000061035156,327.0400085449219,610.5
2022-10-19,30.760000228881836,36.369998931884766,329.6000061035156,618.5
2022-10-20,29.979999542236328,35.77000045776367,325.2799987792969,607.5
2022-10-21,29.690000534057617,35.25,324.0,603.5
2022-10-24,29.850000381469727,35.5,319.0400085449219,588.5
2022-10-25,28.459999084472656,34.13999938964844,306.7200012207031,554.0
2022-10-26,27.280000686645508,33.279998779296875,299.67999267578125,535.5
2022-10-27,27.389999389648438,33.81999969482422,293.760009765625,519.5
2022-10-28,25.75,31.860000610351562,286.8800048828125,501.5
2022-10-31,25.8799991607666,31.15999984741211,282.55999755859375,490.5
2022-11-01,25.809999465942383,31.989999771118164,279.8399963378906,482.0
2022-11-02,25.860000610351562,32.099998474121094,287.0400085449219,500.5
2022-11-03,25.299999237060547,31.790000915527344,281.1199951171875,485.5
2022-11-04,24.549999237060547,30.860000610351562,277.6000061035156,475.5
2022-11-07,24.350000381469727,30.84000015258789,274.55999755859375,467.0
2022-11-08,25.540000915527344,31.530000686645508,282.55999755859375,488.0
2022-11-09,26.09000015258789,32.4900016784668,291.3599853515625,509.5
2022-11-10,23.530000686645508,30.350000381469727,275.3599853515625,468.5
2022-11-11,22.520000457763672,28.969999313354492,271.67999267578125,460.0
2022-11-14,23.729999542236328,30.020000457763672,271.67999267578125,459.5
2022-11-15,24.540000915527344,30.299999237060547,275.20001220703125,467.5
2022-11-16,24.110000610351562,30.049999237060547,267.8399963378906,450.0
2022-11-17,23.93000030517578,30.020000457763672,265.2799987792969,444.0
2022-11-18,23.1200008392334,29.25,262.55999755859375,436.5
2022-11-21,22.360000610351562,29.0,255.52000427246094,419.0
2022-11-22,21.290000915527344,27.790000915527344,246.72000122070312,397.0
2022-11-23,20.350000381469727,26.65999984741211,241.27999877929688,384.0
2022-11-25,20.5,26.790000915527344,242.55999755859375,387.0
2022-11-28,22.209999084472656,28.309999465942383,251.52000427246094,408.0
2022-11-29,21.889999389648438,28.360000610351562,247.83999633789062,399.5
2022-11-30,20.579999923706055,26.459999084472656,238.72000122070312,376.0
2022-12-01,19.84000015258789,26.09000015258789,234.24000549316406,366.0
2022-12-02,19.059999465942383,24.780000686645508,230.0800018310547,356.0
2022-12-05,20.75,26.15999984741211,234.0800018310547,366.0
2022-12-06,22.170000076293945,27.530000686645508,241.1199951171875,381.0
2022-12-07,22.68000030517578,28.110000610351562,244.63999938964844,390.5
2022-12-08,22.290000915527344,27.59000015258789,239.67999267578125,377.0
2022-12-09,22.829999923706055,27.940000534057617,244.8000030517578,391.5
2022-12-12,25.0,30.059999465942383,243.36000061035156,388.5
2022-12-13,22.549999237060547,26.90999984741211,233.27999877929688,362.0
2022-12-14,21.139999389648438,25.75,225.27999877929688,344.0
2022-12-15,22.829999923706055,27.34000015258789,239.36000061035156,377.5
2022-12-16,22.6200008392334,27.329999923706055,240.16000366210938,379.0
2022-12-19,22.420000076293945,27.40999984741211,234.39999389648438,365.0
2022-12-20,21.479999542236328,26.649999618530273,232.63999938964844,360.5
2022-12-21,20.06999969482422,25.149999618530273,223.83999633789062,340.5
2022-12-22,21.969999313354492,27.350000381469727,236.0,367.5
2022-12-23,20.8700008392334,26.329999923706055,229.60000610351562,353.0
2022-12-27,21.649999618530273,27.780000686645508,229.44000244140625,351.0
2022-12-28,22.139999389648438,28.3799991607666,228.9600067138672,352.0
2022-12-29,21.440000534057617,27.360000610351562,226.0800018310547,344.5
2022-12-30,21.670000076293945,27.600000381469727,225.9199981689453,343.0
2023-01-03,22.899999618530273,29.110000610351562,223.83999633789062,339.5
2023-01-04,22.010000228881836,28.360000610351562,217.75999450683594,325.5
2023-01-05,22.459999084472656,28.809999465942383,219.52000427246094,329.5
2023-01-06,21.1299991607666,26.959999084472656,214.39999389648438,316.5
2023-01-09,21.969999313354492,27.860000610351562,215.52000427246094,320.0
2023-01-10,20.579999923706055,26.940000534057617,206.55999755859375,300.0
2023-01-11,21.09000015258789,27.34000015258789,207.52000427246094,302.5
2023-01-12,18.829999923706055,24.760000228881836,197.27999877929688,279.5
2023-01-13,18.350000381469727,23.81999969482422,192.32000732421875,269.5
2023-01-17,19.360000610351562,24.75,193.9199981689453,272.5
2023-01-18,20.34000015258789,25.510000228881836,200.8000030517578,287.0
2023-01-19,20.520000457763672,25.280000686645508,201.9199981689453,288.0
2023-01-20,19.850000381469727,24.540000915527344,194.72000122070312,274.5
2023-01-23,19.809999465942383,24.610000610351562,193.27999877929688,270.5
2023-01-24,19.200000762939453,24.549999237060547,185.75999450683594,255.0
2023-01-25,19.079999923706055,24.540000915527344,186.0800018310547,255.0
2023-01-26,18.729999542236328,25.010000228881836,183.1999969482422,250.0
2023-01-27,18.510000228881836,24.56999969482422,180.8000030517578,243.0
2023-01-30,19.940000534057617,26.25,185.27999877929688,252.5
2023-01-31,19.399999618530273,25.790000915527344,181.1199951171875,245.5
2023-02-01,17.8700008392334,24.040000915527344,175.67999267578125,233.5
2023-02-02,18.729999542236328,25.059999465942383,179.36000061035156,240.5
2023-02-03,18.329999923706055,25.399999618530273,181.1199951171875,244.5
2023-02-06,19.43000030517578,25.889999389648438,185.60000610351562,254.5
2023-02-07,18.65999984741211,25.459999084472656,179.83999633789062,242.0
2023-02-08,19.6299991607666,26.450000762939453,186.55999755859375,256.0
2023-02-09,20.709999084472656,27.639999389648438,192.47999572753906,267.0
2023-02-10,20.530000686645508,27.09000015258789,194.72000122070312,272.5
2023-02-13,20.34000015258789,27.260000228881836,187.0399932861328,257.5
2023-02-14,18.90999984741211,25.059999465942383,180.8000030517578,242.0
2023-02-15,18.229999542236328,24.09000015258789,177.1199951171875,235.5
2023-02-16,20.170000076293945,26.059999465942383,186.8800048828125,254.0
2023-02-17,20.020000457763672,25.81999969482422,186.72000122070312,256.0
2023-02-21,22.8700008392334,28.56999969482422,201.27999877929688,283.5
2023-02-22,22.290000915527344,28.020000457763672,195.52000427246094,272.0
2023-02-23,21.139999389648438,26.829999923706055,188.63999938964844,258.5
2023-02-24,21.670000076293945,27.18000030517578,196.0,272.0
2023-02-27,20.950000762939453,26.649999618530273,188.47999572753906,258.5
2023-02-28,20.700000762939453,26.399999618530273,184.63999938964844,249.5
2023-03-01,20.579999923706055,26.479999542236328,186.39999389648438,253.5
2023-03-02,19.59000015258789,25.700000762939453,179.52000427246094,239.5
2023-03-03,18.489999771118164,24.360000610351562,174.39999389648438,228.0
2023-03-06,18.610000610351562,24.25,171.36000061035156,222.5
2023-03-07,19.59000015258789,24.649999618530273,175.0800018310547,230.0
2023-03-08,19.110000610351562,24.079999923706055,172.1999969482422,224.5
2023-03-09,22.610000610351562,26.549999237060547,190.0399932861328,259.0
2023-03-10,24.799999237060547,27.940000534057617,211.72000122070312,300.5
2023-03-13,26.520000457763672,29.389999389648438,218.16000366210938,316.0
2023-03-14,23.729999542236328,26.719999313354492,206.63999938964844,288.5
2023-03-15,26.139999389648438,28.690000534057617,219.83999633789062,321.5
2023-03-16,22.989999771118164,26.6200008392334,201.83999633789062,279.5
2023-03-17,25.510000228881836,28.350000381469727,223.83999633789062,321.0
2023-03-20,24.149999618530273,27.549999237060547,212.39999389648438,301.0
2023-03-21,21.3799991607666,25.68000030517578,193.83999633789062,263.0
2023-03-22,22.260000228881836,26.600000381469727,202.16000366210938,273.5
2023-03-23,22.610000610351562,26.559999465942383,207.55999755859375,287.0
2023-03-24,21.739999771118164,25.780000686645508,198.9600067138672,271.0
2023-03-27,20.600000381469727,25.06999969482422,191.8800048828125,254.5
2023-03-28,19.969999313354492,24.5,186.55999755859375,246.0
2023-03-29,19.1200008392334,23.989999771118164,180.44000244140625,232.5
2023-03-30,19.020000457763672,23.989999771118164,180.44000244140625,232.0
2023-03-31,18.700000762939453,23.600000381469727,179.63999938964844,232.5
2023-04-03,18.549999237060547,23.670000076293945,175.63999938964844,223.0
2023-04-04,19.0,24.280000686645508,178.67999267578125,229.0
2023-04-05,19.079999923706055,24.6200008392334,177.0399932861328,226.0
2023-04-06,18.399999618530273,23.860000610351562,173.9199981689453,220.0
2023-04-10,18.969999313354492,24.559999465942383,172.24000549316406,217.0
2023-04-11,19.100000381469727,24.709999084472656,170.55999755859375,214.0
2023-04-12,19.09000015258789,24.489999771118164,171.60000610351562,215.5
2023-04-13,17.799999237060547,23.280000686645508,165.36000061035156,204.0
2023-04-14,17.06999969482422,22.219999313354492,162.44000244140625,199.0
2023-04-17,16.950000762939453,21.90999984741211,158.0,190.5
2023-04-18,16.829999923706055,21.40999984741211,156.9600067138672,188.5
2023-04-19,16.459999084472656,21.239999771118164,156.36000061035156,188.0
2023-04-20,17.170000076293945,21.770000457763672,159.8000030517578,194.0
2023-04-21,16.770000457763672,21.290000915527344,156.8000030517578,188.5
2023-04-24,16.889999389648438,21.520000457763672,155.9600067138672,187.5
2023-04-25,18.760000228881836,22.969999313354492,169.16000366210938,209.5
2023-04-26,18.84000015258789,22.770000457763672,164.8800048828125,201.5
2023-04-27,17.030000686645508,21.049999237060547,157.72000122070312,188.5
2023-04-28,15.779999732971191,20.1200008392334,151.44000244140625,178.0
2023-05-01,16.079999923706055,20.190000534057617,148.9600067138672,173.0
2023-05-02,17.780000686645508,21.6299991607666,155.55999755859375,184.5
2023-05-03,18.34000015258789,22.030000686645508,160.39999389648438,192.5
2023-05-04,20.09000015258789,23.139999389648438,168.24000549316406,206.5
2023-05-05,17.190000534057617,20.360000610351562,155.0,183.5
2023-05-08,16.979999542236328,20.309999465942383,152.44000244140625,178.5
2023-05-09,17.709999084472656,20.850000381469727,156.1199951171875,183.5
2023-05-10,16.940000534057617,19.760000228881836,151.36000061035156,177.0
2023-05-11,16.93000030517578,19.399999618530273,149.8800048828125,174.0
2023-05-12,17.030000686645508,19.530000686645508,150.0399932861328,174.0
2023-05-15,17.1200008392334,19.549999237060547,146.0,167.5
2023-05-16,17.989999771118164,19.84000015258789,150.44000244140625,174.5
2023-05-17,16.8700008392334,19.15999984741211,145.44000244140625,166.0
2023-05-18,16.049999237060547,19.31999969482422,139.60000610351562,156.0
2023-05-19,16.809999465942383,19.68000030517578,143.0800018310547,161.5
2023-05-22,17.209999084472656,19.969999313354492,143.24000549316406,162.0
2023-05-23,18.530000686645508,20.989999771118164,145.9600067138672,166.0
2023-05-24,20.030000686645508,22.399999618530273,151.83999633789062,176.5
2023-05-25,19.139999389648438,21.690000534057617,148.27999877929688,170.0
2023-05-26,17.950000762939453,22.209999084472656,142.60000610351562,159.5
2023-05-30,17.459999084472656,22.420000076293945,138.9199981689453,153.5
2023-05-31,17.940000534057617,22.1200008392334,137.83999633789062,152.5
2023-06-01,15.649999618530273,20.459999084472656,129.9600067138672,139.5
2023-06-02,14.600000381469727,19.290000915527344,124.72000122070312,130.5
2023-06-05,14.729999542236328,19.420000076293945,122.44000244140625,126.5
2023-06-06,13.960000038146973,18.540000915527344,115.12000274658203,115.5
2023-06-07,13.9399995803833,19.209999084472656,115.63999938964844,116.5
2023-06-08,13.649999618530273,18.65999984741211,112.83999633789062,112.0
2023-06-09,13.829999923706055,18.889999389648438,113.44000244140625,112.5
2023-06-12,15.010000228881836,20.459999084472656,113.95999908447266,114.0
2023-06-13,14.609999656677246,20.059999465942383,113.68000030517578,113.0
2023-06-14,13.880000114440918,19.719999313354492,110.27999877929688,108.5
2023-06-15,14.5,20.280000686645508,113.19999694824219,112.5
2023-06-16,13.539999961853027,19.549999237060547,109.19999694824219,106.0
2023-06-20,13.880000114440918,19.950000762939453,109.4000015258789,107.0
2023-06-21,13.199999809265137,19.290000915527344,107.16000366210938,103.5
2023-06-22,12.90999984741211,18.81999969482422,104.5999984741211,99.0
2023-06-23,13.4399995803833,19.290000915527344,105.91999816894531,101.75
2023-06-26,14.25,20.3700008392334,105.72000122070312,101.25
2023-06-27,13.739999771118164,20.079999923706055,103.08000183105469,97.5
2023-06-28,13.430000305175781,20.020000457763672,99.31999969482422,92.0
2023-06-29,13.539999961853027,19.979999542236328,101.4800033569336,95.19999694824219
2023-06-30,13.59000015258789,19.549999237060547,100.0,92.44999694824219
2023-07-03,13.569999694824219,19.8700008392334,98.95999908447266,91.75
2023-07-05,14.180000305175781,19.90999984741211,100.27999877929688,94.0
2023-07-06,15.4399995803833,21.110000610351562,106.04000091552734,101.30000305175781
2023-07-07,14.829999923706055,20.600000381469727,103.31999969482422,98.30000305175781
2023-07-10,15.069999694824219,21.079999923706055,102.63999938964844,96.9000015258789
2023-07-11,14.84000015258789,20.899999618530273,101.87999725341797,95.80000305175781
2023-07-12,13.539999961853027,19.479999542236328,96.27999877929688,87.5999984741211
2023-07-13,13.609999656677246,19.780000686645508,96.83999633789062,88.3499984741211
2023-07-14,13.34000015258789,19.649999618530273,95.68000030517578,86.75
2023-07-17,13.479999542236328,19.43000030517578,95.4800033569336,86.3499984741211
2023-07-18,13.300000190734863,19.290000915527344,93.91999816894531,84.6500015258789
2023-07-19,13.760000228881836,19.68000030517578,95.5999984741211,87.1500015258789
2023-07-20,13.989999771118164,20.200000762939453,95.95999908447266,87.1500015258789
2023-07-21,13.600000381469727,19.610000610351562,94.80000305175781,85.4000015258789
2023-07-24,13.90999984741211,19.829999923706055,93.19999694824219,83.19999694824219
2023-07-25,13.859999656677246,19.709999084472656,93.16000366210938,83.0999984741211
2023-07-26,13.1899995803833,18.989999771118164,90.68000030517578,79.8499984741211
2023-07-27,14.40999984741211,19.829999923706055,95.19999694824219,85.75
2023-07-28,13.329999923706055,18.920000076293945,91.5999984741211,80.75
2023-07-31,13.630000114440918,19.31999969482422,90.4000015258789,79.5999984741211
2023-08-01,13.930000305175781,19.670000076293945,91.80000305175781,81.05000305175781
2023-08-02,16.09000015258789,22.1299991607666,100.08000183105469,92.30000305175781
2023-08-03,15.920000076293945,22.079999923706055,99.76000213623047,91.9000015258789
2023-08-04,17.100000381469727,22.020000457763672,103.31999969482422,96.3499984741211
2023-08-07,15.770000457763672,20.81999969482422,97.91999816894531,89.0999984741211
2023-08-08,15.989999771118164,21.06999969482422,99.63999938964844,91.4000015258789
2023-08-09,15.960000038146973,21.5,98.76000213623047,90.3499984741211
2023-08-10,15.850000381469727,21.030000686645508,99.19999694824219,90.75
2023-08-11,14.84000015258789,20.450000762939453,95.31999969482422,85.4000015258789
2023-08-14,14.819999694824219,20.200000762939453,93.68000030517578,83.0
2023-08-15,16.459999084472656,21.3700008392334,99.08000183105469,90.19999694824219
2023-08-16,16.780000686645508,22.079999923706055,100.68000030517578,92.75
2023-08-17,17.889999389648438,22.709999084472656,105.5199966430664,99.1500015258789
2023-08-18,17.299999237060547,22.010000228881836,102.83999633789062,95.55000305175781
2023-08-21,17.1299991607666,21.889999389648438,100.12000274658203,91.6500015258789
2023-08-22,16.969999313354492,21.81999969482422,100.55999755859375,92.0999984741211
2023-08-23,15.979999542236328,21.360000610351562,97.22000122070312,87.5999984741211
2023-08-24,17.200000762939453,22.579999923706055,101.19999694824219,93.05000305175781
2023-08-25,15.680000305175781,20.8799991607666,96.80000305175781,87.0
2023-08-28,15.079999923706055,20.389999389648438,93.0,81.69999694824219
2023-08-29,14.449999809265137,19.329999923706055,90.68000030517578,78.5999984741211
2023-08-30,13.880000114440918,19.06999969482422,87.95999908447266,74.6500015258789
2023-08-31,13.569999694824219,18.739999771118164,86.0,72.44999694824219
2023-09-01,13.09000015258789,18.40999984741211,84.83999633789062,70.94999694824219
2023-09-05,14.010000228881836,19.399999618530273,85.4000015258789,71.44999694824219
2023-09-06,14.449999809265137,19.790000915527344,86.95999908447266,73.8499984741211
2023-09-07,14.399999618530273,19.950000762939453,86.83999633789062,73.5999984741211
2023-09-08,13.84000015258789,19.149999618530273,85.12000274658203,71.19999694824219
2023-09-11,13.800000190734863,18.84000015258789,83.12000274658203,68.8499984741211
2023-09-12,14.229999542236328,19.209999084472656,83.72000122070312,69.3499984741211
2023-09-13,13.479999542236328,18.06999969482422,82.04000091552734,67.44999694824219
2023-09-14,12.819999694824219,17.25,79.63999938964844,64.3499984741211
2023-09-15,13.789999961853027,18.690000534057617,82.72000122070312,68.0999984741211
2023-09-18,14.0,18.959999084472656,82.04000091552734,67.4000015258789
2023-09-19,14.109999656677246,19.209999084472656,81.63999938964844,66.80000305175781
2023-09-20,15.140000343322754,20.459999084472656,84.72000122070312,70.55000305175781
2023-09-21,17.540000915527344,22.479999542236328,91.23999786376953,78.94999694824219
2023-09-22,17.200000762939453,22.010000228881836,91.4800033569336,79.0999984741211
2023-09-25,16.899999618530273,21.649999618530273,91.5999984741211,79.19999694824219
2023-09-26,18.940000534057617,22.8700008392334,100.16000366210938,90.19999694824219
2023-09-27,18.219999313354492,22.34000015258789,95.87999725341797,84.5999984741211
2023-09-28,17.34000015258789,21.530000686645508,91.4800033569336,78.5999984741211
2023-09-29,17.520000457763672,21.280000686645508,93.27999877929688,81.05000305175781
2023-10-02,17.610000610351562,21.510000228881836,93.44000244140625,81.30000305175781
2023-10-03,19.780000686645508,23.770000457763672,102.23999786376953,92.6500015258789
2023-10-04,18.579999923706055,22.68000030517578,97.12000274658203,85.5999984741211
2023-10-05,18.489999771118164,22.760000228881836,95.76000213623047,84.0
2023-10-06,17.450000762939453,21.40999984741211,94.55999755859375,82.30000305175781
2023-10-09,17.700000762939453,21.81999969482422,93.23999786376953,80.55000305175781
2023-10-10,17.030000686645508,21.1299991607666,90.12000274658203,76.5999984741211
2023-10-11,16.09000015258789,20.15999984741211,88.4800033569336,74.5999984741211
2023-10-12,16.690000534057617,20.6299991607666,90.4000015258789,77.0
2023-10-13,19.31999969482422,22.75,101.27999877929688,90.55000305175781
2023-10-16,17.209999084472656,21.389999389648438,91.63999938964844,77.6500015258789
2023-10-17,17.8799991607666,21.959999084472656,94.19999694824219,80.55000305175781
2023-10-18,19.219999313354492,23.440000534057617,100.23999786376953,88.6500015258789
2023-10-19,21.399999618530273,24.739999771118164,105.19999694824219,95.19999694824219
2023-10-20,21.709999084472656,25.309999465942383,105.83999633789062,96.0999984741211
2023-10-23,20.3700008392334,23.969999313354492,102.19999694824219,91.25
2023-10-24,18.969999313354492,22.34000015258789,97.55999755859375,85.05000305175781
2023-10-25,20.190000534057617,24.34000015258789,103.91999816894531,93.1500015258789
2023-10-26,20.68000030517578,24.850000381469727,104.83999633789062,94.44999694824219
2023-10-27,21.270000457763672,24.440000534057617,108.31999969482422,99.05000305175781
2023-10-30,19.75,23.610000610351562,100.23999786376953,88.05000305175781
2023-10-31,18.139999389648438,22.459999084472656,93.80000305175781,79.9000015258789
2023-11-01,16.8700008392334,20.68000030517578,89.83999633789062,74.4000015258789
2023-11-02,15.65999984741211,19.540000915527344,86.76000213623047,70.5999984741211
2023-11-03,14.90999984741211,18.6200008392334,84.72000122070312,68.19999694824219
2023-11-06,14.890000343322754,18.649999618530273,81.91999816894531,64.80000305175781
2023-11-07,14.8100004196167,18.450000762939453,81.5199966430664,64.25
2023-11-08,14.449999809265137,18.15999984741211,80.0,62.349998474121094
2023-11-09,15.289999961853027,19.010000228881836,83.08000183105469,66.1500015258789
2023-11-10,14.170000076293945,17.950000762939453,79.72000122070312,61.95000076293945
2023-11-13,14.760000228881836,18.81999969482422,78.83999633789062,61.0
2023-11-14,14.15999984741211,17.889999389648438,78.23999786376953,60.29999923706055
2023-11-15,14.180000305175781,18.09000015258789,76.5999984741211,58.25
2023-11-16,14.319999694824219,17.829999923706055,75.4000015258789,57.0
2023-11-17,13.800000190734863,17.40999984741211,74.23999786376953,55.75
2023-11-20,13.40999984741211,17.139999389648438,73.68000030517578,55.0
2023-11-21,13.350000381469727,17.549999237060547,72.23999786376953,53.349998474121094
2023-11-22,12.850000381469727,16.65999984741211,72.80000305175781,54.0
2023-11-23,12.800000190734863,,,
2023-11-24,12.460000038146973,16.1200008392334,69.68000030517578,50.45000076293945
2023-11-27,12.6899995803833,16.440000534057617,70.16000366210938,51.0
2023-11-28,12.6899995803833,16.149999618530273,69.23999786376953,50.0
2023-11-29,12.979999542236328,16.520000457763672,70.23999786376953,51.150001525878906
2023-11-30,12.920000076293945,16.719999313354492,69.16000366210938,50.0
2023-12-01,12.630000114440918,16.209999084472656,68.91999816894531,49.54999923706055
2023-12-04,13.079999923706055,17.209999084472656,69.12000274658203,49.900001525878906
2023-12-05,12.850000381469727,16.989999771118164,68.63999938964844,49.25
2023-12-06,12.970000267028809,17.030000686645508,68.95999908447266,49.650001525878906
2023-12-07,13.0600004196167,17.079999923706055,69.0,49.70000076293945
2023-12-08,12.350000381469727,15.9399995803833,67.0,47.54999923706055
2023-12-11,12.630000114440918,16.270000457763672,65.4800033569336,45.79999923706055
2023-12-12,12.069999694824219,15.380000114440918,63.599998474121094,43.95000076293945
2023-12-13,12.1899995803833,15.350000381469727,62.84000015258789,43.099998474121094
2023-12-14,12.479999542236328,15.420000076293945,62.47999954223633,42.849998474121094
2023-12-15,12.279999732971191,15.470000267028809,64.55999755859375,44.900001525878906
2023-12-18,12.5600004196167,15.869999885559082,64.72000122070312,45.04999923706055
2023-12-19,12.529999732971191,15.800000190734863,65.68000030517578,46.099998474121094
2023-12-20,13.670000076293945,16.979999542236328,69.68000030517578,50.150001525878906
2023-12-21,13.649999618530273,17.18000030517578,68.23999786376953,48.599998474121094
2023-12-22,13.029999732971191,16.6200008392334,66.44000244140625,46.75
2023-12-26,12.989999771118164,17.0,64.87999725341797,44.900001525878906
2023-12-27,12.430000305175781,16.219999313354492,62.08000183105469,42.20000076293945
2023-12-28,12.470000267028809,16.360000610351562,61.91999816894531,42.04999923706055
2023-12-29,12.449999809265137,16.200000762939453,62.08000183105469,42.20000076293945
2024-01-02,13.199999809265137,17.59000015258789,62.08000183105469,42.150001525878906
2024-01-03,14.039999961853027,18.020000457763672,64.4000015258789,44.349998474121094
2024-01-04,14.130000114440918,17.889999389648438,64.31999969482422,44.25
2024-01-05,13.350000381469727,17.1299991607666,62.20000076293945,42.099998474121094
2024-01-08,13.079999923706055,16.860000610351562,60.7599983215332,40.70000076293945
2024-01-09,12.760000228881836,16.549999237060547,59.36000061035156,39.20000076293945
2024-01-10,12.6899995803833,16.600000381469727,58.720001220703125,38.70000076293945
2024-01-11,12.4399995803833,16.399999618530273,58.400001525878906,38.25
2024-01-12,12.699999809265137,16.540000915527344,59.36000061035156,39.25
2024-01-15,13.25,,,
2024-01-16,13.84000015258789,17.8700008392334,61.439998626708984,41.25
2024-01-17,14.789999961853027,18.700000762939453,63.7599983215332,43.45000076293945
2024-01-18,14.130000114440918,17.950000762939453,61.560001373291016,41.25
2024-01-19,13.300000190734863,17.399999618530273,60.0,39.79999923706055
2024-01-22,13.1899995803833,17.200000762939453,58.0,37.900001525878906
2024-01-23,12.550000190734863,16.549999237060547,56.31999969482422,36.150001525878906
2024-01-24,13.140000343322754,16.959999084472656,57.79999923706055,37.599998474121094
2024-01-25,13.449999809265137,17.260000228881836,58.439998626708984,38.25
2024-01-26,13.260000228881836,17.030000686645508,58.119998931884766,37.79999923706055
2024-01-29,13.600000381469727,17.389999389648438,58.36000061035156,38.29999923706055
2024-01-30,13.3100004196167,17.56999969482422,57.599998474121094,37.400001525878906
2024-01-31,14.350000381469727,18.25,60.52000045776367,40.150001525878906
2024-02-01,13.880000114440918,17.329999923706055,60.040000915527344,39.70000076293945
2024-02-02,13.850000381469727,17.219999313354492,59.959999084472656,39.5
2024-02-05,13.670000076293945,17.56999969482422,57.599998474121094,37.29999923706055
2024-02-06,13.0600004196167,17.309999465942383,56.20000076293945,35.900001525878906
2024-02-07,12.829999923706055,16.940000534057617,56.0,35.70000076293945
2024-02-08,12.789999961853027,16.959999084472656,55.68000030517578,35.29999923706055
2024-02-09,12.930000305175781,16.860000610351562,56.08000183105469,35.79999923706055
2024-02-12,13.930000305175781,18.09000015258789,57.279998779296875,36.900001525878906
2024-02-13,15.850000381469727,19.489999771118164,61.31999969482422,40.95000076293945
2024-02-14,14.380000114440918,18.260000228881836,58.279998779296875,37.650001525878906
2024-02-15,14.010000228881836,17.850000381469727,57.68000030517578,37.150001525878906
2024-02-16,14.239999771118164,18.600000381469727,57.599998474121094,37.04999923706055
2024-02-19,14.710000038146973,,,
2024-02-20,15.420000076293945,19.780000686645508,59.47999954223633,38.75
2024-02-21,15.34000015258789,19.600000381469727,58.959999084472656,38.29999923706055
2024-02-22,14.539999961853027,18.389999389648438,57.84000015258789,37.29999923706055
2024-02-23,13.75,17.700000762939453,55.720001220703125,35.20000076293945
2024-02-26,13.739999771118164,17.829999923706055,55.15999984741211,34.54999923706055
2024-02-27,13.430000305175781,17.579999923706055,54.119998931884766,33.70000076293945
2024-02-28,13.84000015258789,17.860000610351562,55.0,34.45000076293945
2024-02-29,13.399999618530273,17.209999084472656,54.2400016784668,33.79999923706055
2024-03-01,13.109999656677246,17.200000762939453,54.400001525878906,33.849998474121094
2024-03-04,13.489999771118164,17.600000381469727,54.279998779296875,33.849998474121094
2024-03-05,14.460000038146973,18.459999084472656,56.52000045776367,35.849998474121094
2024-03-06,14.5,18.540000915527344,56.720001220703125,35.95000076293945
2024-03-07,14.4399995803833,18.610000610351562,56.439998626708984,35.79999923706055
2024-03-08,14.739999771118164,19.040000915527344,57.91999816894531,37.099998474121094
2024-03-11,15.220000267028809,19.3700008392334,57.31999969482422,36.5
2024-03-12,13.84000015258789,18.1299991607666,54.52000045776367,33.849998474121094
2024-03-13,13.75,17.90999984741211,54.2400016784668,33.650001525878906
2024-03-14,14.399999618530273,18.610000610351562,55.63999938964844,34.79999923706055
2024-03-15,14.40999984741211,19.25,56.7599983215332,35.95000076293945
2024-03-18,14.329999923706055,19.399999618530273,55.439998626708984,34.70000076293945
2024-03-19,13.819999694824219,18.780000686645508,53.880001068115234,33.400001525878906
2024-03-20,13.039999961853027,17.549999237060547,52.7599983215332,32.099998474121094
2024-03-21,12.920000076293945,17.3799991607666,52.279998779296875,31.850000381469727
2024-03-22,13.0600004196167,17.040000915527344,52.52000045776367,31.950000762939453
2024-03-25,13.1899995803833,17.229999542236328,52.31999969482422,31.649999618530273
2024-03-26,13.239999771118164,17.100000381469727,52.040000915527344,31.399999618530273
2024-03-27,12.779999732971191,16.610000610351562,51.08000183105469,30.649999618530273
2024-03-28,13.010000228881836,16.65999984741211,51.880001068115234,31.600000381469727
2024-04-01,13.649999618530273,17.559999465942383,52.560001373291016,31.799999237060547
2024-04-02,14.609999656677246,18.18000030517578,53.79999923706055,33.04999923706055
2024-04-03,14.329999923706055,18.040000915527344,53.439998626708984,32.95000076293945
2024-04-04,16.350000381469727,19.950000762939453,55.97999954223633,35.04999923706055
2024-04-05,16.030000686645508,19.229999542236328,57.040000915527344,36.099998474121094
2024-04-08,15.1899995803833,18.770000457763672,54.79999923706055,34.0
2024-04-09,14.979999542236328,18.559999465942383,54.400001525878906,33.599998474121094
2024-04-10,15.800000190734863,18.989999771118164,55.439998626708984,34.45000076293945
2024-04-11,14.90999984741211,18.399999618530273,54.36000061035156,33.58000183105469
2024-04-12,17.309999465942383,20.389999389648438,59.15999984741211,37.849998474121094
2024-04-15,19.229999542236328,22.84000015258789,62.439998626708984,41.099998474121094
2024-04-16,18.399999618530273,22.010000228881836,60.31999969482422,39.189998626708984
2024-04-17,18.209999084472656,22.209999084472656,59.720001220703125,38.4900016784668
2024-04-18,18.0,21.639999389648438,59.880001068115234,38.97999954223633
2024-04-19,18.709999084472656,22.950000762939453,61.84000015258789,40.52000045776367
2024-04-22,16.940000534057617,21.110000610351562,57.08000183105469,35.77000045776367
2024-04-23,15.6899995803833,19.84000015258789,54.84000015258789,33.709999084472656
2024-04-24,15.970000267028809,20.43000030517578,54.279998779296875,33.290000915527344
2024-04-25,15.369999885559082,20.3700008392334,55.52000045776367,34.33000183105469
2024-04-26,15.029999732971191,19.329999923706055,53.720001220703125,32.689998626708984
2024-04-29,14.670000076293945,19.219999313354492,52.79999923706055,31.940000534057617
2024-04-30,15.649999618530273,18.43000030517578,54.439998626708984,33.27000045776367
2024-05-01,15.390000343322754,19.43000030517578,54.7599983215332,33.5
2024-05-02,14.680000305175781,18.729999542236328,52.959999084472656,31.8799991607666
2024-05-03,13.489999771118164,17.399999618530273,51.15999984741211,30.25
2024-05-06,13.489999771118164,17.420000076293945,49.63999938964844,29.09000015258789
2024-05-07,13.229999542236328,16.90999984741211,49.63999938964844,28.850000381469727
2024-05-08,13.0,16.799999237060547,49.119998931884766,28.459999084472656
2024-05-09,12.6899995803833,16.670000076293945,48.91999816894531,28.239999771118164
2024-05-10,12.550000190734863,16.459999084472656,48.2400016784668,27.68000030517578
2024-05-13,13.600000381469727,17.399999618530273,48.7599983215332,28.1299991607666
2024-05-14,13.420000076293945,17.290000915527344,47.959999084472656,27.40999984741211
2024-05-15,12.449999809265137,16.34000015258789,46.08000183105469,25.770000457763672
2024-05-16,12.420000076293945,16.260000228881836,46.040000915527344,25.760000228881836
2024-05-17,11.989999771118164,15.850000381469727,45.439998626708984,25.350000381469727
2024-05-20,12.149999618530273,15.920000076293945,45.52000045776367,25.31999969482422
2024-05-21,11.859999656677246,15.510000228881836,44.7599983215332,24.690000534057617
2024-05-22,12.289999961853027,16.399999618530273,45.720001220703125,25.440000534057617
2024-05-23,12.770000457763672,16.459999084472656,46.36000061035156,26.0
2024-05-24,11.930000305175781,15.65999984741211,45.0,24.979999542236328
2024-05-27,12.359999656677246,,,
2024-05-28,12.920000076293945,16.56999969482422,45.959999084472656,25.610000610351562
2024-05-29,14.279999732971191,17.489999771118164,47.720001220703125,27.049999237060547
2024-05-30,14.470000267028809,17.770000457763672,47.560001373291016,27.040000915527344
2024-05-31,12.920000076293945,16.700000762939453,46.119998931884766,25.799999237060547
2024-06-03,13.109999656677246,16.889999389648438,45.84000015258789,25.559999465942383
2024-06-04,13.15999984741211,16.860000610351562,46.08000183105469,25.65999984741211
2024-06-05,12.630000114440918,16.6299991607666,45.2400016784668,24.959999084472656
2024-06-06,12.579999923706055,16.43000030517578,45.0,24.719999313354492
2024-06-07,12.220000267028809,15.880000114440918,44.52000045776367,24.350000381469727
2024-06-10,12.739999771118164,16.0,44.400001525878906,24.290000915527344
2024-06-11,12.850000381469727,15.829999923706055,44.439998626708984,24.299999237060547
2024-06-12,12.039999961853027,13.59000015258789,43.560001373291016,23.59000015258789
2024-06-13,11.9399995803833,15.100000381469727,43.439998626708984,23.59000015258789
2024-06-14,12.65999984741211,16.049999237060547,44.84000015258789,24.6299991607666
2024-06-17,12.75,16.829999923706055,44.7599983215332,24.40999984741211
2024-06-18,12.300000190734863,16.700000762939453,44.52000045776367,24.270000457763672
2024-06-19,12.479999542236328,,,
2024-06-20,13.279999732971191,17.260000228881836,46.20000076293945,25.450000762939453
2024-06-21,13.199999809265137,16.950000762939453,45.15999984741211,24.690000534057617
2024-06-24,13.329999923706055,17.239999771118164,44.79999923706055,24.579999923706055
2024-06-25,12.84000015258789,16.700000762939453,44.0,23.760000228881836
2024-06-26,12.550000190734863,16.5,43.52000045776367,23.389999389648438
2024-06-27,12.239999771118164,16.290000915527344,43.2400016784668,23.079999923706055
2024-06-28,12.4399995803833,16.239999771118164,43.68000030517578,23.540000915527344
2024-07-01,12.220000267028809,16.079999923706055,41.959999084472656,22.34000015258789
2024-07-02,12.029999732971191,16.06999969482422,41.47999954223633,21.790000915527344
2024-07-03,12.09000015258789,16.280000686645508,41.68000030517578,22.049999237060547
2024-07-04,12.260000228881836,,,
2024-07-05,12.479999542236328,16.760000228881836,41.84000015258789,22.040000915527344
2024-07-08,12.369999885559082,17.030000686645508,41.08000183105469,21.56999969482422
2024-07-09,12.510000228881836,17.020000457763672,41.20000076293945,21.56999969482422
2024-07-10,12.850000381469727,17.280000686645508,41.119998931884766,21.489999771118164
2024-07-11,12.920000076293945,17.920000076293945,41.36000061035156,21.59000015258789
2024-07-12,12.460000038146973,17.260000228881836,40.63999938964844,20.979999542236328
2024-07-15,13.119999885559082,18.350000381469727,41.2400016784668,21.559999465942383
2024-07-16,13.1899995803833,18.350000381469727,41.63999938964844,21.790000915527344
2024-07-17,14.479999542236328,20.459999084472656,43.0,22.8799991607666
2024-07-18,15.930000305175781,21.260000228881836,44.2400016784668,23.899999618530273
2024-07-19,16.520000457763672,21.510000228881836,46.119998931884766,25.40999984741211
2024-07-22,14.90999984741211,19.969999313354492,43.68000030517578,23.479999542236328
2024-07-23,14.720000267028809,20.020000457763672,43.31999969482422,23.139999389648438
2024-07-24,18.040000915527344,23.059999465942383,49.189998626708984,27.829999923706055
2024-07-25,18.459999084472656,24.110000610351562,49.59000015258789,28.1200008392334
2024-07-26,16.389999389648438,22.40999984741211,46.779998779296875,25.850000381469727
2024-07-29,16.600000381469727,22.829999923706055,45.90999984741211,25.290000915527344
2024-07-30,17.690000534057617,23.940000534057617,47.369998931884766,26.3700008392334
2024-07-31,16.360000610351562,22.290000915527344,46.25,25.219999313354492
2024-08-01,18.59000015258789,24.709999084472656,50.5099983215332,28.790000915527344
2024-08-02,23.389999389648438,27.709999084472656,62.68000030517578,39.02000045776367
2024-08-05,38.56999969482422,35.099998474121094,87.26000213623047,61.77000045776367
2024-08-06,27.709999084472656,29.200000762939453,70.47000122070312,44.2400016784668
2024-08-07,27.850000381469727,29.020000457763672,68.95500183105469,42.54999923706055
2024-08-08,23.790000915527344,26.8799991607666,63.470001220703125,37.75
2024-08-09,20.3700008392334,24.940000534057617,55.779998779296875,30.239999771118164
2024-08-12,20.709999084472656,24.93000030517578,54.7599983215332,30.0
2024-08-13,18.1200008392334,23.260000228881836,50.41999816894531,26.649999618530273
2024-08-14,16.190000534057617,21.190000534057617,47.13999938964844,23.860000610351562
2024-08-15,15.229999542236328,20.280000686645508,45.334999084472656,22.420000076293945
2024-08-16,14.800000190734863,19.940000534057617,45.22999954223633,22.440000534057617
2024-08-19,14.649999618530273,19.93000030517578,44.43000030517578,21.700000762939453
2024-08-20,15.880000114440918,21.110000610351562,46.16999816894531,23.110000610351562
2024-08-21,16.270000457763672,21.219999313354492,46.88999938964844,23.5
2024-08-22,17.549999237060547,22.829999923706055,48.8650016784668,25.100000381469727
2024-08-23,15.859999656677246,21.110000610351562,45.939998626708984,22.8700008392334
2024-08-26,16.149999618530273,21.56999969482422,45.900001525878906,22.81999969482422
2024-08-27,15.430000305175781,20.90999984741211,44.9900016784668,22.110000610351562
2024-08-28,17.110000610351562,22.579999923706055,47.58000183105469,23.959999084472656
2024-08-29,15.649999618530273,20.579999923706055,45.8849983215332,22.770000457763672
2024-08-30,15.0,19.290000915527344,44.5,21.829999923706055
2024-09-02,15.550000190734863,,,
2024-09-03,20.719999313354492,23.59000015258789,53.540000915527344,28.299999237060547
2024-09-04,21.31999969482422,24.200000762939453,54.970001220703125,29.290000915527344
2024-09-05,19.899999618530273,23.540000915527344,52.2400016784668,27.239999771118164
2024-09-06,22.3799991607666,25.639999389648438,56.11000061035156,30.360000610351562
2024-09-09,19.450000762939453,23.920000076293945,52.45000076293945,27.309999465942383
2024-09-10,19.079999923706055,23.6200008392334,51.52000045776367,26.670000076293945
2024-09-11,17.690000534057617,22.15999984741211,49.33000183105469,24.90999984741211
2024-09-12,17.06999969482422,21.729999542236328,48.939998626708984,24.59000015258789
2024-09-13,16.559999465942383,21.280000686645508,48.790000915527344,24.450000762939453
2024-09-16,17.139999389648438,22.510000228881836,49.2400016784668,24.829999923706055
2024-09-17,17.610000610351562,22.690000534057617,50.29999923706055,25.579999923706055
2024-09-18,18.229999542236328,22.709999084472656,49.880001068115234,25.270000457763672
2024-09-19,16.329999923706055,21.09000015258789,47.720001220703125,23.65999984741211
2024-09-20,16.149999618530273,20.350000381469727,47.43000030517578,23.520000457763672
2024-09-23,15.890000343322754,19.540000915527344,47.72999954223633,23.6200008392334
2024-09-24,15.390000343322754,19.25,47.7599983215332,23.639999389648438
2024-09-25,15.40999984741211,19.06999969482422,48.40999984741211,24.09000015258789
2024-09-26,15.369999885559082,19.290000915527344,48.47999954223633,24.110000610351562
2024-09-27,16.959999084472656,20.040000915527344,50.72999954223633,25.799999237060547
2024-09-30,16.729999542236328,20.190000534057617,49.599998474121094,24.93000030517578
2024-10-01,19.260000228881836,21.670000076293945,53.43000030517578,27.799999237060547
2024-10-02,18.899999618530273,21.350000381469727,52.709999084472656,27.260000228881836
2024-10-03,20.489999771118164,22.479999542236328,55.09000015258789,29.079999923706055
2024-10-04,19.209999084472656,21.639999389648438,53.0,27.459999084472656
2024-10-07,22.639999389648438,24.34000015258789,57.720001220703125,31.040000915527344
2024-10-08,21.420000076293945,23.6200008392334,55.38999938964844,29.25
2024-10-09,20.860000610351562,23.420000076293945,54.029998779296875,28.1200008392334
2024-10-10,20.93000030517578,23.600000381469727,54.709999084472656,28.6200008392334
2024-10-11,20.459999084472656,23.290000915527344,54.06999969482422,28.190000534057617
2024-10-14,19.700000762939453,23.31999969482422,52.150001525878906,26.690000534057617
2024-10-15,20.639999389648438,24.540000915527344,53.849998474121094,28.0
2024-10-16,19.579999923706055,23.639999389648438,53.33000183105469,27.520000457763672
2024-10-17,19.110000610351562,22.850000381469727,52.45000076293945,26.920000076293945
2024-10-18,18.030000686645508,21.760000228881836,51.209999084472656,25.969999313354492
2024-10-21,18.3700008392334,21.959999084472656,51.349998474121094,26.020000457763672
2024-10-22,18.200000762939453,22.030000686645508,51.150001525878906,25.8700008392334
2024-10-23,19.239999771118164,22.920000076293945,53.720001220703125,27.81999969482422
2024-10-24,19.079999923706055,22.469999313354492,52.810001373291016,27.110000610351562
2024-10-25,20.329999923706055,23.239999771118164,55.290000915527344,29.059999465942383
2024-10-28,19.799999237060547,22.93000030517578,52.709999084472656,26.979999542236328
2024-10-29,19.34000015258789,22.440000534057617,52.47999954223633,26.81999969482422
2024-10-30,20.350000381469727,23.09000015258789,53.7599983215332,27.729999542236328
2024-10-31,23.15999984741211,24.860000610351562,57.869998931884766,30.940000534057617
2024-11-01,21.8799991607666,23.739999771118164,56.849998474121094,30.1299991607666
2024-11-04,21.979999542236328,23.8799991607666,54.470001220703125,28.190000534057617
2024-11-05,20.489999771118164,22.5,51.54999923706055,25.989999771118164
2024-11-06,16.270000457763672,18.860000610351562,46.7400016784668,22.110000610351562
2024-11-07,15.199999809265137,18.350000381469727,45.09000015258789,21.1299991607666
2024-11-08,14.9399995803833,17.8799991607666,44.77000045776367,20.940000534057617
2024-11-11,14.970000267028809,18.3700008392334,44.650001525878906,20.850000381469727
2024-11-12,14.710000038146973,18.1200008392334,44.52000045776367,20.729999542236328
2024-11-13,14.020000457763672,17.5,43.53499984741211,20.020000457763672
2024-11-14,14.3100004196167,17.700000762939453,43.47999954223633,19.989999771118164
2024-11-15,16.139999389648438,19.829999923706055,46.59000015258789,22.100000381469727
2024-11-18,15.579999923706055,19.770000457763672,44.88999938964844,20.8799991607666
2024-11-19,16.350000381469727,19.989999771118164,46.380001068115234,21.969999313354492
2024-11-20,17.15999984741211,20.850000381469727,48.029998779296875,23.06999969482422
2024-11-21,16.8700008392334,20.209999084472656,47.650001525878906,22.770000457763672
2024-11-22,15.239999771118164,18.56999969482422,45.7599983215332,21.479999542236328
2024-11-25,14.600000381469727,17.59000015258789,43.880001068115234,20.309999465942383
2024-11-26,14.100000381469727,16.799999237060547,43.61000061035156,19.979999542236328
2024-11-27,14.100000381469727,16.68000030517578,43.45000076293945,19.850000381469727
2024-11-28,13.899999618530273,,,
2024-11-29,13.510000228881836,16.06999969482422,42.584999084472656,19.299999237060547
2024-12-02,13.34000015258789,16.1200008392334,42.29999923706055,19.06999969482422
2024-12-03,13.300000190734863,15.760000228881836,42.06999969482422,18.829999923706055
2024-12-04,13.449999809265137,15.6899995803833,42.33000183105469,19.049999237060547
2024-12-05,13.539999961853027,15.6899995803833,42.41999816894531,19.15999984741211
2024-12-06,12.770000457763672,15.149999618530273,41.7599983215332,18.649999618530273
2024-12-09,14.1899995803833,16.549999237060547,42.88999938964844,19.260000228881836
2024-12-10,14.180000305175781,16.540000915527344,42.459999084472656,19.25
2024-12-11,13.579999923706055,15.880000114440918,42.130001068115234,18.8700008392334
2024-12-12,13.920000076293945,16.360000610351562,42.470001220703125,19.079999923706055
2024-12-13,13.8100004196167,16.610000610351562,42.5,19.079999923706055
2024-12-16,14.6899995803833,18.440000534057617,43.220001220703125,19.68000030517578
2024-12-17,15.869999885559082,19.440000534057617,44.290000915527344,20.309999465942383
2024-12-18,27.6200008392334,27.6299991607666,51.720001220703125,25.239999771118164
2024-12-19,24.09000015258789,26.329999923706055,56.13999938964844,28.770000457763672
2024-12-20,18.360000610351562,21.489999771118164,48.08000183105469,22.420000076293945
2024-12-23,16.780000686645508,19.030000686645508,44.380001068115234,20.209999084472656
2024-12-24,14.270000457763672,17.030000686645508,42.279998779296875,18.579999923706055
2024-12-26,14.729999542236328,17.530000686645508,42.54999923706055,18.59000015258789
2024-12-27,15.949999809265137,18.540000915527344,44.43000030517578,19.920000076293945
2024-12-30,17.399999618530273,19.790000915527344,45.529998779296875,20.530000686645508
2024-12-31,17.350000381469727,19.920000076293945,45.79999923706055,20.719999313354492
2025-01-02,17.93000030517578,20.5,46.84000015258789,21.399999618530273
2025-01-03,16.1299991607666,19.1200008392334,44.099998474121094,19.59000015258789
2025-01-06,16.040000915527344,19.0,43.900001525878906,19.510000228881836
2025-01-07,17.81999969482422,20.729999542236328,46.40999984741211,21.239999771118164
2025-01-08,17.700000762939453,20.690000534057617,46.34000015258789,21.030000686645508
2025-01-09,18.06999969482422,,,
2025-01-10,19.540000915527344,21.729999542236328,49.45000076293945,23.100000381469727
2025-01-13,19.190000534057617,21.799999237060547,48.52000045776367,22.459999084472656
2025-01-14,18.709999084472656,21.450000762939453,47.41999816894531,21.799999237060547
2025-01-15,16.1200008392334,19.290000915527344,43.54999923706055,19.149999618530273
2025-01-16,16.600000381469727,19.610000610351562,43.619998931884766,19.06999969482422
2025-01-17,15.970000267028809,18.959999084472656,43.959999084472656,19.309999465942383
2025-01-20,15.8100004196167,,,
2025-01-21,15.0600004196167,18.639999389648438,42.11000061035156,18.149999618530273
2025-01-22,15.100000381469727,18.68000030517578,42.75,18.520000457763672
2025-01-23,15.020000457763672,18.3799991607666,41.93000030517578,18.030000686645508
2025-01-24,14.850000381469727,18.219999313354492,41.7400016784668,17.81999969482422
2025-01-27,17.899999618530273,21.610000610351562,44.4900016784668,19.709999084472656
2025-01-28,16.40999984741211,20.309999465942383,43.02000045776367,18.610000610351562
2025-01-29,16.559999465942383,20.600000381469727,42.90999984741211,18.520000457763672
2025-01-30,15.84000015258789,19.799999237060547,42.68000030517578,18.399999618530273
2025-01-31,16.43000030517578,20.110000610351562,44.119998931884766,19.3700008392334
2025-02-03,18.6200008392334,21.280000686645508,45.06999969482422,19.940000534057617
2025-02-04,17.209999084472656,20.030000686645508,43.689998626708984,19.100000381469727
2025-02-05,15.770000457763672,19.18000030517578,42.79999923706055,18.459999084472656
2025-02-06,15.5,18.579999923706055,42.529998779296875,18.270000457763672
2025-02-07,16.540000915527344,19.18000030517578,43.959999084472656,19.190000534057617
2025-02-10,15.8100004196167,18.84000015258789,42.849998474121094,18.489999771118164
2025-02-11,16.020000457763672,18.770000457763672,42.900001525878906,18.56999969482422
2025-02-12,15.890000343322754,18.690000534057617,42.869998931884766,18.450000762939453
2025-02-13,15.100000381469727,18.40999984741211,42.060001373291016,17.989999771118164
2025-02-14,14.770000457763672,18.030000686645508,42.0,17.8700008392334
2025-02-17,15.369999885559082,,,
2025-02-18,15.350000381469727,19.229999542236328,41.79999923706055,17.739999771118164
2025-02-19,15.270000457763672,19.0,41.27000045776367,17.459999084472656
2025-02-20,15.65999984741211,18.899999618530273,41.4900016784668,17.549999237060547
2025-02-21,18.209999084472656,20.959999084472656,44.33000183105469,19.399999618530273
2025-02-24,18.979999542236328,21.459999084472656,44.70000076293945,19.56999969482422
2025-02-25,19.43000030517578,21.979999542236328,45.13999938964844,19.739999771118164
2025-02-26,19.100000381469727,21.940000534057617,44.099998474121094,19.190000534057617
2025-02-27,21.1299991607666,24.09000015258789,46.56999969482422,20.81999969482422
2025-02-28,19.6299991607666,22.65999984741211,45.83000183105469,20.110000610351562
2025-03-03,22.780000686645508,24.959999084472656,49.290000915527344,22.780000686645508
2025-03-04,23.510000228881836,25.219999313354492,50.59000015258789,23.56999969482422
2025-03-05,21.93000030517578,24.260000228881836,48.45000076293945,22.0
2025-03-06,24.8700008392334,26.229999542236328,53.72999954223633,25.5
2025-03-07,23.3700008392334,25.549999237060547,51.22999954223633,23.860000610351562
2025-03-10,27.860000610351562,28.84000015258789,56.47999954223633,27.75
2025-03-11,26.920000076293945,28.700000762939453,56.939998626708984,27.610000610351562
2025-03-12,24.229999542236328,26.81999969482422,53.970001220703125,25.6299991607666
2025-03-13,24.65999984741211,27.579999923706055,56.279998779296875,27.1299991607666
2025-03-14,21.770000457763672,25.790000915527344,51.529998779296875,23.790000915527344
2025-03-17,20.510000228881836,25.040000915527344,49.5099983215332,22.3799991607666
2025-03-18,21.700000762939453,25.850000381469727,50.79999923706055,23.25
2025-03-19,19.899999618530273,23.6200008392334,49.18000030517578,22.1200008392334
2025-03-20,19.799999237060547,23.3799991607666,48.33000183105469,21.600000381469727
2025-03-21,19.280000686645508,22.920000076293945,48.099998474121094,21.559999465942383
2025-03-24,17.479999542236328,21.270000457763672,45.45000076293945,19.389999389648438
2025-03-25,17.149999618530273,20.56999969482422,45.79999923706055,19.670000076293945
2025-03-26,18.329999923706055,22.040000915527344,46.939998626708984,20.56999969482422
2025-03-27,18.690000534057617,22.40999984741211,47.18000030517578,20.81999969482422
2025-03-28,21.649999618530273,25.059999465942383,51.41999816894531,23.3700008392334
2025-03-31,22.280000686645508,25.3700008392334,51.470001220703125,23.43000030517578
2025-04-01,21.770000457763672,24.799999237060547,51.47999954223633,23.5
2025-04-02,21.510000228881836,23.649999618530273,50.09000015258789,22.549999237060547
2025-04-03,30.020000457763672,30.56999969482422,62.4900016784668,30.8799991607666
2025-04-04,45.310001373291016,37.650001525878906,74.8499984741211,39.790000915527344
2025-04-07,46.97999954223633,38.63999938964844,74.3499984741211,39.75
2025-04-08,52.33000183105469,39.560001373291016,85.41999816894531,47.689998626708984
2025-04-09,33.619998931884766,34.79999923706055,67.79000091552734,32.61000061035156
2025-04-10,40.720001220703125,43.25,79.19999694824219,41.79999923706055
2025-04-11,37.560001373291016,39.95000076293945,77.12000274658203,40.459999084472656
2025-04-14,30.889999389648438,34.33000183105469,68.02999877929688,33.33000183105469
2025-04-15,30.1200008392334,32.709999084472656,68.31999969482422,33.0099983215332
2025-04-16,32.63999938964844,35.380001068115234,73.36000061035156,36.970001220703125
2025-04-17,29.649999618530273,32.83000183105469,71.33999633789062,35.459999084472656
2025-04-21,33.81999969482422,36.869998931884766,76.5199966430664,38.75
2025-04-22,30.56999969482422,33.97999954223633,70.94000244140625,35.220001220703125
2025-04-23,28.450000762939453,31.829999923706055,68.37999725341797,32.939998626708984
2025-04-24,26.469999313354492,29.959999084472656,65.86000061035156,31.219999313354492
2025-04-25,24.84000015258789,28.3700008392334,63.34000015258789,29.489999771118164
2025-04-28,25.149999618530273,28.540000915527344,63.68000030517578,29.68000030517578
2025-04-29,24.170000076293945,27.600000381469727,63.02000045776367,29.149999618530273
2025-04-30,24.700000762939453,27.799999237060547,64.63999938964844,30.260000228881836
2025-05-01,24.600000381469727,27.690000534057617,63.41999816894531,29.540000915527344
2025-05-02,22.68000030517578,25.729999542236328,61.0099983215332,27.709999084472656
2025-05-05,23.639999389648438,26.540000915527344,62.130001068115234,28.479999542236328
2025-05-06,24.760000228881836,27.110000610351562,64.55000305175781,30.139999389648438
2025-05-07,23.549999237060547,26.489999771118164,62.83000183105469,28.950000762939453
2025-05-08,22.479999542236328,25.969999313354492,60.439998626708984,27.34000015258789
2025-05-09,21.899999618530273,25.5,59.95000076293945,26.989999771118164
2025-05-12,18.389999389648438,22.280000686645508,52.16999816894531,21.709999084472656
2025-05-13,18.219999313354492,22.280000686645508,51.81999969482422,21.5
2025-05-14,18.6200008392334,22.65999984741211,52.939998626708984,22.139999389648438
2025-05-15,17.829999923706055,21.889999389648438,52.06999969482422,21.6299991607666
2025-05-16,17.239999771118164,21.200000762939453,51.83000183105469,21.510000228881836
2025-05-19,18.139999389648438,21.950000762939453,52.470001220703125,21.829999923706055
2025-05-20,18.09000015258789,22.06999969482422,52.09000015258789,21.540000915527344
2025-05-21,20.8700008392334,24.200000762939453,55.65999984741211,23.790000915527344
2025-05-22,20.280000686645508,23.6299991607666,55.099998474121094,23.469999313354492
2025-05-23,22.290000915527344,25.290000915527344,58.790000915527344,25.850000381469727
2025-05-26,20.56999969482422,,,
2025-05-27,18.959999084472656,22.31999969482422,52.880001068115234,21.950000762939453
2025-05-28,19.309999465942383,22.760000228881836,53.4900016784668,22.360000610351562
2025-05-29,19.18000030517578,21.799999237060547,53.54999923706055,22.329999923706055
2025-05-30,18.56999969482422,20.8700008392334,53.83000183105469,22.59000015258789
2025-06-02,18.360000610351562,19.43000030517578,53.279998779296875,22.1299991607666
2025-06-03,17.690000534057617,18.739999771118164,52.11000061035156,21.469999313354492
2025-06-04,17.610000610351562,19.010000228881836,52.02000045776367,21.34000015258789
2025-06-05,18.479999542236328,21.479999542236328,53.02000045776367,21.989999771118164
2025-06-06,16.770000457763672,19.809999465942383,50.810001373291016,20.649999618530273
2025-06-09,17.15999984741211,20.170000076293945,50.31999969482422,20.309999465942383
2025-06-10,16.950000762939453,19.81999969482422,50.08000183105469,20.190000534057617
2025-06-11,17.260000228881836,20.3799991607666,50.5099983215332,20.399999618530273
2025-06-12,18.020000457763672,20.690000534057617,51.15999984741211,20.75
2025-06-13,20.81999969482422,22.40999984741211,55.150001525878906,23.219999313354492
2025-06-16,19.110000610351562,21.09000015258789,51.290000915527344,20.790000915527344
2025-06-17,21.600000381469727,23.309999465942383,54.220001220703125,22.530000686645508
2025-06-18,20.139999389648438,22.139999389648438,52.900001525878906,21.68000030517578
2025-06-19,22.170000076293945,,,
2025-06-20,20.6200008392334,22.229999542236328,53.459999084472656,22.100000381469727
2025-06-23,19.829999923706055,21.149999618530273,52.790000915527344,21.600000381469727
2025-06-24,17.479999542236328,19.459999084472656,49.150001525878906,19.459999084472656
2025-06-25,16.760000228881836,19.0,48.52000045776367,19.079999923706055
2025-06-26,16.59000015258789,18.989999771118164,48.40999984741211,18.8700008392334
2025-06-27,16.31999969482422,18.889999389648438,48.27000045776367,18.90999984741211
2025-06-30,16.729999542236328,19.559999465942383,48.04999923706055,18.75
2025-07-01,16.829999923706055,19.8799991607666,48.040000915527344,18.719999313354492
2025-07-02,16.639999389648438,19.739999771118164,47.90999984741211,18.649999618530273
2025-07-03,16.3799991607666,19.469999313354492,47.56999969482422,18.450000762939453
2025-07-04,17.479999542236328,,,
2025-07-07,17.790000915527344,20.68000030517578,48.13999938964844,18.670000076293945
2025-07-08,16.809999465942383,19.530000686645508,46.849998474121094,18.040000915527344
2025-07-09,15.9399995803833,18.709999084472656,45.2599983215332,17.139999389648438
2025-07-10,15.779999732971191,18.760000228881836,44.95000076293945,16.899999618530273
2025-07-11,16.399999618530273,19.040000915527344,45.20000076293945,17.030000686645508
2025-07-14,17.200000762939453,19.780000686645508,45.869998931884766,17.420000076293945
2025-07-15,17.3799991607666,19.739999771118164,45.61000061035156,17.260000228881836
2025-07-16,17.15999984741211,19.540000915527344,45.90999984741211,17.440000534057617
2025-07-17,16.520000457763672,18.670000076293945,45.849998474121094,17.3700008392334
2025-07-18,16.40999984741211,18.610000610351562,45.0099983215332,16.979999542236328
2025-07-21,16.649999618530273,18.709999084472656,44.86000061035156,16.790000915527344
2025-07-22,16.5,18.950000762939453,44.650001525878906,16.719999313354492
2025-07-23,15.369999885559082,17.940000534057617,42.810001373291016,15.710000038146973
2025-07-24,15.390000343322754,17.719999313354492,42.68000030517578,15.619999885559082
2025-07-25,14.930000305175781,17.15999984741211,42.33000183105469,15.430000305175781
2025-07-28,15.029999732971191,17.270000457763672,41.150001525878906,14.789999961853027
2025-07-29,15.979999542236328,18.209999084472656,42.099998474121094,15.300000190734863
2025-07-30,15.479999542236328,17.31999969482422,42.38999938964844,15.420000076293945
2025-07-31,16.719999313354492,19.229999542236328,42.459999084472656,15.4399995803833
2025-08-01,20.3799991607666,21.540000915527344,45.90999984741211,17.389999389648438
2025-08-04,17.520000457763672,19.239999771118164,42.91999816894531,15.600000381469727
2025-08-05,17.850000381469727,19.8700008392334,43.25,15.859999656677246
2025-08-06,16.770000457763672,18.770000457763672,41.93000030517578,15.079999923706055
2025-08-07,16.56999969482422,18.81999969482422,42.209999084472656,15.239999771118164
2025-08-08,15.149999618530273,17.290000915527344,40.810001373291016,14.489999771118164
2025-08-11,16.25,18.170000076293945,41.0,14.5600004196167
2025-08-12,14.729999542236328,16.84000015258789,39.29999923706055,13.65999984741211
2025-08-13,14.489999771118164,16.729999542236328,39.02000045776367,13.5
2025-08-14,14.829999923706055,17.079999923706055,39.18000030517578,13.59000015258789
2025-08-15,15.09000015258789,17.5,39.040000915527344,13.520000457763672
2025-08-18,14.989999771118164,17.75,38.099998474121094,13.020000457763672
2025-08-19,15.569999694824219,19.389999389648438,38.81999969482422,13.390000343322754
2025-08-20,15.6899995803833,20.0,38.66999816894531,13.34000015258789
2025-08-21,16.600000381469727,20.549999237060547,39.27000045776367,13.609999656677246
2025-08-22,14.220000267028809,18.059999465942383,35.97999954223633,11.90999984741211
2025-08-25,14.789999961853027,18.420000076293945,36.13999938964844,11.989999771118164
2025-08-26,14.619999885559082,18.190000534057617,35.86000061035156,11.850000381469727
2025-08-27,14.850000381469727,18.690000534057617,36.0099983215332,11.899999618530273
2025-08-28,14.430000305175781,17.6200008392334,35.45000076293945,11.6899995803833
2025-08-29,15.359999656677246,19.110000610351562,36.27000045776367,12.0600004196167
2025-09-01,16.1200008392334,,,
2025-09-02,17.170000076293945,20.360000610351562,37.38999938964844,12.609999656677246
2025-09-03,16.350000381469727,19.690000534057617,36.459999084472656,12.130000114440918
2025-09-04,15.300000190734863,18.790000915527344,35.380001068115234,11.600000381469727
2025-09-05,15.180000305175781,18.440000534057617,35.470001220703125,11.640000343322754
2025-09-08,15.109999656677246,18.350000381469727,34.810001373291016,11.319999694824219
2025-09-09,15.039999961853027,18.219999313354492,34.63999938964844,11.239999771118164
2025-09-10,15.350000381469727,18.6200008392334,34.439998626708984,11.109999656677246
2025-09-11,14.710000038146973,18.229999542236328,33.68000030517578,10.739999771118164
2025-09-12,14.760000228881836,18.18000030517578,33.68000030517578,10.710000038146973
2025-09-15,15.6899995803833,19.1200008392334,33.90999984741211,10.880000114440918
2025-09-16,16.360000610351562,19.56999969482422,34.529998779296875,11.149999618530273
2025-09-17,15.720000267028809,19.020000457763672,33.31999969482422,10.550000190734863
2025-09-18,15.699999809265137,18.860000610351562,33.16999816894531,10.539999961853027
2025-09-19,15.449999809265137,18.739999771118164,33.18000030517578,10.510000228881836
2025-09-22,16.100000381469727,19.420000076293945,33.79999923706055,10.789999961853027
2025-09-23,16.639999389648438,20.1299991607666,34.20000076293945,10.960000038146973
2025-09-24,16.18000030517578,19.93000030517578,33.86000061035156,10.770000457763672
2025-09-25,16.739999771118164,20.540000915527344,34.29999923706055,11.010000228881836
2025-09-26,15.289999961853027,19.329999923706055,32.84000015258789,10.34000015258789
